data_hora,metodo,caminho,risco,threshold,decisao,status_http
2026-09-16T15:01:37.778426+00:00,GET,/favicon.ico,0.002995806901833758,0.44,LIBERADA,200
2026-09-16T15:27:04.800744+00:00,GET,/favicon.ico,0.002995806901833758,0.44,LIBERADA,200
2026-09-16T15:28:40.840462+00:00,GET,/favicon.ico,0.002995806901833758,0.44,LIBERADA,200
2026-09-16T15:28:43.768924+00:00,GET,/favicon.ico,0.0030527582216806014,0.44,LIBERADA,200
2026-09-16T15:32:17.625556+00:00,GET,/favicon.ico,0.002995806901833758,0.44,LIBERADA,200
2026-09-16T15:33:00.455828+00:00,GET,/favicon.ico,0.002995806901833758,0.44,LIBERADA,200
2026-09-16T15:33:24.890376+00:00,GET,/favicon.ico,0.0030527582216806014,0.44,LIBERADA,200
2026-09-16T15:40:18.894752+00:00,GET,/favicon.ico,0.002995806901833758,0.44,LIBERADA,200
2026-09-16T15:48:48.087703+00:00,GET,/favicon.ico,0.002995806901833758,0.44,LIBERADA,200
2026-09-16T15:48:51.379406+00:00,GET,/favicon.ico,0.0030527582216806014,0.44,LIBERADA,200
2026-09-16T15:48:51.764472+00:00,GET,/favicon.ico,0.0031113778454189707,0.44,LIBERADA,200
2026-09-16T15:48:52.457587+00:00,GET,/favicon.ico,0.0031717242270211696,0.44,LIBERADA,200
2026-09-16T15:48:53.255148+00:00,GET,/favicon.ico,0.0032338581398821445,0.44,LIBERADA,200
2026-09-16T15:48:54.207407+00:00,GET,/favicon.ico,0.003297842777179281,0.44,LIBERADA,200
2026-09-16T15:48:55.303362+00:00,GET,/favicon.ico,0.0033637438568276516,0.44,LIBERADA,200
2026-09-16T15:48:56.891767+00:00,GET,/favicon.ico,0.0034316297312468043,0.44,LIBERADA,200
2026-09-16T15:48:57.624222+00:00,GET,/favicon.ico,0.0035015715021655194,0.44,LIBERADA,200
2026-09-16T15:55:56.622432+00:00,GET,/favicon.ico,0.002995806901833758,0.44,LIBERADA,200
2026-09-16T15:55:59.524212+00:00,GET,/favicon.ico,0.0030527582216806014,0.44,LIBERADA,200
2026-09-16T15:56:17.084378+00:00,GET,/favicon.ico,0.0031113778454189707,0.44,LIBERADA,200
2026-09-16T15:58:12.818831+00:00,GET,/favicon.ico,0.002995806901833758,0.44,LIBERADA,200
2026-09-16T16:01:13.480762+00:00,GET,/favicon.ico,0.002995806901833758,0.44,LIBERADA,200
2026-09-16T16:02:46.362976+00:00,GET,/,0.002995806901833758,0.44,LIBERADA,200
2026-09-16T16:03:10.848331+00:00,GET,/tienda1/imagenes/cmenbul.gif,0.002995806901833758,0.44,LIBERADA,200
2026-09-16T16:03:10.899070+00:00,GET,/tienda1/index.jsp,0.0030527582216806014,0.44,LIBERADA,200
2026-09-16T16:03:10.947638+00:00,POST,/tienda1/miembros/editar.jsp,0.00300900634165317,0.44,LIBERADA,200
2026-09-16T16:03:10.997226+00:00,GET,/tienda1/publico/vaciar.jsp,0.0037501715176609203,0.44,LIBERADA,200
2026-09-16T16:03:11.046283+00:00,GET,/tienda1/publico/productos.jsp,0.0032338581398821445,0.44,LIBERADA,200
2026-09-16T16:03:11.096114+00:00,POST,/tienda1/publico/vaciar.jsp,0.007608942449950987,0.44,LIBERADA,200
2026-09-16T16:03:11.145438+00:00,GET,/tienda1/publico/caracteristicas.jsp,0.004000455164679532,0.44,LIBERADA,200
2026-09-16T16:03:11.196685+00:00,GET,/tienda1/publico/pagar.jsp,0.989536031258749,0.44,BLOQUEADA,403
2026-09-16T16:03:11.245777+00:00,GET,/tienda1/miembros/editar.jsp,0.9990099422127632,0.44,BLOQUEADA,403
2026-09-16T16:03:11.307092+00:00,POST,/tienda1/publico/vaciar.jsp,0.008519957216299459,0.44,LIBERADA,200
2026-09-16T16:03:11.357876+00:00,GET,/tienda1/publico/registro.jsp,0.18747059241944253,0.44,LIBERADA,200
2026-09-16T16:03:11.409980+00:00,GET,/tienda1/miembros/fotos.jsp,0.0037244870114284865,0.44,LIBERADA,200
2026-09-16T16:03:11.459336+00:00,GET,/tienda1/publico/anadir.jsp,0.013985101620875727,0.44,LIBERADA,200
2026-09-16T16:03:11.509383+00:00,GET,/tienda1/publico/vaciar.jsp,0.004651162219540021,0.44,LIBERADA,200
2026-09-16T16:03:11.558543+00:00,POST,/tienda1/publico/autenticar.jsp,0.008321449240142657,0.44,LIBERADA,200
2026-09-16T16:03:11.609081+00:00,GET,/tienda1/publico/autenticar.jsp,0.011832835755075797,0.44,LIBERADA,200
2026-09-16T16:03:11.658724+00:00,POST,/tienda1/miembros/editar.jsp,0.0040266853435355085,0.44,LIBERADA,200
2026-09-16T16:03:11.709011+00:00,POST,/tienda1/publico/pagar.jsp,0.9907299618600126,0.44,BLOQUEADA,403
2026-09-16T16:03:11.755416+00:00,POST,/tienda1/publico/entrar.jsp,0.009882732358525628,0.44,LIBERADA,200
2026-09-16T16:03:11.807332+00:00,GET,/tienda1/miembros/fotos.jsp,0.004430097288473597,0.44,LIBERADA,200
2026-09-16T16:04:05.816363+00:00,GET,/favicon.ico,0.002995806901833758,0.44,LIBERADA,200
2026-09-16T16:04:25.697044+00:00,GET,/favicon.ico,0.0030527582216806014,0.44,LIBERADA,200
2026-09-16T16:04:35.800477+00:00,GET,/favicon.ico,0.0031113778454189707,0.44,LIBERADA,200
2026-09-16T16:04:58.368101+00:00,GET,/favicon.ico,0.0031717242270211696,0.44,LIBERADA,200
2026-09-16T16:05:24.596024+00:00,GET,/favicon.ico,0.0031717242270211696,0.44,LIBERADA,200
2026-09-16T16:07:52.158614+00:00,GET,/tienda1/imagenes/cmenbul.gif,0.002995806901833758,0.44,LIBERADA,200
2026-09-16T16:07:52.212223+00:00,GET,/tienda1/index.jsp,0.0030527582216806014,0.44,LIBERADA,200
2026-09-16T16:07:52.263844+00:00,POST,/tienda1/miembros/editar.jsp,0.00300900634165317,0.44,LIBERADA,200
2026-09-16T16:07:52.315655+00:00,GET,/tienda1/publico/vaciar.jsp,0.0037501715176609203,0.44,LIBERADA,200
2026-09-16T16:07:52.365233+00:00,GET,/tienda1/publico/productos.jsp,0.0032338581398821445,0.44,LIBERADA,200
2026-09-16T16:07:52.416041+00:00,POST,/tienda1/publico/vaciar.jsp,0.007608942449950987,0.44,LIBERADA,200
2026-09-16T16:07:52.465128+00:00,GET,/tienda1/publico/caracteristicas.jsp,0.004000455164679532,0.44,LIBERADA,200
2026-09-16T16:07:52.516801+00:00,GET,/tienda1/publico/pagar.jsp,0.989536031258749,0.44,BLOQUEADA,403
2026-09-16T16:07:52.564188+00:00,GET,/tienda1/miembros/editar.jsp,0.9990099422127632,0.44,BLOQUEADA,403
2026-09-16T16:07:52.615867+00:00,POST,/tienda1/publico/vaciar.jsp,0.008519957216299459,0.44,LIBERADA,200
2026-09-16T16:07:52.664790+00:00,GET,/tienda1/publico/registro.jsp,0.18747059241944253,0.44,LIBERADA,200
2026-09-16T16:07:52.718312+00:00,GET,/tienda1/miembros/fotos.jsp,0.0037244870114284865,0.44,LIBERADA,200
2026-09-16T16:07:52.768387+00:00,GET,/tienda1/publico/anadir.jsp,0.013985101620875727,0.44,LIBERADA,200
2026-09-16T16:07:52.817896+00:00,GET,/tienda1/publico/vaciar.jsp,0.004651162219540021,0.44,LIBERADA,200
2026-09-16T16:07:52.866837+00:00,POST,/tienda1/publico/autenticar.jsp,0.008321449240142657,0.44,LIBERADA,200
2026-09-16T16:07:52.916547+00:00,GET,/tienda1/publico/autenticar.jsp,0.011832835755075797,0.44,LIBERADA,200
2026-09-16T16:07:52.965574+00:00,POST,/tienda1/miembros/editar.jsp,0.0040266853435355085,0.44,LIBERADA,200
2026-09-16T16:07:53.016554+00:00,POST,/tienda1/publico/pagar.jsp,0.9907299618600126,0.44,BLOQUEADA,403
2026-09-16T16:07:53.063464+00:00,POST,/tienda1/publico/entrar.jsp,0.009882732358525628,0.44,LIBERADA,200
2026-09-16T16:07:53.114419+00:00,GET,/tienda1/miembros/fotos.jsp,0.004430097288473597,0.44,LIBERADA,200
2026-09-16T16:08:54.059212+00:00,GET,/privacidade-check,0.004219256204185757,0.44,LIBERADA,200
2026-09-16T16:11:25.355979+00:00,GET,/,0.002995806901833758,0.44,LIBERADA,200
2026-09-16T16:12:04.949424+00:00,GET,/favicon.ico,0.0030527582216806014,0.44,LIBERADA,200
2026-09-16T16:15:10.631532+00:00,GET,/favicon.ico,0.002995806901833758,0.44,LIBERADA,200
2026-09-16T16:15:33.335196+00:00,GET,/tienda1/publico/caracteristicas.jsp,0.0035307964448419936,0.44,LIBERADA,200
2026-09-16T16:15:33.386439+00:00,POST,/tienda1/publico/pagar.jsp,0.9858241305506681,0.44,BLOQUEADA,403
2026-09-16T16:15:33.433100+00:00,POST,/tienda1/publico/pagar.jsp,0.9861986575617263,0.44,BLOQUEADA,403
2026-09-16T16:15:33.479730+00:00,GET,/tienda1/publico/autenticar.jsp,0.008490841052118236,0.44,LIBERADA,200
2026-09-16T16:15:33.528368+00:00,GET,/tienda1/publico/autenticar.jsp,0.008693582487593369,0.44,LIBERADA,200
2026-09-16T16:15:33.576609+00:00,GET,/tienda1/publico/vaciar.jsp,0.003908900613957727,0.44,LIBERADA,200
2026-09-16T16:15:33.625364+00:00,GET,/tienda1/publico/registro.jsp,0.09324752692945935,0.44,LIBERADA,200
2026-09-16T16:15:33.676118+00:00,POST,/tienda1/publico/caracteristicas.jsp,0.008660349724506744,0.44,LIBERADA,200
2026-09-16T16:15:33.723561+00:00,GET,/tienda1/miembros/salir.jsp,0.0035015715021655194,0.44,LIBERADA,200
2026-09-16T16:15:33.772328+00:00,GET,/tienda1/publico/registro.jsp,0.10287589309711494,0.44,LIBERADA,200
2026-09-16T16:15:33.822733+00:00,POST,/tienda1/publico/vaciar.jsp,0.008756609816503967,0.44,LIBERADA,200
2026-09-16T16:15:33.870840+00:00,POST,/tienda1/publico/autenticar.jsp,0.00770503260246536,0.44,LIBERADA,200
2026-09-16T16:15:33.919023+00:00,POST,/tienda1/publico/pagar.jsp,0.9890073125151002,0.44,BLOQUEADA,403
2026-09-16T16:15:33.966090+00:00,POST,/tienda1/publico/anadir.jsp,0.0076473414599138,0.44,LIBERADA,200
2026-09-16T16:15:34.014024+00:00,GET,/tienda1/index.jsp,0.003968755515285784,0.44,LIBERADA,200
2026-09-16T16:15:34.062291+00:00,GET,/tienda1/miembros/index.jsp,0.004055337016258585,0.44,LIBERADA,200
2026-09-16T16:15:34.110857+00:00,POST,/tienda1/publico/vaciar.jsp,0.010369294527858439,0.44,LIBERADA,200
2026-09-16T16:15:34.159152+00:00,POST,/tienda1/publico/anadir.jsp,0.00886087152761917,0.44,LIBERADA,200
2026-09-16T16:15:34.207475+00:00,GET,/tienda1/imagenes/3.gif,0.004331929563866735,0.44,LIBERADA,200
2026-09-16T16:15:34.256870+00:00,GET,/tienda1/publico/pagar.jsp,0.9982634935585004,0.44,BLOQUEADA,403
2026-09-16T16:15:34.303817+00:00,GET,/tienda1/imagenes/nuestratierra.jpg,0.00453143836936683,0.44,LIBERADA,200
2026-09-16T16:15:34.352436+00:00,GET,/tienda1/publico/registro.jsp,0.20183792830237648,0.44,LIBERADA,200
2026-09-16T16:15:34.402736+00:00,GET,/tienda1/miembros/imagenes/ogono.jpg,0.0047441258992682225,0.44,LIBERADA,200
2026-09-16T16:15:34.449976+00:00,POST,/tienda1/publico/entrar.jsp,0.011426282394883684,0.44,LIBERADA,200
2026-09-16T16:15:34.500102+00:00,POST,/tienda1/publico/pagar.jsp,0.9919881921119297,0.44,BLOQUEADA,403
2026-09-16T16:15:34.547679+00:00,GET,/tienda1/miembros.old,0.005090127606431494,0.44,LIBERADA,200
2026-09-16T16:15:34.597491+00:00,POST,/tienda1/publico/vaciar.jsp,0.013894704342334096,0.44,LIBERADA,200
2026-09-16T16:15:34.646936+00:00,POST,/tienda1/publico/registro.jsp,0.003906591124942089,0.44,LIBERADA,200
2026-09-16T16:15:34.695405+00:00,GET,/tienda1/publico/entrar.jsp,0.006703192502783675,0.44,LIBERADA,200
2026-09-16T16:15:34.743321+00:00,GET,/tienda1/global/creditos.jsp,0.005607892369005753,0.44,LIBERADA,200
2026-09-16T16:15:34.791102+00:00,POST,/tienda1/publico/autenticar.jsp,0.012771055532589445,0.44,LIBERADA,200
2026-09-16T16:15:34.840055+00:00,GET,/tienda1/publico/anadir.jsp/4861362529278789730.Bak,0.0058938833488282865,0.44,LIBERADA,200
2026-09-16T16:15:34.889390+00:00,GET,/tienda1/publico/anadir.jsp,0.02001723954763163,0.44,LIBERADA,200
2026-09-16T16:15:34.937632+00:00,GET,/tienda1/publico/entrar.jsp,0.00756463594185672,0.44,LIBERADA,200
2026-09-16T16:15:34.985752+00:00,GET,/tienda1/global/titulo.jsp,0.006360900718633968,0.44,LIBERADA,200
2026-09-16T16:15:35.035604+00:00,GET,/tienda1/publico/caracteristicas.jsp,0.008133059006689248,0.44,LIBERADA,200
2026-09-16T16:15:35.087463+00:00,GET,/events4.nsf,0.006700011952479204,0.44,LIBERADA,200
2026-09-16T16:15:35.136204+00:00,GET,/tienda1/global/menum.jsp,0.006878572442833127,0.44,LIBERADA,200
2026-09-16T16:15:35.184263+00:00,GET,/tienda1/publico/productos.jsp,0.007063459174062855,0.44,LIBERADA,200
2026-09-16T16:15:35.232569+00:00,POST,/tienda1/publico/autenticar.jsp,0.016897168565122207,0.44,LIBERADA,200
2026-09-16T16:15:35.280462+00:00,GET,/tienda1/miembros/imagenes/zarauz.jpg,0.007453244358244244,0.44,LIBERADA,200
2026-09-16T16:15:35.328935+00:00,GET,/,0.0076586876857945956,0.44,LIBERADA,200
2026-09-16T16:15:35.377701+00:00,GET,/tienda1/publico/entrar.jsp,0.00968543016403227,0.44,LIBERADA,200
2026-09-16T16:15:35.425802+00:00,POST,/tienda1/publico/caracteristicas.jsp,0.02692206233872962,0.44,LIBERADA,200
2026-09-16T16:15:35.474503+00:00,GET,/tienda1/publico/productos.jsp,0.008320745741705105,0.44,LIBERADA,200
2026-09-16T16:15:35.523524+00:00,POST,/tienda1/publico/anadir.jsp,0.019892868064209566,0.44,LIBERADA,200
2026-09-16T16:15:35.572474+00:00,POST,/tienda1/miembros/editar.jsp,0.007500568267048575,0.44,LIBERADA,200
2026-09-16T16:15:35.621482+00:00,POST,/tienda1/publico/pagar.jsp,0.9941996949564113,0.44,BLOQUEADA,403
2026-09-16T16:15:35.668201+00:00,POST,/tienda1/publico/vaciar.jsp,0.028855689870599183,0.44,LIBERADA,200
2026-09-16T16:15:35.719744+00:00,GET,/tienda1/publico/registro.jsp,0.3595429828517542,0.44,LIBERADA,200
2026-09-16T16:15:35.774205+00:00,GET,/tienda1/publico/autenticar.jsp,0.036927104297208975,0.44,LIBERADA,200
2026-09-16T16:15:35.823524+00:00,POST,/tienda1/publico/entrar.jsp,0.02861264749415609,0.44,LIBERADA,200
2026-09-16T16:15:35.873089+00:00,GET,/_cti_pvt/botinfs.cnf,0.010481864413398047,0.44,LIBERADA,200
2026-09-16T16:15:35.922711+00:00,POST,/tienda1/publico/entrar.jsp,0.03071280960117599,0.44,LIBERADA,200
2026-09-16T16:15:35.971030+00:00,POST,/tienda1/publico/registro.jsp,0.9919810745477398,0.44,BLOQUEADA,403
2026-09-16T16:15:36.017708+00:00,GET,/tienda1/publico/anadir.jsp,0.04408228171273398,0.44,LIBERADA,200
2026-09-16T16:15:36.065835+00:00,GET,/tienda1/miembros/salir.jsp,0.011827182920157957,0.44,LIBERADA,200
2026-09-16T16:15:36.115756+00:00,GET,/tienda1/imagenes/cmenbul.gif,0.012196333342108814,0.44,LIBERADA,200
2026-09-16T16:15:36.165733+00:00,GET,/tienda1/global/estilos.css,0.012579733026960844,0.44,LIBERADA,200
2026-09-16T16:15:36.213777+00:00,GET,/tienda1/miembros/salir.jsp,0.012977985833506818,0.44,LIBERADA,200
2026-09-16T16:15:36.262582+00:00,GET,/tienda1/publico/entrar.jsp,0.01640965070431632,0.44,LIBERADA,200
2026-09-16T16:15:36.311156+00:00,GET,/tienda1/publico/caracteristicas.jsp,0.017972470600948625,0.44,LIBERADA,200
2026-09-16T16:15:36.359342+00:00,GET,/tienda1/imagenes/logo.gif,0.014268305839710227,0.44,LIBERADA,200
2026-09-16T16:15:36.407732+00:00,GET,/tienda1/publico/entrar.jsp,0.017897304354417425,0.44,LIBERADA,200
2026-09-16T16:15:36.455813+00:00,POST,/tienda1/publico/pagar.jsp,0.9964124504854575,0.44,BLOQUEADA,403
2026-09-16T16:15:36.501896+00:00,POST,/tienda1/publico/caracteristicas.jsp,0.06014081304364331,0.44,LIBERADA,200
2026-09-16T16:15:36.549844+00:00,POST,/tienda1/publico/registro.jsp,0.015418787751306099,0.44,LIBERADA,200
2026-09-16T16:15:36.599531+00:00,GET,/tienda1/miembros/imagenes/ogono.jpg,0.016780466842316887,0.44,LIBERADA,200
2026-09-16T16:15:36.648808+00:00,GET,/tienda1/imagenes/2.gif,0.017344333780917844,0.44,LIBERADA,200
2026-09-16T16:15:36.698817+00:00,GET,/tienda1/miembros/imagenes/ogono.jpg,0.017930748989965117,0.44,LIBERADA,200
2026-09-16T16:15:36.747316+00:00,POST,/tienda1/publico/anadir.jsp,0.04788142129611087,0.44,LIBERADA,200
2026-09-16T16:15:36.795156+00:00,GET,/tienda1/imagenes/2.gif,0.01917512132675687,0.44,LIBERADA,200
2026-09-16T16:15:36.843225+00:00,GET,/tienda1/publico/anadir.jsp,0.08368633569536467,0.44,LIBERADA,200
2026-09-16T16:15:36.891369+00:00,POST,/tienda1/publico/autenticar.jsp,0.056688999727390145,0.44,LIBERADA,200
2026-09-16T16:15:36.939794+00:00,GET,/tienda1/global/titulo.jsp,0.021236261899827108,0.44,LIBERADA,200
2026-09-16T16:15:36.988771+00:00,POST,/tienda1/publico/registro.jsp,0.020810420934829144,0.44,LIBERADA,200
2026-09-16T16:15:37.037344+00:00,GET,/tienda1/global/titulo.jsp,0.022753366879015847,0.44,LIBERADA,200
2026-09-16T16:15:37.086611+00:00,GET,/tienda1/publico/caracteristicas.jsp,0.9980109810937585,0.44,BLOQUEADA,403
2026-09-16T16:15:37.132906+00:00,POST,/tienda1/publico/registro.jsp,0.01840753041698534,0.44,LIBERADA,200
2026-09-16T16:15:37.181400+00:00,POST,/tienda1/miembros/editar.jsp,0.02415098940866568,0.44,LIBERADA,200
2026-09-16T16:15:37.229920+00:00,GET,/tienda1/publico/anadir.jsp,0.11183709024101889,0.44,LIBERADA,200
2026-09-16T16:15:37.279629+00:00,GET,/tienda1/global/titulo.jsp,0.027121821794487518,0.44,LIBERADA,200
2026-09-16T16:15:37.328597+00:00,GET,/asf-logo-wide,0.028105704182413368,0.44,LIBERADA,200
2026-09-16T16:15:37.377272+00:00,POST,/tienda1/publico/pagar.jsp,0.9973133242816686,0.44,BLOQUEADA,403
2026-09-16T16:15:37.423371+00:00,GET,/tienda1/publico/registro.jsp,0.999422249073279,0.44,BLOQUEADA,403
2026-09-16T16:15:37.471469+00:00,GET,/,0.030731438487812273,0.44,LIBERADA,200
2026-09-16T16:15:37.520512+00:00,GET,/tienda1/publico/anadir.jsp,0.14076828332121397,0.44,LIBERADA,200
2026-09-16T16:15:37.569900+00:00,GET,/tienda1/miembros/index.jsp,0.0336658760219811,0.44,LIBERADA,200
2026-09-16T16:15:37.618645+00:00,POST,/tienda1/publico/autenticar.jsp,0.10343990721825908,0.44,LIBERADA,200
2026-09-16T16:15:37.667010+00:00,GET,/tienda1/publico/caracteristicas.jsp,0.04882302668405606,0.44,LIBERADA,200
2026-09-16T16:15:37.714659+00:00,POST,/tienda1/publico/anadir.jsp,0.10623528597445529,0.44,LIBERADA,200
2026-09-16T16:15:37.762371+00:00,GET,/tienda1/global/creditos.jsp,0.038995752031962955,0.44,LIBERADA,200
2026-09-16T16:15:37.810788+00:00,POST,/tienda1/publico/anadir.jsp,0.9975936660701876,0.44,BLOQUEADA,403
2026-09-16T16:15:37.858556+00:00,POST,/tienda1/publico/anadir.jsp,0.07777263911886992,0.44,LIBERADA,200
2026-09-16T16:15:37.908459+00:00,GET,/tienda1/publico.OLD,0.04359630480687008,0.44,LIBERADA,200
2026-09-16T16:15:37.958444+00:00,POST,/tienda1/publico/registro.jsp,0.03819755172031209,0.44,LIBERADA,200
2026-09-16T16:15:38.011356+00:00,GET,/tienda1/miembros/imagenes/ogono.jpg,0.046986259275416185,0.44,LIBERADA,200
2026-09-16T16:15:38.062088+00:00,GET,/tienda1/publico/6909030637832563290.jsp.Inc,0.04878584744817122,0.44,LIBERADA,200
2026-09-16T16:15:38.113644+00:00,GET,/tienda1/publico/entrar.jsp,0.06511320431720742,0.44,LIBERADA,200
2026-09-16T16:15:38.163654+00:00,GET,/tienda1/miembros/imagenes/zarauz.jpg,0.05260794181949497,0.44,LIBERADA,200
2026-09-16T16:19:25.902898+00:00,POST,/tienda1/publico/autenticar.jsp,0.005906855210458945,0.44,LIBERADA,200
2026-09-16T16:19:25.952209+00:00,GET,/tienda1/publico/anadir.jsp,0.008089234576819291,0.44,LIBERADA,200
2026-09-16T16:19:26.001375+00:00,POST,/tienda1/publico/registro.jsp,0.00305534536894328,0.44,LIBERADA,200
2026-09-16T16:19:26.049935+00:00,GET,/tienda1/miembros/index.jsp,0.0031717242270211696,0.44,LIBERADA,200
2026-09-16T16:19:26.097731+00:00,GET,/tienda1/global/creditos.jsp,0.0032338581398821445,0.44,LIBERADA,200
2026-09-16T16:19:26.145886+00:00,POST,/tienda1/miembros/editar.jsp,0.9484214244120944,0.44,BLOQUEADA,403
2026-09-16T16:19:26.192248+00:00,POST,/tienda1/publico/registro.jsp,0.9676171520401978,0.44,BLOQUEADA,403
2026-09-16T16:19:26.238497+00:00,GET,/tienda1/miembros/salir.jsp,0.0034316297312468043,0.44,LIBERADA,200
2026-09-16T16:19:26.288132+00:00,GET,/asf-logo-wide.gif,0.0035015715021655194,0.44,LIBERADA,200
2026-09-16T16:19:26.338663+00:00,GET,/tienda1/publico/caracteristicas.jsp,0.004282913896664194,0.44,LIBERADA,200
2026-09-16T16:19:26.387558+00:00,POST,/tienda1/publico/registro.jsp,0.003414713877090105,0.44,LIBERADA,200
2026-09-16T16:19:26.436312+00:00,GET,/tienda1/imagenes/cmenbul.gif,0.0037244870114284865,0.44,LIBERADA,200
2026-09-16T16:19:26.485767+00:00,GET,/tienda1/miembros/editar.jsp,0.11353219837377476,0.44,LIBERADA,200
2026-09-16T16:19:26.538375+00:00,GET,/tienda1/imagenes/1.gif,0.0038848154197260796,0.44,LIBERADA,200
2026-09-16T16:19:26.587121+00:00,GET,/tienda1/publico/entrar.jsp,0.004751788528715089,0.44,LIBERADA,200
2026-09-16T16:19:26.635484+00:00,POST,/tienda1/publico/anadir.jsp,0.008018364630784584,0.44,LIBERADA,200
2026-09-16T16:19:26.685037+00:00,POST,/tienda1/publico/pagar.jsp,0.9905814599642319,0.44,BLOQUEADA,403
2026-09-16T16:19:26.731199+00:00,GET,/asf-logo-wide.gif,0.004236819955106402,0.44,LIBERADA,200
2026-09-16T16:19:26.778672+00:00,POST,/tienda1/miembros/editar.jsp,0.004234909644747191,0.44,LIBERADA,200
2026-09-16T16:19:26.827393+00:00,GET,/tienda1/publico/pagar.jsp,0.992300662846974,0.44,BLOQUEADA,403
2026-09-16T16:19:26.873862+00:00,POST,/tienda1/publico/caracteristicas.jsp,0.012684722056583896,0.44,LIBERADA,200
2026-09-16T16:19:26.922141+00:00,GET,/tienda1/publico/entrar.jsp,0.005588611618456756,0.44,LIBERADA,200
2026-09-16T16:19:26.971146+00:00,GET,/tienda1/publico/vaciar.jsp/4861362529278789730.bak,0.0047441258992682225,0.44,LIBERADA,200
2026-09-16T16:19:27.019757+00:00,GET,/tienda1/publico/pagar.jsp,0.9929167552164436,0.44,BLOQUEADA,403
2026-09-16T16:19:27.066266+00:00,GET,/tienda1/imagenes/3.gif,0.004971014519047503,0.44,LIBERADA,200
2026-09-16T16:19:27.115243+00:00,GET,/tienda1/miembros/imagenes/ogono.jpg,0.005090127606431494,0.44,LIBERADA,200
2026-09-16T16:19:27.166083+00:00,GET,/tienda1/miembros/index.jsp,0.005213214716543757,0.44,LIBERADA,200
2026-09-16T16:19:27.215767+00:00,POST,/tienda1/miembros/editar.jsp,0.005007725433350662,0.44,LIBERADA,200
2026-09-16T16:19:27.264065+00:00,POST,/tienda1/publico/vaciar.jsp,0.011583400139154423,0.44,LIBERADA,200
2026-09-16T16:19:27.312700+00:00,GET,/tienda1/global/titulo.jsp,0.005607892369005753,0.44,LIBERADA,200
2026-09-16T16:19:27.362411+00:00,GET,/tienda1/publico/autenticar.jsp,0.018672319703798613,0.44,LIBERADA,200
2026-09-16T16:19:27.411165+00:00,GET,/tienda1/publico/autenticar.jsp,0.01929591729636523,0.44,LIBERADA,200
2026-09-16T16:19:27.460666+00:00,GET,/tienda1/publico/miembros.jsp,0.006044286952438617,0.44,LIBERADA,200
2026-09-16T16:19:27.509023+00:00,GET,/tienda1/publico/registro.jsp,0.3695646664989336,0.44,LIBERADA,200
2026-09-16T16:19:27.559393+00:00,POST,/tienda1/publico/anadir.jsp,0.014225722076139301,0.44,LIBERADA,200
2026-09-16T16:19:27.607056+00:00,GET,/tienda1/publico/entrar.jsp,0.007977127327469023,0.44,LIBERADA,200
2026-09-16T16:19:27.654944+00:00,GET,/tienda1/publico/registro.jsp,0.24631827310776985,0.44,LIBERADA,200
2026-09-16T16:19:27.705876+00:00,GET,/tienda1/publico/carrito.jsp,0.006878572442833127,0.44,LIBERADA,200
2026-09-16T16:19:27.754368+00:00,GET,/tienda1/imagenes/1.gif,0.007063459174062855,0.44,LIBERADA,200
2026-09-16T16:19:27.803366+00:00,GET,/tienda1/publico/anadir.jsp,0.02510392791911388,0.44,LIBERADA,200
2026-09-16T16:19:27.854639+00:00,GET,/tienda1/publico/entrar.jsp,0.9972124580186428,0.44,BLOQUEADA,403
2026-09-16T16:19:27.903800+00:00,POST,/tienda1/publico/anadir.jsp,0.017441760700999915,0.44,LIBERADA,200
2026-09-16T16:19:27.954786+00:00,GET,/tienda1/publico/vaciar.jsp,0.009801165419305832,0.44,LIBERADA,200
2026-09-16T16:19:28.003669+00:00,GET,/tienda1/global/creditos.jsp,0.008092128562388976,0.44,LIBERADA,200
2026-09-16T16:19:28.054983+00:00,POST,/tienda1/miembros/editar.jsp,0.00787711665242174,0.44,LIBERADA,200
2026-09-16T16:19:28.105204+00:00,GET,/tienda1/publico/carrito.jsp,0.00855772992950207,0.44,LIBERADA,200
2026-09-16T16:19:28.155927+00:00,GET,/tienda1/publico/caracteristicas.jsp,0.011172166079152411,0.44,LIBERADA,200
2026-09-16T16:19:28.207248+00:00,GET,/tienda1/global/asf-logo-wide,0.009058194013577365,0.44,LIBERADA,200
2026-09-16T16:19:28.257357+00:00,GET,/tienda1/publico/miembros.jsp,0.00932240985140636,0.44,LIBERADA,200
2026-09-16T16:19:28.307757+00:00,POST,/tienda1/publico/entrar.jsp,0.026674042987296268,0.44,LIBERADA,200
2026-09-16T16:19:28.355904+00:00,GET,/tienda1/publico/carrito.jsp,0.009880772091978466,0.44,LIBERADA,200
2026-09-16T16:19:28.404237+00:00,GET,/tienda1/miembros/imagenes/castro.jpg,0.010175756025163617,0.44,LIBERADA,200
2026-09-16T16:19:28.452624+00:00,GET,/tienda1/miembros/editar.jsp/~,0.010481864413398047,0.44,LIBERADA,200
2026-09-16T16:19:28.500265+00:00,POST,/tienda1/publico/registro.jsp,0.00894537167894075,0.44,LIBERADA,200
2026-09-16T16:19:28.547966+00:00,POST,/tienda1/miembros/editar.jsp,0.011272715689908518,0.44,LIBERADA,200
2026-09-16T16:19:28.596215+00:00,GET,/tienda1/publico/miembros.jsp,0.011471703315030972,0.44,LIBERADA,200
2026-09-16T16:19:28.645487+00:00,POST,/tienda1/publico/entrar.jsp,0.03393152987276176,0.44,LIBERADA,200
2026-09-16T16:19:28.695425+00:00,GET,/tienda1/index.jsp,0.012196333342108814,0.44,LIBERADA,200
2026-09-16T16:19:28.743655+00:00,GET,/tienda1/miembros/imagenes/zarauz.jpg,0.012579733026960844,0.44,LIBERADA,200
2026-09-16T16:19:28.792676+00:00,POST,/tienda1/publico/autenticar.jsp,0.034082520975398635,0.44,LIBERADA,200
2026-09-16T16:19:28.841012+00:00,GET,/tienda1/global/estilos.css,0.013391722118964937,0.44,LIBERADA,200
2026-09-16T16:19:28.889540+00:00,GET,/tienda1/global/creditos.jsp,0.013821599864289043,0.44,LIBERADA,200
2026-09-16T16:19:28.938352+00:00,POST,/tienda1/miembros/editar.jsp,0.012501034579117458,0.44,LIBERADA,200
2026-09-16T16:19:28.986396+00:00,GET,/tienda1/publico/vaciar.jsp,0.018790094059699936,0.44,LIBERADA,200
2026-09-16T16:19:29.034545+00:00,POST,/tienda1/publico/vaciar.jsp,0.05212227216474425,0.44,LIBERADA,200
2026-09-16T16:19:29.084186+00:00,GET,/tienda1/imagenes/nuestratierra.jpg,0.015716718309333876,0.44,LIBERADA,200
2026-09-16T16:19:29.132661+00:00,GET,/_vti_bin/,0.016238223781284943,0.44,LIBERADA,200
2026-09-16T16:19:29.181413+00:00,GET,/tienda1/publico/carrito.jsp,0.016780466842316887,0.44,LIBERADA,200
2026-09-16T16:19:29.229734+00:00,GET,/tienda1/publico/pagar.jsp,0.9965435811535865,0.44,BLOQUEADA,403
2026-09-16T16:19:29.277421+00:00,GET,/webapp/examples/HelloPervasive,0.017930748989965117,0.44,LIBERADA,200
2026-09-16T16:19:29.328265+00:00,GET,/tienda1/index.jsp,0.01854067646242349,0.44,LIBERADA,200
2026-09-16T16:19:29.380703+00:00,POST,/tienda1/publico/pagar.jsp,0.9967293275410204,0.44,BLOQUEADA,403
2026-09-16T16:19:29.428829+00:00,POST,/tienda1/publico/vaciar.jsp,0.07840346417322765,0.44,LIBERADA,200
2026-09-16T16:19:29.476284+00:00,GET,/tienda1/publico/caracteristicas.jsp,0.9984354145732447,0.44,BLOQUEADA,403
2026-09-16T16:19:29.523438+00:00,GET,/tienda1/miembros/fotos.jsp,0.021236261899827108,0.44,LIBERADA,200
2026-09-16T16:19:29.573264+00:00,GET,/tienda1/publico/caracteristicas.jsp,0.029115781971055094,0.44,LIBERADA,200
2026-09-16T16:19:29.621882+00:00,GET,/tienda1/publico/registro.jsp,0.7892122088287036,0.44,BLOQUEADA,403
2026-09-16T16:19:29.670797+00:00,GET,/tienda1/publico/registro.jsp,0.7313594744397532,0.44,BLOQUEADA,403
2026-09-16T16:19:29.719337+00:00,GET,/IISSamples/sdk/asp/database/Update_VBScript.asp,0.024396535261478895,0.44,LIBERADA,200
2026-09-16T16:19:29.767377+00:00,GET,/tienda1/publico/productos.jsp,0.025268775738350416,0.44,LIBERADA,200
2026-09-16T16:19:29.816280+00:00,POST,/tienda1/publico/autenticar.jsp,0.07634209044758138,0.44,LIBERADA,200
2026-09-16T16:19:29.865998+00:00,POST,/tienda1/publico/anadir.jsp,0.07365753847140032,0.44,LIBERADA,200
2026-09-16T16:19:29.915317+00:00,GET,/tienda1/publico/entrar.jsp,0.03581657198258719,0.44,LIBERADA,200
2026-09-16T16:19:29.965173+00:00,GET,/tienda1/publico/registro.jsp,0.7106381458145021,0.44,BLOQUEADA,403
2026-09-16T16:19:30.014470+00:00,GET,/tienda1/miembros/imagenes/zarauz.jpg,0.030196340852357784,0.44,LIBERADA,200
2026-09-16T16:19:30.063617+00:00,POST,/tienda1/publico/autenticar.jsp,0.08575131648849225,0.44,LIBERADA,200
2026-09-16T16:19:30.112502+00:00,POST,/tienda1/publico/caracteristicas.jsp,0.14040181714161828,0.44,LIBERADA,200
2026-09-16T16:19:30.162213+00:00,GET,/tienda1/global/creditos.jsp,0.0336658760219811,0.44,LIBERADA,200
2026-09-16T16:19:30.212995+00:00,POST,/tienda1/publico/anadir.jsp,0.09848870526001752,0.44,LIBERADA,200
2026-09-16T16:19:30.262543+00:00,POST,/tienda1/publico/pagar.jsp,0.9974996212309961,0.44,BLOQUEADA,403
2026-09-16T16:19:30.308549+00:00,POST,/tienda1/publico/entrar.jsp,0.12222299449179652,0.44,LIBERADA,200
2026-09-16T16:19:30.357612+00:00,POST,/tienda1/publico/anadir.jsp,0.10591836750643042,0.44,LIBERADA,200
2026-09-16T16:19:30.406961+00:00,GET,/tienda1/publico/caracteristicas.jsp,0.05457142368492861,0.44,LIBERADA,200
2026-09-16T16:19:30.454538+00:00,GET,/tienda1/publico/registro.jsp,0.7916123797675163,0.44,BLOQUEADA,403
2026-09-16T16:19:30.503798+00:00,GET,/tienda1/publico/miembros.jsp,0.04359630480687008,0.44,LIBERADA,200
2026-09-16T16:19:30.553236+00:00,POST,/tienda1/publico/autenticar.jsp,0.13239707943772835,0.44,LIBERADA,200
2026-09-16T16:19:30.603328+00:00,GET,/tienda1/asf-logo-wide.gif,0.046986259275416185,0.44,LIBERADA,200
2026-09-16T16:19:30.653945+00:00,GET,/tienda1/publico/productos.jsp,0.04878584744817122,0.44,LIBERADA,200
2026-09-16T16:19:30.702674+00:00,GET,/tienda1/index.jsp,0.0506588017018712,0.44,LIBERADA,200
2026-09-16T16:19:30.750768+00:00,POST,/tienda1/publico/vaciar.jsp,0.19106145924865098,0.44,LIBERADA,200
2026-09-16T16:19:30.798567+00:00,GET,/tienda1/imagenes/1.gif,0.054636167735109376,0.44,LIBERADA,200
2026-09-16T16:19:30.846217+00:00,GET,/tienda1/imagenes/3.gif,0.05674645881520304,0.44,LIBERADA,200
2026-09-16T16:19:30.895124+00:00,GET,/tienda1/publico/autenticar.jsp,0.5079169608671631,0.44,BLOQUEADA,403
2026-09-16T16:19:30.941582+00:00,GET,/tienda1/miembros/editar.jsp,0.94199838309045,0.44,BLOQUEADA,403
2026-09-16T16:19:30.990693+00:00,GET,/tienda1/publico/registro.jsp,0.8590558098437133,0.44,BLOQUEADA,403
2026-09-16T16:19:31.040538+00:00,GET,/tienda1/publico/caracteristicas.jsp,0.08975569731906104,0.44,LIBERADA,200
2026-09-16T16:19:31.089049+00:00,GET,/tienda1/publico/registro.jsp,0.9037733312940929,0.44,BLOQUEADA,403
2026-09-16T16:19:31.138338+00:00,POST,/tienda1/publico/autenticar.jsp,0.2101723686974375,0.44,LIBERADA,200
2026-09-16T16:19:31.187234+00:00,GET,/tienda1/publico/caracteristicas.jsp,0.10042979979104485,0.44,LIBERADA,200
2026-09-16T16:19:31.236902+00:00,GET,/tienda1/publico/vaciar.jsp,0.9986061307243973,0.44,BLOQUEADA,403
2026-09-16T16:19:31.283930+00:00,GET,/tienda1/publico/registro.jsp,0.91712311149499,0.44,BLOQUEADA,403
2026-09-16T16:19:31.332609+00:00,POST,/tienda1/publico/anadir.jsp,0.22103121619130556,0.44,LIBERADA,200
2026-09-16T16:19:31.382457+00:00,POST,/tienda1/publico/registro.jsp,0.07656055753693969,0.44,LIBERADA,200
2026-09-16T16:19:31.431082+00:00,GET,/tienda1/publico/vaciar.jsp,0.11187820324630826,0.44,LIBERADA,200
2026-09-16T16:19:31.479685+00:00,GET,/tienda1/publico/caracteristicas.jsp,0.12598176786675305,0.44,LIBERADA,200
2026-09-16T16:19:31.529802+00:00,GET,/tienda1/global/creditos.jsp,0.0967469742382732,0.44,LIBERADA,200
2026-09-16T16:19:31.577409+00:00,GET,/asf-logo-wide.gif/,0.10049234303622212,0.44,LIBERADA,200
2026-09-16T16:19:31.626979+00:00,GET,/tienda1/publico/anadir.jsp,0.3928869551996935,0.44,LIBERADA,200
2026-09-16T16:19:31.675757+00:00,GET,/tienda1/publico/registro.jsp,0.9993740549641785,0.44,BLOQUEADA,403
2026-09-16T16:19:31.726401+00:00,POST,/tienda1/publico/registro.jsp,0.10555557366917273,0.44,LIBERADA,200
2026-09-16T16:19:31.775557+00:00,GET,/tienda1/global/menum.jsp,0.11689193914848656,0.44,LIBERADA,200
2026-09-16T16:19:31.823738+00:00,GET,/tienda1/global/titulo.jsp,0.1213646753198496,0.44,LIBERADA,200
2026-09-16T16:19:31.871454+00:00,GET,/tienda1/miembros/editar.jsp,0.9469148546985494,0.44,BLOQUEADA,403
2026-09-16T16:19:31.921143+00:00,POST,/tienda1/publico/registro.jsp,0.11045589358026307,0.44,LIBERADA,200
2026-09-16T16:19:31.971656+00:00,GET,/tienda1/publico/entrar.jsp/4861362529278789730.inc,0.13573395441237812,0.44,LIBERADA,200
2026-09-16T16:19:32.020463+00:00,GET,/tienda1/index.jsp,0.1408517295727413,0.44,LIBERADA,200
2026-09-16T16:19:32.070595+00:00,POST,/tienda1/publico/vaciar.jsp,0.4376957611361261,0.44,LIBERADA,200
2026-09-16T16:19:32.119336+00:00,GET,/tienda1/publico/registro.jsp,0.9557637966063535,0.44,BLOQUEADA,403
2026-09-16T16:19:32.168600+00:00,GET,/tienda1/publico/pagar.jsp,0.9985957848716638,0.44,BLOQUEADA,403
2026-09-16T16:19:32.216190+00:00,GET,/tienda1/miembros/salir.jsp,0.1630421343281451,0.44,LIBERADA,200
2026-09-16T16:19:32.266002+00:00,POST,/tienda1/publico/anadir.jsp,0.39325261486674595,0.44,LIBERADA,200
2026-09-16T16:19:32.314986+00:00,GET,/tienda1/imagenes/logo.gif/,0.1752038682652889,0.44,LIBERADA,200
2026-09-16T16:19:32.363731+00:00,GET,/tienda1/miembros/imagenes/zarauz.jpg,0.1815584458341589,0.44,LIBERADA,200
2026-09-16T16:19:32.411506+00:00,POST,/tienda1/publico/registro.jsp,0.15895565962208552,0.44,LIBERADA,200
2026-09-16T16:19:32.459586+00:00,POST,/tienda1/publico/anadir.jsp,0.44500068646898155,0.44,BLOQUEADA,403
2026-09-16T16:19:32.507209+00:00,GET,/tienda1/publico/carrito.jsp,0.20173270875674043,0.44,LIBERADA,200
2026-09-16T16:19:32.555139+00:00,GET,/tienda1/publico/carrito.jsp,0.2088300441896368,0.44,LIBERADA,200
2026-09-16T16:19:32.603828+00:00,POST,/tienda1/publico/registro.jsp,0.1825313629442972,0.44,LIBERADA,200
2026-09-16T16:19:32.653603+00:00,GET,/tienda1/index.jsp,0.2235839927607742,0.44,LIBERADA,200
2026-09-16T16:19:32.702573+00:00,GET,/tienda1/publico/productos.jsp,0.23123932070282704,0.44,LIBERADA,200
2026-09-16T16:19:32.750919+00:00,GET,/tienda1/publico/caracteristicas.jsp,0.3095257770633417,0.44,LIBERADA,200
2026-09-16T16:19:32.798166+00:00,POST,/tienda1/publico/anadir.jsp,0.5230174691960311,0.44,BLOQUEADA,403
2026-09-16T16:19:32.844710+00:00,GET,/tienda1/publico/pagar.jsp,0.9986247199329251,0.44,BLOQUEADA,403
2026-09-16T16:19:32.892301+00:00,POST,/tienda1/publico/registro.jsp,0.2747981276324064,0.44,LIBERADA,200
2026-09-16T16:19:32.941842+00:00,GET,/tienda1/global/estilos.css,0.2722334728993565,0.44,LIBERADA,200
2026-09-16T16:19:32.990730+00:00,GET,/tienda1/publico/registro.jsp,0.9994876529822047,0.44,BLOQUEADA,403
2026-09-16T16:19:33.041796+00:00,GET,/tienda1/index.jsp,0.28984619927312877,0.44,LIBERADA,200
2026-09-16T16:19:33.092806+00:00,GET,/tienda1/miembros/imagenes/castro.jpg,0.298897073315152,0.44,LIBERADA,200
2026-09-16T16:19:33.140994+00:00,GET,/IISSamples/sdk/asp/applications/Session_VBScript.asp,0.30810415090231746,0.44,LIBERADA,200
2026-09-16T16:19:33.190358+00:00,GET,/tienda1/publico/vaciar.jsp,0.39831123078290526,0.44,LIBERADA,200
2026-09-16T16:19:33.239131+00:00,GET,/tienda1/index.jsp,0.32696349793924717,0.44,LIBERADA,200
2026-09-16T16:19:33.288912+00:00,POST,/tienda1/publico/registro.jsp,0.2726792610520723,0.44,LIBERADA,200
2026-09-16T16:19:33.339723+00:00,GET,/tienda1/global/titulo.jsp,0.3463725327883008,0.44,LIBERADA,200
2026-09-16T16:19:33.391338+00:00,POST,/tienda1/publico/autenticar.jsp,0.9987413753860523,0.44,BLOQUEADA,403
2026-09-16T16:19:33.436909+00:00,GET,/tienda1/publico/autenticar.jsp,0.9462800318547153,0.44,BLOQUEADA,403
2026-09-16T16:19:33.483740+00:00,GET,/tienda1/miembros/imagenes/ogono.jpg,0.3763854121907333,0.44,LIBERADA,200
2026-09-16T16:19:33.532749+00:00,POST,/tienda1/publico/registro.jsp,0.9983262168708921,0.44,BLOQUEADA,403
2026-09-16T16:19:33.578980+00:00,POST,/tienda1/publico/autenticar.jsp,0.998784249112279,0.44,BLOQUEADA,403
2026-09-16T16:19:33.624978+00:00,POST,/tienda1/publico/pagar.jsp,0.9988001523258708,0.44,BLOQUEADA,403
2026-09-16T16:19:33.671783+00:00,GET,/tienda1/miembros/editar.jsp,0.9803626847903616,0.44,BLOQUEADA,403
2026-09-16T16:19:33.721384+00:00,GET,/tienda1/miembros/imagenes/castro.jpg,0.4282245604134332,0.44,LIBERADA,200
2026-09-16T16:19:33.770123+00:00,GET,/tienda1/miembros/editar.jsp,0.9858189312672433,0.44,BLOQUEADA,403
2026-09-16T16:19:33.820250+00:00,GET,/tienda1/publico/vaciar.jsp,0.5189000996374472,0.44,BLOQUEADA,403
2026-09-16T16:19:33.867205+00:00,POST,/tienda1/publico/anadir.jsp,0.7338030327162944,0.44,BLOQUEADA,403
2026-09-16T16:19:33.914474+00:00,POST,/tienda1/publico/vaciar.jsp,0.7914760132540491,0.44,BLOQUEADA,403
2026-09-16T16:19:33.961045+00:00,POST,/tienda1/publico/entrar.jsp,0.7749730816851621,0.44,BLOQUEADA,403
2026-09-16T16:19:34.007070+00:00,GET,/tienda1/publico/anadir.jsp,0.8840911483627003,0.44,BLOQUEADA,403
2026-09-16T16:19:34.054497+00:00,GET,/tienda1/global/titulo.jsp,0.5025387366459317,0.44,BLOQUEADA,403
2026-09-16T16:19:34.101534+00:00,GET,/tienda1/miembros/imagenes/ogono.jpg,0.5131395784214435,0.44,BLOQUEADA,403
2026-09-16T16:19:34.147954+00:00,GET,/iisstart.asp,0.5237052630888374,0.44,BLOQUEADA,403
2026-09-16T16:19:34.195374+00:00,GET,/tienda1/miembros/imagenes/ogono.jpg,0.5342256943789143,0.44,BLOQUEADA,403
2026-09-16T16:19:34.240905+00:00,GET,/tienda1/publico/pagar.jsp,0.9989290026363842,0.44,BLOQUEADA,403
2026-09-16T16:19:34.287348+00:00,GET,/tienda1/imagenes/logo.gif,0.5550915565508863,0.44,BLOQUEADA,403
2026-09-16T16:19:34.334023+00:00,POST,/tienda1/miembros/editar.jsp,0.5671229617049819,0.44,BLOQUEADA,403
2026-09-16T16:19:34.381659+00:00,POST,/tienda1/publico/vaciar.jsp,0.8477574159344634,0.44,BLOQUEADA,403
2026-09-16T16:19:34.429706+00:00,GET,/tienda1/publico/vaciar.jsp,0.6647055137691595,0.44,BLOQUEADA,403
2026-09-16T16:19:34.476619+00:00,GET,/tienda1/imagenes/nuestratierra.jpg.BAK,0.5958648946025242,0.44,BLOQUEADA,403
2026-09-16T16:19:34.523365+00:00,GET,/tienda1/imagenes/3.gif,0.6058087632307178,0.44,BLOQUEADA,403
2026-09-16T16:19:34.570844+00:00,GET,/tienda1/publico/carrito.jsp,0.6156373339351634,0.44,BLOQUEADA,403
2026-09-16T16:19:34.617841+00:00,GET,/tienda1/miembros/editar.jsp,0.9892608151179815,0.44,BLOQUEADA,403
2026-09-16T16:19:34.667518+00:00,GET,/tienda1/miembros/editar.jsp,0.9895571720871094,0.44,BLOQUEADA,403
2026-09-16T16:19:34.716791+00:00,GET,/tienda1/publico/autenticar.jsp,0.9067755031798747,0.44,BLOQUEADA,403
2026-09-16T16:19:34.763969+00:00,GET,/tienda1/imagenes/logo.gif,0.6536653017296757,0.44,BLOQUEADA,403
2026-09-16T16:19:34.810558+00:00,POST,/tienda1/publico/pagar.jsp,0.9989792320752394,0.44,BLOQUEADA,403
2026-09-16T16:19:34.857613+00:00,GET,/tienda1/miembros/editar.jsp,0.9906433010805297,0.44,BLOQUEADA,403
2026-09-16T16:19:34.906524+00:00,GET,/tienda1/publico/productos.jsp,0.6806781878296925,0.44,BLOQUEADA,403
2026-09-16T16:19:34.953351+00:00,GET,/tienda1/imagenes/2.gif,0.6893708896228306,0.44,BLOQUEADA,403
2026-09-16T16:19:34.999130+00:00,GET,/servlet/ErrorReporter,0.6979019454743761,0.44,BLOQUEADA,403
2026-09-16T16:19:35.045354+00:00,POST,/tienda1/publico/pagar.jsp,0.9989665749832656,0.44,BLOQUEADA,403
2026-09-16T16:19:35.091962+00:00,GET,/tienda1/imagenes/nuestratierra.jpg,0.7144682627421499,0.44,BLOQUEADA,403
2026-09-16T16:19:35.139220+00:00,GET,/tienda1/miembros/editar.jsp/asf-logo-wide.gif.OLD,0.7224991895707564,0.44,BLOQUEADA,403
2026-09-16T16:19:35.186851+00:00,GET,/tienda1/publico/entrar.jsp,0.7904456281584321,0.44,BLOQUEADA,403
2026-09-16T16:19:35.235207+00:00,GET,/tienda1/imagenes/nuestratierra.jpg,0.7380488824399991,0.44,BLOQUEADA,403
2026-09-16T16:19:35.282243+00:00,GET,/tienda1/miembros/index.jsp,0.7455657607197417,0.44,BLOQUEADA,403
2026-09-16T16:19:35.329116+00:00,GET,/tienda1/publico/caracteristicas.jsp,0.8092275756372547,0.44,BLOQUEADA,403
2026-09-16T16:19:35.375101+00:00,GET,/tienda1/global/titulo.jsp,0.7600816347970554,0.44,BLOQUEADA,403
2026-09-16T16:19:35.421787+00:00,POST,/tienda1/publico/vaciar.jsp,0.9991029505459185,0.44,BLOQUEADA,403
2026-09-16T16:19:35.469722+00:00,POST,/tienda1/publico/anadir.jsp,0.9988360892607302,0.44,BLOQUEADA,403
2026-09-16T16:19:35.517101+00:00,POST,/tienda1/publico/caracteristicas.jsp,0.9343655817673185,0.44,BLOQUEADA,403
2026-09-16T16:19:35.563807+00:00,GET,/tienda1/publico/pagar.jsp,0.9991541950673511,0.44,BLOQUEADA,403
2026-09-16T16:19:35.611142+00:00,POST,/tienda1/publico/caracteristicas.jsp,0.9415846499460929,0.44,BLOQUEADA,403
2026-09-16T16:19:35.657287+00:00,GET,/tienda1/publico/miembros.jsp,0.7995225157591899,0.44,BLOQUEADA,403
2026-09-16T16:19:35.703236+00:00,GET,/tienda1/publico/entrar.jsp,0.8524933427191346,0.44,BLOQUEADA,403
2026-09-16T16:19:35.749264+00:00,GET,/tienda1/global/menum.jsp,0.8113341522579897,0.44,BLOQUEADA,403
2026-09-16T16:19:35.796294+00:00,GET,/tienda1/publico/entrar.jsp,0.8617481954523736,0.44,BLOQUEADA,403
2026-09-16T16:19:35.843740+00:00,POST,/tienda1/publico/anadir.jsp,0.9258085397374122,0.44,BLOQUEADA,403
2026-09-16T16:19:35.890851+00:00,GET,/tienda1/publico/pagar.jsp,0.9991892076327689,0.44,BLOQUEADA,403
2026-09-16T16:19:35.936905+00:00,GET,/tienda1/publico/autenticar.jsp,0.9618852285000062,0.44,BLOQUEADA,403
2026-09-16T16:19:35.983331+00:00,POST,/tienda1/miembros/editar.jsp,0.8231999756797872,0.44,BLOQUEADA,403
2026-09-16T16:19:36.030666+00:00,POST,/tienda1/publico/vaciar.jsp,0.9482159789334469,0.44,BLOQUEADA,403
2026-09-16T16:19:36.077278+00:00,GET,/tienda1/publico/registro.jsp,0.9950320242775423,0.44,BLOQUEADA,403
2026-09-16T16:19:36.125923+00:00,GET,/tienda1/miembros/imagenes/castro.jpg,0.8523674219380132,0.44,BLOQUEADA,403
2026-09-16T16:19:36.173231+00:00,GET,/tienda1/publico/registro.jsp,0.9952416510047444,0.44,BLOQUEADA,403
2026-09-16T16:19:36.223171+00:00,GET,/asf-logo-wide.gif/~,0.8611833040369938,0.44,BLOQUEADA,403
2026-09-16T16:19:36.271320+00:00,GET,/iissamples/ExAir/HowToReachUs.asp,0.8653914862312821,0.44,BLOQUEADA,403
2026-09-16T16:19:36.318150+00:00,GET,/tienda1/miembros/imagenes/zarauz.jpg,0.8694706850889202,0.44,BLOQUEADA,403
2026-09-16T16:19:36.365806+00:00,GET,/ws-client/loanCalculation.jsp,0.8734240590172095,0.44,BLOQUEADA,403
2026-09-16T16:19:36.413079+00:00,GET,/tienda1/publico/autenticar.jsp,0.970134983082949,0.44,BLOQUEADA,403
2026-09-16T16:19:36.461156+00:00,GET,/tienda1/publico/caracteristicas.jsp,0.9094682201134471,0.44,BLOQUEADA,403
2026-09-16T16:19:36.508318+00:00,GET,/tienda1/global/creditos.jsp,0.8845608055629289,0.44,BLOQUEADA,403
2026-09-16T16:19:36.554940+00:00,GET,/tienda1/publico/anadir.jsp,0.9789976680300174,0.44,BLOQUEADA,403
2026-09-16T16:19:36.602403+00:00,POST,/tienda1/publico/caracteristicas.jsp,0.9992131593376388,0.44,BLOQUEADA,403
2026-09-16T16:19:36.649079+00:00,POST,/tienda1/publico/autenticar.jsp,0.9583159102196892,0.44,BLOQUEADA,403
2026-09-16T16:19:36.696689+00:00,GET,/tienda1/publico/entrar.jsp,0.9246667066292085,0.44,BLOQUEADA,403
2026-09-16T16:19:36.743465+00:00,GET,/tienda1/publico/vaciar.jsp,0.97888941565484,0.44,BLOQUEADA,403
2026-09-16T16:19:36.790058+00:00,GET,/tienda1/imagenes/1.gif,0.9038589252388292,0.44,BLOQUEADA,403
2026-09-16T16:19:36.837050+00:00,GET,/tienda1.INC,0.9067248497948939,0.44,BLOQUEADA,403
2026-09-16T16:19:36.885186+00:00,GET,/tienda1/miembros/imagenes/ogono.jpg,0.9094984042293514,0.44,BLOQUEADA,403
2026-09-16T16:19:36.933377+00:00,GET,/tienda1/miembros/imagenes/zarauz.jpg,0.9121823824392906,0.44,BLOQUEADA,403
2026-09-16T16:19:36.980509+00:00,GET,/tienda1/publico/entrar.jsp,0.9373503696251307,0.44,BLOQUEADA,403
2026-09-16T16:19:37.028257+00:00,POST,/tienda1/publico/registro.jsp,0.910508863632677,0.44,BLOQUEADA,403
2026-09-16T16:19:37.074368+00:00,GET,/tienda1/publico/carrito.jsp/asf-logo-wide.gif/,0.919723959176934,0.44,BLOQUEADA,403
2026-09-16T16:19:37.120896+00:00,GET,/tienda1/imagenes/1.gif/asf-logo-wide.gif/,0.922076441170033,0.44,BLOQUEADA,403
2026-09-16T16:19:37.168172+00:00,POST,/tienda1/publico/entrar.jsp,0.9708929438184288,0.44,BLOQUEADA,403
2026-09-16T16:19:37.215431+00:00,GET,/tienda1/imagenes/logo.gif,0.9265544468905784,0.44,BLOQUEADA,403
2026-09-16T16:19:37.262768+00:00,GET,/tienda1/miembros/index.jsp,0.9286847926908343,0.44,BLOQUEADA,403
2026-09-16T16:19:37.310103+00:00,GET,/tienda1/publico/caracteristicas.jsp,0.9515251655433791,0.44,BLOQUEADA,403
2026-09-16T16:19:37.357123+00:00,POST,/tienda1/miembros/editar.jsp,0.9991449477333482,0.44,BLOQUEADA,403
2026-09-16T16:19:37.404141+00:00,GET,/tienda1/publico/caracteristicas.jsp,0.9994685490353945,0.44,BLOQUEADA,403
2026-09-16T16:19:37.451477+00:00,GET,/tienda1/publico/carrito.jsp,0.9365351798154926,0.44,BLOQUEADA,403
2026-09-16T16:19:37.499222+00:00,POST,/tienda1/publico/vaciar.jsp,0.9775891730178756,0.44,BLOQUEADA,403
2026-09-16T16:19:37.546685+00:00,GET,/tienda1/publico/pagar.jsp,0.9992689528753896,0.44,BLOQUEADA,403
2026-09-16T16:19:37.593973+00:00,GET,/tienda1/4861362529278789730,0.9417782050660217,0.44,BLOQUEADA,403
2026-09-16T16:19:37.641375+00:00,GET,/tienda1/imagenes/3.gif,0.9434137335846562,0.44,BLOQUEADA,403
2026-09-16T16:19:37.688568+00:00,POST,/tienda1/publico/registro.jsp,0.9448001463522961,0.44,BLOQUEADA,403
2026-09-16T16:19:37.736647+00:00,GET,/tienda1/miembros/index.jsp/.OLD,0.9465276929182881,0.44,BLOQUEADA,403
2026-09-16T16:19:37.783352+00:00,GET,/tienda1/miembros/editar.jsp,0.997451784317922,0.44,BLOQUEADA,403
2026-09-16T16:19:37.833347+00:00,GET,/tienda1/publico/caracteristicas.jsp,0.960967613714477,0.44,BLOQUEADA,403
2026-09-16T16:19:37.880792+00:00,GET,/tienda1/global/estilos.css,0.9508318022203233,0.44,BLOQUEADA,403
2026-09-16T16:19:37.928664+00:00,GET,/tienda1/asf-logo-wide,0.9521752176117986,0.44,BLOQUEADA,403
2026-09-16T16:19:37.976356+00:00,GET,/tienda1/miembros/salir.jsp,0.9534755597868481,0.44,BLOQUEADA,403
2026-09-16T16:19:38.025263+00:00,GET,/tienda1/index.jsp,0.9547342960137442,0.44,BLOQUEADA,403
2026-09-16T16:19:38.072373+00:00,POST,/tienda1/publico/pagar.jsp,0.9992996557300815,0.44,BLOQUEADA,403
2026-09-16T16:19:38.119482+00:00,GET,/tienda1/publico/pagar.jsp,0.9993366700642582,0.44,BLOQUEADA,403
2026-09-16T16:19:38.167405+00:00,POST,/tienda1/publico/caracteristicas.jsp,0.9848762205245073,0.44,BLOQUEADA,403
2026-09-16T16:19:38.214549+00:00,GET,/tienda1/miembros/imagenes/ogono.jpg,0.9593808607134516,0.44,BLOQUEADA,403
2026-09-16T16:19:38.261683+00:00,GET,/tienda1/miembros/index.jsp,0.9604519276219368,0.44,BLOQUEADA,403
2026-09-16T16:19:38.308807+00:00,POST,/tienda1/publico/pagar.jsp,0.9993135965740818,0.44,BLOQUEADA,403
2026-09-16T16:19:38.355894+00:00,GET,/tienda1/miembros/editar.jsp,0.998112810170613,0.44,BLOQUEADA,403
2026-09-16T16:19:38.403655+00:00,POST,/tienda1/publico/entrar.jsp,0.9844898965057107,0.44,BLOQUEADA,403
2026-09-16T16:19:38.449905+00:00,GET,/admin/login.do,0.9644098079432604,0.44,BLOQUEADA,403
2026-09-16T16:19:38.497055+00:00,GET,/tienda1/publico/anadir.jsp,0.9920422113746155,0.44,BLOQUEADA,403
2026-09-16T16:19:38.543313+00:00,GET,/tienda1/miembros/editar.jsp,0.9987943500985474,0.44,BLOQUEADA,403
2026-09-16T16:19:38.591776+00:00,GET,/tienda1/imagenes/2.gif,0.9670656934190794,0.44,BLOQUEADA,403
2026-09-16T16:19:38.637712+00:00,GET,/tienda1/global/4861362529278789730,0.9678967697517268,0.44,BLOQUEADA,403
2026-09-16T16:19:38.684148+00:00,GET,/tienda1/miembros/salir.jsp,0.9687022672562735,0.44,BLOQUEADA,403
2026-09-16T16:19:38.731134+00:00,GET,/msadc/msadcs.dll,0.9694830561080694,0.44,BLOQUEADA,403
2026-09-16T16:19:38.778274+00:00,GET,/6909030637832563290.jsp,0.9702399758452992,0.44,BLOQUEADA,403
2026-09-16T16:19:38.825836+00:00,POST,/tienda1/publico/anadir.jsp,0.9991731521443017,0.44,BLOQUEADA,403
2026-09-16T16:19:38.873240+00:00,GET,/tienda1.Bak,0.971685419058535,0.44,BLOQUEADA,403
2026-09-16T16:19:38.920921+00:00,GET,/tienda1/miembros/fotos.jsp,0.9723754775082792,0.44,BLOQUEADA,403
2026-09-16T16:19:38.968209+00:00,POST,/tienda1/publico/anadir.jsp,0.9871820270848909,0.44,BLOQUEADA,403
2026-09-16T16:19:39.016133+00:00,POST,/tienda1/publico/entrar.jsp,0.9848835727948019,0.44,BLOQUEADA,403
2026-09-16T16:19:39.062780+00:00,GET,/tienda1/miembros/editar.jsp,0.9995546388470506,0.44,BLOQUEADA,403
2026-09-16T16:19:39.114061+00:00,GET,/tienda1/publico/anadir.jsp,0.9925448523916797,0.44,BLOQUEADA,403
2026-09-16T16:19:39.160895+00:00,GET,/tienda1/publico/vaciar.jsp,0.9829457030823295,0.44,BLOQUEADA,403
2026-09-16T16:19:39.207154+00:00,GET,/tienda1/imagenes/logo.gif,0.9761027746498543,0.44,BLOQUEADA,403
2026-09-16T16:19:39.254340+00:00,POST,/tienda1/publico/pagar.jsp,0.9993625892775111,0.44,BLOQUEADA,403
2026-09-16T16:19:39.301233+00:00,POST,/tienda1/publico/pagar.jsp,0.999362747892649,0.44,BLOQUEADA,403
2026-09-16T16:19:39.349121+00:00,GET,/tienda1/miembros/editar.jsp,0.9983629742086105,0.44,BLOQUEADA,403
2026-09-16T16:19:39.399376+00:00,POST,/tienda1/publico/registro.jsp,0.9782671074539798,0.44,BLOQUEADA,403
2026-09-16T16:19:39.445993+00:00,GET,/tienda1/publico/pagar.jsp,0.9993700887728609,0.44,BLOQUEADA,403
2026-09-16T16:19:39.495224+00:00,GET,/tienda1/publico/pagar.jsp,0.9995437690497792,0.44,BLOQUEADA,403
2026-09-16T16:19:39.542004+00:00,GET,/tienda1/publico/anadir.jsp,0.9937039071860482,0.44,BLOQUEADA,403
2026-09-16T16:19:39.588003+00:00,GET,/tienda1/miembros/editar.jsp,0.9984518050789887,0.44,BLOQUEADA,403
2026-09-16T16:19:39.637618+00:00,GET,/tienda1/imagenes/3.gif,0.980581647436261,0.44,BLOQUEADA,403
2026-09-16T16:19:39.684362+00:00,GET,/tienda1/publico/4861362529278789730.bak,0.9810106265283517,0.44,BLOQUEADA,403
2026-09-16T16:19:39.731314+00:00,POST,/tienda1/publico/anadir.jsp,0.9910703076726392,0.44,BLOQUEADA,403
2026-09-16T16:19:39.778197+00:00,GET,/tienda1/publico/anadir.jsp,0.9951387413718199,0.44,BLOQUEADA,403
2026-09-16T16:19:39.825845+00:00,GET,/tienda1/publico/anadir.jsp~,0.9822263806633476,0.44,BLOQUEADA,403
2026-09-16T16:19:39.872995+00:00,GET,/tienda1/miembros/imagenes/castro.jpg,0.9826091699638672,0.44,BLOQUEADA,403
2026-09-16T16:19:39.920572+00:00,GET,/tienda1/publico/anadir.jsp,0.9945460523689554,0.44,BLOQUEADA,403
2026-09-16T16:19:39.968980+00:00,GET,/tienda1/publico/vaciar.jsp,0.9870591672550134,0.44,BLOQUEADA,403
2026-09-16T16:19:40.016633+00:00,POST,/tienda1/publico/autenticar.jsp,0.9890227517132242,0.44,BLOQUEADA,403
2026-09-16T16:19:40.063565+00:00,GET,/tienda1/publico/entrar.jsp,0.9881667871902376,0.44,BLOQUEADA,403
2026-09-16T16:19:40.111510+00:00,GET,/tienda1/imagenes/logo.gif,0.9843702869012653,0.44,BLOQUEADA,403
2026-09-16T16:19:40.159382+00:00,POST,/tienda1/miembros/editar.jsp,0.9845997791057195,0.44,BLOQUEADA,403
2026-09-16T16:19:40.207607+00:00,POST,/tienda1/publico/pagar.jsp,0.9994043113232801,0.44,BLOQUEADA,403
2026-09-16T16:19:40.256885+00:00,GET,/tienda1/publico/productos.jsp,0.9853159380057742,0.44,BLOQUEADA,403
2026-09-16T16:19:40.303849+00:00,POST,/tienda1/publico/entrar.jsp,0.9928766640871455,0.44,BLOQUEADA,403
2026-09-16T16:19:40.350563+00:00,GET,/tienda1/publico/entrar.jsp,0.9895492046227633,0.44,BLOQUEADA,403
2026-09-16T16:19:40.397538+00:00,GET,/tienda1/publico/anadir.jsp,0.995316718420326,0.44,BLOQUEADA,403
2026-09-16T16:19:40.445356+00:00,GET,/tienda1/publico/registro.jsp.bak,0.9864628840151872,0.44,BLOQUEADA,403
2026-09-16T16:19:40.493160+00:00,GET,/tienda1/miembros/imagenes/ogono.jpg,0.986730931644794,0.44,BLOQUEADA,403
2026-09-16T16:19:40.541936+00:00,GET,/tienda1/miembros/salir.jsp,0.9869919621461306,0.44,BLOQUEADA,403
2026-09-16T16:19:40.588996+00:00,POST,/tienda1/publico/anadir.jsp,0.9931905968807647,0.44,BLOQUEADA,403
2026-09-16T16:19:40.635184+00:00,GET,/tienda1/publico/vaciar.jsp,0.9902079962628938,0.44,BLOQUEADA,403
2026-09-16T16:19:40.681280+00:00,GET,/tienda1/global/titulo.jsp,0.9877350698054175,0.44,BLOQUEADA,403
2026-09-16T16:19:40.727351+00:00,POST,/tienda1/publico/registro.jsp,0.9890347131543276,0.44,BLOQUEADA,403
2026-09-16T16:19:40.774064+00:00,GET,/tienda1/publico/caracteristicas.jsp,0.9994146754189502,0.44,BLOQUEADA,403
2026-09-16T16:19:40.820332+00:00,GET,/tienda1/miembros/imagenes/ogono.jpg,0.9884223557663713,0.44,BLOQUEADA,403
2026-09-16T16:19:40.866449+00:00,GET,/tienda1/publico/productos.jsp,0.988639907918135,0.44,BLOQUEADA,403
2026-09-16T16:19:40.913864+00:00,GET,/tienda1/publico/caracteristicas.jsp,0.999474561788197,0.44,BLOQUEADA,403
2026-09-16T16:19:40.961408+00:00,GET,/tienda1/publico/anadir.jsp,0.9961507066710145,0.44,BLOQUEADA,403
2026-09-16T16:19:41.009183+00:00,POST,/tienda1/publico/caracteristicas.jsp,0.9992985217018164,0.44,BLOQUEADA,403
2026-09-16T16:19:41.055399+00:00,POST,/tienda1/publico/vaciar.jsp,0.9947502475951117,0.44,BLOQUEADA,403
2026-09-16T16:19:41.102679+00:00,GET,/tienda1/publico/pagar.jsp,0.9994460249425606,0.44,BLOQUEADA,403
2026-09-16T16:19:41.149523+00:00,GET,/_cti_pvt/writeto.cnf,0.9898355899112486,0.44,BLOQUEADA,403
2026-09-16T16:19:41.196822+00:00,GET,/tienda1/publico/carrito.jsp/4861362529278789730.Inc,0.9900180037857661,0.44,BLOQUEADA,403
2026-09-16T16:19:41.243874+00:00,POST,/tienda1/publico/autenticar.jsp,0.9948310658016177,0.44,BLOQUEADA,403
2026-09-16T16:19:41.289926+00:00,POST,/tienda1/publico/vaciar.jsp,0.9951183300180427,0.44,BLOQUEADA,403
2026-09-16T16:19:41.336403+00:00,GET,/tienda1/global/creditos.jsp,0.990539076836721,0.44,BLOQUEADA,403
2026-09-16T16:19:41.383048+00:00,POST,/tienda1/publico/registro.jsp,0.9993943841342947,0.44,BLOQUEADA,403
2026-09-16T16:19:41.429565+00:00,GET,/tienda1/publico/registro.jsp,0.9989161418016665,0.44,BLOQUEADA,403
2026-09-16T16:19:41.478168+00:00,GET,/tienda1/imagenes/1.gif,0.991023481416651,0.44,BLOQUEADA,403
2026-09-16T16:19:41.524730+00:00,GET,/tienda1/publico/productos.jsp,0.9911773385617778,0.44,BLOQUEADA,403
2026-09-16T16:19:41.571375+00:00,POST,/tienda1/publico/registro.jsp,0.9917031036018191,0.44,BLOQUEADA,403
2026-09-16T16:19:41.618728+00:00,GET,/tienda1/publico/anadir.jsp,0.9968123571338283,0.44,BLOQUEADA,403
2026-09-16T16:19:41.664921+00:00,GET,/tienda1/imagenes/logo.gif/6909030637832563290.jsp,0.991617561832433,0.44,BLOQUEADA,403
2026-09-16T16:19:41.710344+00:00,POST,/tienda1/publico/registro.jsp,0.9924407555537181,0.44,BLOQUEADA,403
2026-09-16T16:19:41.756510+00:00,GET,/tienda1/miembros/editar.jsp,0.9990391731796625,0.44,BLOQUEADA,403
2026-09-16T16:19:41.806854+00:00,GET,/asf-logo-wide,0.9920278160823796,0.44,BLOQUEADA,403
2026-09-16T16:19:41.853983+00:00,POST,/tienda1/publico/entrar.jsp,0.9956736717593193,0.44,BLOQUEADA,403
2026-09-16T16:19:41.900153+00:00,GET,/tienda1/publico/pagar.jsp,0.9994569731316209,0.44,BLOQUEADA,403
2026-09-16T16:19:41.945573+00:00,GET,/tienda1/imagenes/logo.gif,0.9924105369433636,0.44,BLOQUEADA,403
2026-09-16T16:19:41.994247+00:00,GET,/tienda1/miembros/editar.jsp,0.9995842784036397,0.44,BLOQUEADA,403
2026-09-16T16:19:42.046825+00:00,GET,/tienda1/imagenes/nuestratierra.jpg,0.9926514887261595,0.44,BLOQUEADA,403
2026-09-16T16:19:42.094483+00:00,GET,/tienda1/miembros/editar.jsp,0.999081396698102,0.44,BLOQUEADA,403
2026-09-16T16:19:42.143976+00:00,GET,/tienda1/publico/caracteristicas.jsp,0.9939968187744834,0.44,BLOQUEADA,403
2026-09-16T16:19:42.190457+00:00,GET,/tienda1/publico/carrito.jsp,0.9929931360289258,0.44,BLOQUEADA,403
2026-09-16T16:19:42.237076+00:00,POST,/tienda1/publico/entrar.jsp,0.9962221062690245,0.44,BLOQUEADA,403
2026-09-16T16:19:42.284827+00:00,POST,/tienda1/publico/anadir.jsp,0.9959801372775822,0.44,BLOQUEADA,403
2026-09-16T16:19:42.331272+00:00,GET,/samples/dbsamp/dbsamp1.htm,0.9933127115858192,0.44,BLOQUEADA,403
2026-09-16T16:19:42.377695+00:00,GET,/tienda1/global/titulo.jsp,0.9934146335838429,0.44,BLOQUEADA,403
2026-09-16T16:19:42.424763+00:00,POST,/tienda1/miembros/editar.jsp,0.992916159377388,0.44,BLOQUEADA,403
2026-09-16T16:19:42.470883+00:00,GET,/tienda1/publico/registro.jsp,0.9990690672296253,0.44,BLOQUEADA,403
2026-09-16T16:19:42.519690+00:00,GET,/tienda1/publico/pagar.jsp,0.996921414114841,0.44,BLOQUEADA,403
2026-09-16T16:19:42.566077+00:00,GET,/tienda1/publico/caracteristicas.jsp,0.9947344986096525,0.44,BLOQUEADA,403
2026-09-16T16:19:42.611446+00:00,POST,/tienda1/miembros/editar.jsp,0.9942139246696183,0.44,BLOQUEADA,403
2026-09-16T16:19:42.657670+00:00,GET,/tienda1/imagenes/cmenbul.gif,0.993981925731838,0.44,BLOQUEADA,403
2026-09-16T16:19:42.705276+00:00,GET,/tienda1/publico/vaciar.jsp,0.9951820759058918,0.44,BLOQUEADA,403
2026-09-16T16:19:42.751764+00:00,GET,/tienda1/publico/autenticar.jsp,0.9975293815406042,0.44,BLOQUEADA,403
2026-09-16T16:19:42.797547+00:00,GET,/.INC,0.994239515060477,0.44,BLOQUEADA,403
2026-09-16T16:19:42.843007+00:00,GET,/tienda1/miembros/imagenes/castro.jpg,0.9943218426524708,0.44,BLOQUEADA,403
2026-09-16T16:19:42.889219+00:00,GET,/tienda1/imagenes/cmenbul.gif,0.9944024771440261,0.44,BLOQUEADA,403
2026-09-16T16:19:42.935990+00:00,GET,/tienda1/publico/entrar.jsp,0.9957473758210982,0.44,BLOQUEADA,403
2026-09-16T16:19:42.982394+00:00,GET,/tienda1/miembros/salir.jsp,0.994558836876979,0.44,BLOQUEADA,403
2026-09-16T16:19:43.028434+00:00,GET,/tienda1/miembros/imagenes/zarauz.jpg,0.9946346440530031,0.44,BLOQUEADA,403
2026-09-16T16:19:43.074999+00:00,GET,/tienda1/publico/autenticar.jsp,0.9977280791847214,0.44,BLOQUEADA,403
2026-09-16T16:19:43.121044+00:00,POST,/tienda1/miembros/editar.jsp,0.9994631330933768,0.44,BLOQUEADA,403
2026-09-16T16:19:43.170235+00:00,GET,/tienda1/publico/registro.jsp,0.9991476948699557,0.44,BLOQUEADA,403
2026-09-16T16:19:43.223656+00:00,GET,/tienda1/miembros/editar.jsp,0.9991523639687768,0.44,BLOQUEADA,403
2026-09-16T16:19:43.273527+00:00,GET,/tienda1/publico/anadir.jsp,0.9978716029172693,0.44,BLOQUEADA,403
2026-09-16T16:19:43.319452+00:00,POST,/tienda1/publico/pagar.jsp,0.9994926314320729,0.44,BLOQUEADA,403
2026-09-16T16:19:43.366260+00:00,GET,/tienda1/publico/autenticar.jsp,0.9980602441247962,0.44,BLOQUEADA,403
2026-09-16T16:19:43.410886+00:00,GET,/tienda1/publico/registro.jsp,0.9991704092371758,0.44,BLOQUEADA,403
2026-09-16T16:19:43.460282+00:00,POST,/tienda1/publico/pagar.jsp,0.9994967865343242,0.44,BLOQUEADA,403
2026-09-16T16:19:43.506667+00:00,GET,/asf-logo-wide.gif,0.9953145449515184,0.44,BLOQUEADA,403
2026-09-16T16:19:43.552716+00:00,GET,/tienda1/imagenes/cmenbul.gif,0.995375454421526,0.44,BLOQUEADA,403
2026-09-16T16:19:43.598421+00:00,POST,/tienda1/publico/anadir.jsp,0.997111734128354,0.44,BLOQUEADA,403
2026-09-16T16:19:43.644482+00:00,GET,/tienda1/publico/autenticar.jsp,0.9980023800367568,0.44,BLOQUEADA,403
2026-09-16T16:19:43.691796+00:00,GET,/tienda1/global/titulo.jsp,0.9955513000460899,0.44,BLOQUEADA,403
2026-09-16T16:19:43.738102+00:00,POST,/tienda1/publico/caracteristicas.jsp,0.9974696317438146,0.44,BLOQUEADA,403
2026-09-16T16:19:43.783705+00:00,POST,/tienda1/publico/anadir.jsp,0.9972330810985901,0.44,BLOQUEADA,403
2026-09-16T16:19:43.830672+00:00,GET,/tienda1/publico/caracteristicas.jsp,0.996305010889573,0.44,BLOQUEADA,403
2026-09-16T16:19:43.875943+00:00,GET,/tienda1/publico/registro.jsp,0.9992494353289935,0.44,BLOQUEADA,403
2026-09-16T16:19:43.924467+00:00,GET,/tienda1/publico/entrar.jsp,0.9967453389491633,0.44,BLOQUEADA,403
2026-09-16T16:19:43.970594+00:00,GET,/tienda1/imagenes/2.gif/6909030637832563290.jsp.OLD,0.9958743646273434,0.44,BLOQUEADA,403
2026-09-16T16:19:44.016298+00:00,GET,/tienda1/publico/entrar.jsp,0.9968202253302326,0.44,BLOQUEADA,403
2026-09-16T16:19:44.063055+00:00,GET,/tienda1/asf-logo-wide.BAK,0.9959742744388257,0.44,BLOQUEADA,403
2026-09-16T16:19:44.108762+00:00,POST,/tienda1/publico/vaciar.jsp,0.9995151974208408,0.44,BLOQUEADA,403
2026-09-16T16:19:44.155920+00:00,GET,/tienda1/miembros/imagenes/castro.jpg,0.996070587356592,0.44,BLOQUEADA,403
2026-09-16T16:19:44.203071+00:00,GET,/tienda1/publico/registro.jsp,0.9992371915125337,0.44,BLOQUEADA,403
2026-09-16T16:19:44.251359+00:00,GET,/tienda1/publico/vaciar.jsp,0.9995111742105379,0.44,BLOQUEADA,403
2026-09-16T16:19:44.297361+00:00,GET,/tienda1/imagenes/1.gif,0.9962086635023061,0.44,BLOQUEADA,403
2026-09-16T16:19:44.343446+00:00,POST,/tienda1/publico/caracteristicas.jsp,0.997766499194217,0.44,BLOQUEADA,403
2026-09-16T16:19:44.390558+00:00,GET,/tienda1/publico/vaciar.jsp,0.9969160546194056,0.44,BLOQUEADA,403
2026-09-16T16:19:44.436396+00:00,GET,/tienda1/publico/vaciar.jsp,0.996960572387746,0.44,BLOQUEADA,403
2026-09-16T16:19:44.482401+00:00,GET,/tienda1/imagenes/1.gif/,0.9963816134605374,0.44,BLOQUEADA,403
2026-09-16T16:19:44.528568+00:00,GET,/tienda1/miembros/imagenes/zarauz.jpg,0.996422975775147,0.44,BLOQUEADA,403
2026-09-16T16:19:44.574973+00:00,GET,/tienda1/miembros/index.jsp,0.9964636208460254,0.44,BLOQUEADA,403
2026-09-16T16:19:44.620673+00:00,GET,/tienda1/publico/miembros.jsp,0.9965035643442663,0.44,BLOQUEADA,403
2026-09-16T16:19:44.669526+00:00,GET,/tienda1/imagenes/cmenbul.gif,0.9965428215367977,0.44,BLOQUEADA,403
2026-09-16T16:19:44.718379+00:00,GET,/tienda1/publico/caracteristicas.jsp,0.9970044487596665,0.44,BLOQUEADA,403
2026-09-16T16:19:44.764967+00:00,GET,/tienda1/imagenes/cmenbul.gif,0.9966193361220731,0.44,BLOQUEADA,403
2026-09-16T16:19:44.810852+00:00,GET,/tienda1/publico/caracteristicas.jsp,0.9970669243987992,0.44,BLOQUEADA,403
2026-09-16T16:19:44.857435+00:00,GET,/tienda1/global/estilos.css,0.9966932790931914,0.44,BLOQUEADA,403
2026-09-16T16:19:44.903544+00:00,GET,/tienda1/miembros/salir.jsp,0.9967293204207929,0.44,BLOQUEADA,403
2026-09-16T16:19:44.949238+00:00,POST,/tienda1/publico/entrar.jsp,0.9979494364237929,0.44,BLOQUEADA,403
2026-09-16T16:19:44.995347+00:00,GET,/tienda1/publico/anadir.jsp,0.9984511090502053,0.44,BLOQUEADA,403
2026-09-16T16:19:45.041837+00:00,GET,/tienda1/publico/vaciar.jsp,0.9973399871684159,0.44,BLOQUEADA,403
2026-09-16T16:19:45.088807+00:00,GET,/tienda1/publico/miembros.jsp,0.9968675860576095,0.44,BLOQUEADA,403
2026-09-16T16:19:45.135750+00:00,GET,/tienda1/global/titulo.jsp,0.9969007389313516,0.44,BLOQUEADA,403
2026-09-16T16:19:45.182565+00:00,GET,/tienda1/publico/anadir.jsp,0.9985111136481912,0.44,BLOQUEADA,403
2026-09-16T16:19:45.230535+00:00,GET,/tienda1/miembros/editar.jsp,0.9995938895543092,0.44,BLOQUEADA,403
2026-09-16T16:19:45.278995+00:00,GET,/iissamples/ExAir/dfault.asp,0.9969969906854298,0.44,BLOQUEADA,403
2026-09-16T16:19:45.325556+00:00,GET,/tienda1/imagenes/2.gif,0.9970280421921658,0.44,BLOQUEADA,403
2026-09-16T16:19:45.372475+00:00,GET,/tienda1/publico/entrar.jsp,0.9982281482209862,0.44,BLOQUEADA,403
2026-09-16T16:19:45.418866+00:00,GET,/tienda1/miembros/imagenes/ogono.jpg,0.9970886595737594,0.44,BLOQUEADA,403
2026-09-16T16:19:45.464507+00:00,POST,/tienda1/publico/pagar.jsp,0.9995340504338863,0.44,BLOQUEADA,403
2026-09-16T16:19:45.510426+00:00,POST,/tienda1/publico/autenticar.jsp,0.9980625098930908,0.44,BLOQUEADA,403
2026-09-16T16:19:45.556690+00:00,GET,/tienda1/global/estilos.css,0.9971760205380172,0.44,BLOQUEADA,403
2026-09-16T16:19:45.602835+00:00,GET,/tienda1/imagenes/logo.gif,0.9972042282250286,0.44,BLOQUEADA,403
2026-09-16T16:19:45.647761+00:00,GET,/tienda1/global/titulo.jsp,0.9972319947903769,0.44,BLOQUEADA,403
2026-09-16T16:19:45.695813+00:00,GET,/tienda1/global/titulo.jsp,0.9972593290251885,0.44,BLOQUEADA,403
2026-09-16T16:19:45.743417+00:00,GET,/tienda1/miembros/fotos.jsp,0.9972862395114215,0.44,BLOQUEADA,403
2026-09-16T16:19:45.790136+00:00,GET,/asf-logo-wide.gif,0.9973127346275515,0.44,BLOQUEADA,403
2026-09-16T16:19:45.836220+00:00,GET,/tienda1/publico/vaciar.jsp,0.9977413042641438,0.44,BLOQUEADA,403
2026-09-16T16:19:45.882688+00:00,POST,/tienda1/miembros/editar.jsp,0.9975822605539081,0.44,BLOQUEADA,403
2026-09-16T16:19:45.928758+00:00,POST,/tienda1/publico/autenticar.jsp,0.9995411885951526,0.44,BLOQUEADA,403
2026-09-16T16:19:45.974365+00:00,POST,/tienda1/publico/autenticar.jsp,0.9982395279580433,0.44,BLOQUEADA,403
2026-09-16T16:19:46.021432+00:00,POST,/tienda1/publico/entrar.jsp,0.9982658565552683,0.44,BLOQUEADA,403
2026-09-16T16:19:46.067663+00:00,GET,/tienda1/publico/registro.jsp,0.9993919856847993,0.44,BLOQUEADA,403
2026-09-16T16:19:46.115456+00:00,POST,/tienda1/publico/anadir.jsp,0.9994644372418193,0.44,BLOQUEADA,403
2026-09-16T16:19:46.161717+00:00,GET,/tienda1/publico/registro.jsp,0.9993530410744719,0.44,BLOQUEADA,403
2026-09-16T16:19:46.209949+00:00,POST,/tienda1/publico/registro.jsp,0.9944794282399116,0.44,BLOQUEADA,403
2026-09-16T16:19:46.257027+00:00,POST,/tienda1/publico/pagar.jsp,0.9995460597790902,0.44,BLOQUEADA,403
2026-09-16T16:19:46.303035+00:00,POST,/tienda1/miembros/editar.jsp,0.9976973295894593,0.44,BLOQUEADA,403
2026-09-16T16:19:46.348783+00:00,GET,/tienda1/asf-logo-wide.bak,0.997601071985539,0.44,BLOQUEADA,403
2026-09-16T16:19:46.395281+00:00,GET,/tienda1/publico/entrar.jsp,0.9980731658291052,0.44,BLOQUEADA,403
2026-09-16T16:19:46.441471+00:00,GET,/msadc/adcvbs.inc,0.9976443043876295,0.44,BLOQUEADA,403
2026-09-16T16:19:46.487356+00:00,GET,/tienda1/publico/caracteristicas.jsp,0.9995835203395899,0.44,BLOQUEADA,403
2026-09-16T16:19:46.533735+00:00,GET,/_cti_pvt/dectodep.btr,0.9976862937596592,0.44,BLOQUEADA,403
2026-09-16T16:19:46.579635+00:00,GET,/tienda1/publico/registro.jsp,0.9993920191257917,0.44,BLOQUEADA,403
2026-09-16T16:19:46.628109+00:00,GET,/tienda1/imagenes/1.gif,0.997727085766024,0.44,BLOQUEADA,403
2026-09-16T16:19:46.673432+00:00,POST,/tienda1/miembros/editar.jsp,0.9995370823616891,0.44,BLOQUEADA,403
2026-09-16T16:19:46.719439+00:00,GET,/tienda1/miembros/editar.jsp,0.9995993118602283,0.44,BLOQUEADA,403
2026-09-16T16:19:46.769021+00:00,GET,/tienda1/publico/miembros.jsp,0.9977861236792456,0.44,BLOQUEADA,403
2026-09-16T16:19:46.814657+00:00,GET,/tienda1/miembros/imagenes/ogono.jpg,0.9978052503804015,0.44,BLOQUEADA,403
2026-09-16T16:19:46.860509+00:00,POST,/tienda1/publico/entrar.jsp,0.9984815525670417,0.44,BLOQUEADA,403
2026-09-16T16:19:46.906379+00:00,GET,/tienda1/imagenes/logo.gif,0.9978427046575773,0.44,BLOQUEADA,403
2026-09-16T16:19:46.951955+00:00,GET,/asf-logo-wide.gif/.Old,0.9978610417831184,0.44,BLOQUEADA,403
2026-09-16T16:19:46.998878+00:00,GET,/tienda1/publico/caracteristicas.jsp,0.9990194766229769,0.44,BLOQUEADA,403
2026-09-16T16:19:47.047580+00:00,POST,/tienda1/publico/vaciar.jsp,0.9985572886480681,0.44,BLOQUEADA,403
2026-09-16T16:19:47.093891+00:00,GET,/tienda1/miembros/imagenes/castro.jpg/asf-logo-wide,0.9979145482545807,0.44,BLOQUEADA,403
2026-09-16T16:19:47.140466+00:00,GET,/tienda1/imagenes/1.gif,0.9979318968550581,0.44,BLOQUEADA,403
2026-09-16T16:19:47.186717+00:00,GET,/tienda1/miembros/fotos.jsp,0.9979490091469578,0.44,BLOQUEADA,403
2026-09-16T16:19:47.235115+00:00,GET,/tienda1/miembros/imagenes/zarauz.jpg,0.997965889275373,0.44,BLOQUEADA,403
2026-09-16T16:19:47.281449+00:00,GET,/tienda1/publico/anadir.jsp,0.9988854472184335,0.44,BLOQUEADA,403
2026-09-16T16:19:47.328475+00:00,GET,/tienda1/imagenes/1.gif,0.9979989691841095,0.44,BLOQUEADA,403
2026-09-16T16:19:47.374774+00:00,GET,/tienda1/publico/anadir.jsp,0.9989145407491482,0.44,BLOQUEADA,403
2026-09-16T16:19:47.420449+00:00,GET,/tienda1/imagenes/nuestratierra.jpg,0.9980311680198145,0.44,BLOQUEADA,403
2026-09-16T16:19:47.467103+00:00,GET,/tienda1/imagenes/logo.gif,0.9980469465004089,0.44,BLOQUEADA,403
2026-09-16T16:19:47.512785+00:00,GET,/tienda1/publico/autenticar.jsp,0.9989033140201726,0.44,BLOQUEADA,403
2026-09-16T16:19:47.560676+00:00,GET,/tienda1/imagenes/1.gif,0.9980778798296879,0.44,BLOQUEADA,403
2026-09-16T16:19:47.607420+00:00,GET,/tienda1/imagenes/nuestratierra.jpg,0.998093041748723,0.44,BLOQUEADA,403
2026-09-16T16:19:47.653798+00:00,GET,/tienda1/publico/vaciar.jsp,0.9985346624971057,0.44,BLOQUEADA,403
2026-09-16T16:19:47.700696+00:00,POST,/tienda1/miembros/editar.jsp,0.9983214021081266,0.44,BLOQUEADA,403
2026-09-16T16:19:47.747395+00:00,GET,/tienda1/imagenes/logo.gif,0.9981373494266261,0.44,BLOQUEADA,403
2026-09-16T16:19:47.793294+00:00,GET,/tienda1/global/estilos.css/,0.9981517369156467,0.44,BLOQUEADA,403
2026-09-16T16:19:47.839529+00:00,GET,/tienda1/publico/pagar.jsp,0.9995540681448678,0.44,BLOQUEADA,403
2026-09-16T16:19:47.885193+00:00,POST,/tienda1/publico/vaciar.jsp,0.9986210890272893,0.44,BLOQUEADA,403
2026-09-16T16:19:47.930962+00:00,POST,/tienda1/publico/entrar.jsp,0.9995698006900614,0.44,BLOQUEADA,403
2026-09-16T16:19:47.976264+00:00,GET,/tienda1/publico/anadir.jsp,0.998977154014402,0.44,BLOQUEADA,403
2026-09-16T16:19:48.023922+00:00,GET,/tienda1/miembros/salir.jsp,0.9982209518508525,0.44,BLOQUEADA,403
2026-09-16T16:19:48.071560+00:00,POST,/tienda1/publico/caracteristicas.jsp,0.9987644615747494,0.44,BLOQUEADA,403
2026-09-16T16:19:48.117824+00:00,GET,/tienda1/imagenes/1.gif,0.9982474224241087,0.44,BLOQUEADA,403
2026-09-16T16:19:48.165451+00:00,GET,/tienda1/global/estilos.css,0.9982604085482759,0.44,BLOQUEADA,403
2026-09-16T16:19:48.211976+00:00,POST,/tienda1/miembros/editar.jsp,0.9984778090625402,0.44,BLOQUEADA,403
2026-09-16T16:19:48.258364+00:00,GET,/tienda1/imagenes/cmenbul.gif,0.9982858958770036,0.44,BLOQUEADA,403
2026-09-16T16:19:48.306579+00:00,GET,/tienda1/publico/anadir.jsp,0.999075781184603,0.44,BLOQUEADA,403
2026-09-16T16:19:48.353211+00:00,GET,/tienda1/publico/carrito.jsp/6909030637832563290.jsp.BAK,0.998310753906598,0.44,BLOQUEADA,403
2026-09-16T16:19:48.400359+00:00,GET,/tienda1/global/estilos.css,0.9983229532168906,0.44,BLOQUEADA,403
2026-09-16T16:19:48.447013+00:00,GET,/tienda1/publico/anadir.jsp,0.9990888575911369,0.44,BLOQUEADA,403
2026-09-16T16:19:48.493135+00:00,GET,/tienda1/publico/autenticar.jsp,0.9995781084624817,0.44,BLOQUEADA,403
2026-09-16T16:19:48.539311+00:00,GET,/tienda1/imagenes/logo.gif/,0.9983586613203038,0.44,BLOQUEADA,403
2026-09-16T16:19:48.584941+00:00,GET,/tienda1/imagenes/cmenbul.gif,0.9983702751932642,0.44,BLOQUEADA,403
2026-09-16T16:19:48.631718+00:00,POST,/tienda1/publico/vaciar.jsp,0.9988287334725693,0.44,BLOQUEADA,403
2026-09-16T16:19:48.677464+00:00,GET,/tienda1/miembros/index.jsp,0.9983930832329178,0.44,BLOQUEADA,403
2026-09-16T16:19:48.723492+00:00,GET,/tienda1/publico/anadir.jsp,0.9990654855649413,0.44,BLOQUEADA,403
2026-09-16T16:19:48.769939+00:00,GET,/tienda1/miembros/editar.jsp,0.9994450908809573,0.44,BLOQUEADA,403
2026-09-16T16:19:48.818840+00:00,GET,/tienda1/imagenes/nuestratierra.jpg/.Inc,0.9984262784238058,0.44,BLOQUEADA,403
2026-09-16T16:19:48.864987+00:00,GET,/tienda1/global/menum.jsp,0.9984370806756843,0.44,BLOQUEADA,403
2026-09-16T16:19:48.910669+00:00,GET,/tienda1/publico/caracteristicas.jsp,0.9985816974797924,0.44,BLOQUEADA,403
2026-09-16T16:19:48.958009+00:00,GET,/tienda1/publico/registro.jsp,0.9994629719747294,0.44,BLOQUEADA,403
2026-09-16T16:19:49.006585+00:00,POST,/tienda1/publico/autenticar.jsp,0.9988489474115846,0.44,BLOQUEADA,403
2026-09-16T16:19:49.052332+00:00,POST,/tienda1/publico/entrar.jsp,0.9988661386999294,0.44,BLOQUEADA,403
2026-09-16T16:19:49.098341+00:00,GET,/tienda1/publico/anadir.jsp,0.9991000675560168,0.44,BLOQUEADA,403
2026-09-16T16:19:49.143728+00:00,GET,/tienda1/global/creditos.jsp/,0.9984992727475948,0.44,BLOQUEADA,403
2026-09-16T16:19:49.190540+00:00,GET,/tienda1/imagenes/2.gif,0.9985092186635921,0.44,BLOQUEADA,403
2026-09-16T16:19:49.237587+00:00,GET,/tienda1/miembros/editar.jsp,0.9994570019293862,0.44,BLOQUEADA,403
2026-09-16T16:19:49.285960+00:00,GET,/tienda1/miembros/fotos.jsp,0.9985287670648892,0.44,BLOQUEADA,403
2026-09-16T16:19:49.332425+00:00,GET,/tienda1/imagenes/nuestratierra.jpg,0.9985383729599263,0.44,BLOQUEADA,403
2026-09-16T16:19:49.378113+00:00,POST,/tienda1/publico/vaciar.jsp,0.9989261691023896,0.44,BLOQUEADA,403
2026-09-16T16:19:49.423584+00:00,GET,/tienda1/asf-logo-wide.gif,0.9985572564302757,0.44,BLOQUEADA,403
2026-09-16T16:19:49.469986+00:00,GET,/tienda1/publico/anadir.jsp,0.9991225994354365,0.44,BLOQUEADA,403
2026-09-16T16:19:49.515794+00:00,GET,/tienda1/miembros/salir.jsp,0.9985757128464479,0.44,BLOQUEADA,403
2026-09-16T16:19:49.562622+00:00,GET,/tienda1/global/menum.jsp,0.9985847848151232,0.44,BLOQUEADA,403
2026-09-16T16:19:49.608502+00:00,GET,/tienda1/imagenes/1.gif/.bak,0.9985937546511175,0.44,BLOQUEADA,403
2026-09-16T16:19:49.655589+00:00,POST,/tienda1/publico/caracteristicas.jsp,0.9989739842925233,0.44,BLOQUEADA,403
2026-09-16T16:29:56.413104+00:00,GET,/tienda1/miembros/imagenes/castro.jpg,0.002995806901833758,0.44,LIBERADA,200
2026-09-16T16:29:56.465781+00:00,GET,/tienda1/imagenes/1.gif,0.0030527582216806014,0.44,LIBERADA,200
2026-09-16T16:29:56.515337+00:00,GET,/tienda1/publico/pagar.jsp,0.988318775530027,0.44,BLOQUEADA,403
2026-09-16T16:29:56.562035+00:00,POST,/tienda1/publico/caracteristicas.jsp,0.007774641141437682,0.44,LIBERADA,200
2026-09-16T16:29:56.610116+00:00,POST,/tienda1/publico/anadir.jsp,0.006118084337523877,0.44,LIBERADA,200
2026-09-16T16:29:56.658105+00:00,GET,/CFIDE/administrator/index.cfm,0.003297842777179281,0.44,LIBERADA,200
2026-09-16T16:29:56.706273+00:00,GET,/tienda1/publico/entrar.jsp,0.003995368448060525,0.44,LIBERADA,200
2026-09-16T16:29:56.756055+00:00,GET,/tienda1/publico/miembros.jsp,0.0034316297312468043,0.44,LIBERADA,200
2026-09-16T16:29:56.805161+00:00,POST,/tienda1/publico/autenticar.jsp,0.004855525365175765,0.44,LIBERADA,200
2026-09-16T16:29:56.854550+00:00,POST,/tienda1/publico/autenticar.jsp,0.007167127965491553,0.44,LIBERADA,200
2026-09-16T16:29:56.903789+00:00,GET,/samples/gbook/query.htm,0.0036479216129616937,0.44,LIBERADA,200
2026-09-16T16:29:56.955823+00:00,POST,/tienda1/miembros/editar.jsp,0.0038852054701476514,0.44,LIBERADA,200
2026-09-16T16:29:57.008678+00:00,GET,/tienda1/publico/autenticar.jsp,0.013956496138898405,0.44,LIBERADA,200
2026-09-16T16:29:57.060922+00:00,GET,/tienda1/publico/entrar.jsp,0.0046467985050978305,0.44,LIBERADA,200
2026-09-16T16:29:57.110474+00:00,GET,/tienda1/publico/entrar.jsp,0.004751788528715089,0.44,LIBERADA,200
2026-09-16T16:29:57.161068+00:00,GET,/tienda1/publico/vaciar.jsp,0.004867779660853012,0.44,LIBERADA,200
2026-09-16T16:29:57.211093+00:00,GET,/tienda1/publico/entrar.jsp,0.004983816096311293,0.44,LIBERADA,200
2026-09-16T16:29:57.263545+00:00,GET,/tienda1/publico/autenticar.jsp,0.012531766613281209,0.44,LIBERADA,200
2026-09-16T16:29:57.314691+00:00,GET,/tienda1/publico/miembros.jsp,0.004331929563866735,0.44,LIBERADA,200
2026-09-16T16:29:57.364288+00:00,POST,/tienda1/publico/vaciar.jsp,0.01131757035412228,0.44,LIBERADA,200
2026-09-16T16:29:57.412742+00:00,GET,/tienda1/imagenes/logo.gif,0.00453143836936683,0.44,LIBERADA,200
2026-09-16T16:29:57.461446+00:00,POST,/tienda1/publico/pagar.jsp,0.9915633984327981,0.44,BLOQUEADA,403
2026-09-16T16:29:57.508091+00:00,POST,/tienda1/publico/caracteristicas.jsp,0.013483839767042835,0.44,LIBERADA,200
2026-09-16T16:29:57.557215+00:00,POST,/tienda1/publico/pagar.jsp,0.9919432515708034,0.44,BLOQUEADA,403
2026-09-16T16:29:57.605343+00:00,GET,/IISSamples/sdk/asp/docs/sampfram.asp,0.004971014519047503,0.44,LIBERADA,200
2026-09-16T16:29:57.655643+00:00,GET,/tienda1/index.jsp,0.005090127606431494,0.44,LIBERADA,200
2026-09-16T16:29:57.703899+00:00,GET,/tienda1/publico/miembros.jsp,0.005213214716543757,0.44,LIBERADA,200
2026-09-16T16:29:57.753875+00:00,POST,/tienda1/miembros/editar.jsp,0.005208157196356265,0.44,LIBERADA,200
2026-09-16T16:29:57.803606+00:00,GET,/tienda1/miembros/editar.jsp,0.19147789450400177,0.44,LIBERADA,200
2026-09-16T16:29:57.854733+00:00,GET,/tienda1/miembros/editar.jsp,0.1977086607326972,0.44,LIBERADA,200
2026-09-16T16:29:57.906428+00:00,POST,/tienda1/publico/autenticar.jsp,0.01285516649031295,0.44,LIBERADA,200
2026-09-16T16:29:57.955419+00:00,GET,/tienda1/publico/registro.jsp,0.6124212163800039,0.44,BLOQUEADA,403
2026-09-16T16:29:58.005965+00:00,POST,/tienda1/publico/registro.jsp,0.0017252433042374657,0.44,LIBERADA,200
2026-09-16T16:29:58.055007+00:00,POST,/tienda1/publico/pagar.jsp,0.9936821133677674,0.44,BLOQUEADA,403
2026-09-16T16:29:58.103662+00:00,GET,/tienda1/miembros/fotos.jsp,0.006360900718633968,0.44,LIBERADA,200
2026-09-16T16:29:58.156173+00:00,GET,/tienda1/imagenes/logo.gif,0.006527532907550786,0.44,LIBERADA,200
2026-09-16T16:29:58.205517+00:00,GET,/tienda1/miembros/imagenes/zarauz.jpg,0.006700011952479204,0.44,LIBERADA,200
2026-09-16T16:29:58.255783+00:00,GET,/tienda1/publico/entrar.jsp,0.008422557958749462,0.44,LIBERADA,200
2026-09-16T16:29:58.305342+00:00,GET,/tienda1/publico/autenticar.jsp,0.024280612563376297,0.44,LIBERADA,200
2026-09-16T16:29:58.355030+00:00,POST,/tienda1/publico/caracteristicas.jsp,0.023443502080893394,0.44,LIBERADA,200
2026-09-16T16:29:58.404641+00:00,GET,/tienda1/global/menum.jsp,0.007453244358244244,0.44,LIBERADA,200
2026-09-16T16:29:58.453640+00:00,GET,/tienda1/publico/entrar.jsp,0.009414377674593548,0.44,LIBERADA,200
2026-09-16T16:29:58.502744+00:00,POST,/tienda1/publico/autenticar.jsp,0.01907134280612513,0.44,LIBERADA,200
2026-09-16T16:29:58.552601+00:00,GET,/tienda1/publico/miembros.jsp,0.008092128562388976,0.44,LIBERADA,200
2026-09-16T16:29:58.603997+00:00,POST,/tienda1/publico/anadir.jsp,0.020193425459936278,0.44,LIBERADA,200
2026-09-16T16:29:58.655022+00:00,GET,/tienda1/miembros/salir.jsp,0.00855772992950207,0.44,LIBERADA,200
2026-09-16T16:29:58.704675+00:00,GET,/tienda1/imagenes/3.gif.bak,0.008803426004319997,0.44,LIBERADA,200
2026-09-16T16:29:58.754288+00:00,GET,/tienda1/imagenes/cmenbul.gif,0.009058194013577365,0.44,LIBERADA,200
2026-09-16T16:29:58.803151+00:00,GET,/tienda1/publico/miembros.jsp,0.00932240985140636,0.44,LIBERADA,200
2026-09-16T16:29:58.852323+00:00,GET,/tienda1/imagenes/1.gif.old,0.009596465965218686,0.44,LIBERADA,200
2026-09-16T16:29:58.902801+00:00,GET,/tienda1/publico/anadir.jsp,0.03676662575101823,0.44,LIBERADA,200
2026-09-16T16:29:58.952720+00:00,GET,/tienda1/imagenes/cmenbul.gif,0.010175756025163617,0.44,LIBERADA,200
2026-09-16T16:29:59.004624+00:00,GET,/tienda1/global/creditos.jsp,0.010481864413398047,0.44,LIBERADA,200
2026-09-16T16:29:59.057336+00:00,POST,/tienda1/miembros/editar.jsp,0.009854808384310994,0.44,LIBERADA,200
2026-09-16T16:29:59.107018+00:00,POST,/tienda1/publico/caracteristicas.jsp,0.039928081843510925,0.44,LIBERADA,200
2026-09-16T16:29:59.156191+00:00,POST,/tienda1/publico/vaciar.jsp,0.03737707943287145,0.44,LIBERADA,200
2026-09-16T16:29:59.205030+00:00,POST,/tienda1/publico/caracteristicas.jsp,0.9944691604027645,0.44,BLOQUEADA,403
2026-09-16T16:29:59.252553+00:00,POST,/tienda1/publico/caracteristicas.jsp,0.0445914646347246,0.44,LIBERADA,200
2026-09-16T16:29:59.301607+00:00,GET,/tienda1/global/titulo.jsp,0.012579733026960844,0.44,LIBERADA,200
2026-09-16T16:29:59.351134+00:00,GET,/tienda1/miembros/index.jsp,0.012977985833506818,0.44,LIBERADA,200
2026-09-16T16:29:59.400048+00:00,GET,/samples/sampsite/sampsite.htm,0.013391722118964937,0.44,LIBERADA,200
2026-09-16T16:29:59.449867+00:00,GET,/tienda1/publico/6909030637832563290.jsp,0.013821599864289043,0.44,LIBERADA,200
2026-09-16T16:29:59.498482+00:00,GET,/tienda1/imagenes/1.gif,0.014268305839710227,0.44,LIBERADA,200
2026-09-16T16:29:59.547823+00:00,POST,/tienda1/publico/registro.jsp,0.01070779697872009,0.44,LIBERADA,200
2026-09-16T16:29:59.596902+00:00,POST,/tienda1/publico/anadir.jsp,0.03868167646309424,0.44,LIBERADA,200
2026-09-16T16:29:59.648341+00:00,GET,/tienda1/publico/caracteristicas.jsp,0.9978406025575038,0.44,BLOQUEADA,403
2026-09-16T16:29:59.697566+00:00,POST,/tienda1/publico/registro.jsp,0.014607057031810982,0.44,LIBERADA,200
2026-09-16T16:29:59.745502+00:00,POST,/tienda1/publico/pagar.jsp,0.9966551292265234,0.44,BLOQUEADA,403
2026-09-16T16:29:59.793488+00:00,GET,/tienda1/publico/anadir.jsp,0.07117065356911771,0.44,LIBERADA,200
2026-09-16T16:29:59.843529+00:00,POST,/tienda1/publico/registro.jsp,0.016024950956959085,0.44,LIBERADA,200
2026-09-16T16:29:59.895022+00:00,GET,/tienda1/imagenes/2.gif,0.01854067646242349,0.44,LIBERADA,200
2026-09-16T16:29:59.943777+00:00,GET,/tienda1/imagenes/cmenbul.gif,0.01917512132675687,0.44,LIBERADA,200
2026-09-16T16:29:59.994209+00:00,POST,/tienda1/publico/autenticar.jsp,0.05328737036866944,0.44,LIBERADA,200
2026-09-16T16:30:00.044504+00:00,GET,/tienda1/global/creditos.jsp,0.020521798903426734,0.44,LIBERADA,200
2026-09-16T16:30:00.097389+00:00,GET,/tienda1/imagenes/1.gif,0.021236261899827108,0.44,LIBERADA,200
2026-09-16T16:30:00.149668+00:00,POST,/tienda1/publico/autenticar.jsp,0.06147745014279093,0.44,LIBERADA,200
2026-09-16T16:30:00.198613+00:00,GET,/tienda1/publico/pagar.jsp,0.9969767405952773,0.44,BLOQUEADA,403
2026-09-16T16:30:00.246177+00:00,GET,/tienda1/miembros/editar.jsp,0.7313594744397532,0.44,BLOQUEADA,403
2026-09-16T16:30:00.298429+00:00,GET,/tienda1/publico/productos.jsp,0.024396535261478895,0.44,LIBERADA,200
2026-09-16T16:30:00.349721+00:00,POST,/tienda1/publico/anadir.jsp,0.06771747797100441,0.44,LIBERADA,200
2026-09-16T16:30:00.400587+00:00,POST,/tienda1/publico/pagar.jsp,0.9971587544606046,0.44,BLOQUEADA,403
2026-09-16T16:30:00.448738+00:00,POST,/tienda1/publico/anadir.jsp,0.07305636747390871,0.44,LIBERADA,200
2026-09-16T16:30:00.498358+00:00,GET,/tienda1/miembros/fotos.jsp,0.028105704182413368,0.44,LIBERADA,200
2026-09-16T16:30:00.546735+00:00,GET,/tienda1/global/creditos.jsp,0.02912997922877584,0.44,LIBERADA,200
2026-09-16T16:30:00.599031+00:00,GET,/tienda1/publico/caracteristicas.jsp,0.9986360335795236,0.44,BLOQUEADA,403
2026-09-16T16:30:00.647435+00:00,GET,/tienda1/publico/autenticar.jsp,0.1363914518565958,0.44,LIBERADA,200
2026-09-16T16:30:00.700842+00:00,GET,/tienda1.Old,0.032462428326084126,0.44,LIBERADA,200
2026-09-16T16:30:00.751854+00:00,GET,/tienda1/publico/vaciar.jsp,0.9988428824144995,0.44,BLOQUEADA,403
2026-09-16T16:30:00.800590+00:00,GET,/tienda1/publico/anadir.jsp,0.15159077850406583,0.44,LIBERADA,200
2026-09-16T16:30:00.852174+00:00,GET,/iisadmpwd/aexp2.htr,0.0362234102374198,0.44,LIBERADA,200
2026-09-16T16:30:00.905484+00:00,GET,/tienda1/publico/anadir.jsp,0.1545782457421751,0.44,LIBERADA,200
2026-09-16T16:30:00.956613+00:00,GET,/tienda1/publico/anadir.jsp,0.16811034449184176,0.44,LIBERADA,200
2026-09-16T16:30:01.006001+00:00,GET,/tienda1/global/estilos.css,0.04046799038226578,0.44,LIBERADA,200
2026-09-16T16:30:01.055247+00:00,GET,/tienda1/miembros/fotos.jsp,0.042000701688473335,0.44,LIBERADA,200
2026-09-16T16:30:01.105145+00:00,GET,/tienda1/publico/vaciar.jsp,0.9987545696317291,0.44,BLOQUEADA,403
2026-09-16T16:30:01.152492+00:00,POST,/tienda1/publico/entrar.jsp,0.09667420932538846,0.44,LIBERADA,200
2026-09-16T16:30:01.205095+00:00,GET,/tienda1/imagenes/nuestratierra.jpg,0.046986259275416185,0.44,LIBERADA,200
2026-09-16T16:30:01.257169+00:00,GET,/tienda1/publico/caracteristicas.jsp,0.9985207953421713,0.44,BLOQUEADA,403
2026-09-16T16:30:01.304576+00:00,GET,/tienda1/publico/pagar.jsp,0.9978024236346489,0.44,BLOQUEADA,403
2026-09-16T16:30:01.352088+00:00,GET,/tienda1/miembros/editar.jsp,0.8311469006727746,0.44,BLOQUEADA,403
2026-09-16T16:30:01.403307+00:00,POST,/tienda1/miembros/editar.jsp,0.052351991799302555,0.44,LIBERADA,200
2026-09-16T16:30:01.453419+00:00,GET,/tienda1/publico/vaciar.jsp/6909030637832563290.jsp,0.05674645881520304,0.44,LIBERADA,200
2026-09-16T16:30:01.502616+00:00,POST,/tienda1/publico/entrar.jsp,0.23792296014197123,0.44,LIBERADA,200
2026-09-16T16:30:01.551927+00:00,POST,/tienda1/miembros/editar.jsp,0.05404091903051842,0.44,LIBERADA,200
2026-09-16T16:30:01.601135+00:00,GET,/tienda1/miembros/asf-logo-wide.gif,0.06360068258260992,0.44,LIBERADA,200
2026-09-16T16:30:01.650799+00:00,GET,/tienda1/global/estilos.css,0.06607057002442998,0.44,LIBERADA,200
2026-09-16T16:30:01.698822+00:00,GET,/tienda1/publico/productos.jsp,0.06863855823413695,0.44,LIBERADA,200
2026-09-16T16:30:01.747549+00:00,POST,/tienda1/publico/registro.jsp,0.058873452475950785,0.44,LIBERADA,200
2026-09-16T16:30:01.796796+00:00,GET,/tienda1/publico/miembros.jsp,0.07408257076876315,0.44,LIBERADA,200
2026-09-16T16:30:01.847777+00:00,GET,/tienda1/miembros/editar.jsp,0.8827409086568903,0.44,BLOQUEADA,403
2026-09-16T16:30:01.896949+00:00,POST,/tienda1/publico/autenticar.jsp,0.22991529598131305,0.44,LIBERADA,200
2026-09-16T16:30:01.948251+00:00,POST,/tienda1/publico/autenticar.jsp,0.24298335126414822,0.44,LIBERADA,200
2026-09-16T16:30:01.998905+00:00,GET,/tienda1/global/titulo.jsp,0.08630207707642372,0.44,LIBERADA,200
2026-09-16T16:30:02.048246+00:00,GET,/tienda1/miembros/salir.jsp,0.08965558747668223,0.44,LIBERADA,200
2026-09-16T16:30:02.099128+00:00,GET,/tienda1/publico/autenticar.jsp,0.3626780915450727,0.44,LIBERADA,200
2026-09-16T16:30:02.148234+00:00,POST,/tienda1/publico/anadir.jsp,0.25096804899853553,0.44,LIBERADA,200
2026-09-16T16:30:02.197569+00:00,GET,/tienda1/imagenes/cmenbul.gif,0.10049234303622212,0.44,LIBERADA,200
2026-09-16T16:30:02.247696+00:00,GET,/tienda1/publico/pagar.jsp,0.9984145527447659,0.44,BLOQUEADA,403
2026-09-16T16:30:02.293566+00:00,GET,/tienda1/publico/anadir.jsp.java,0.1084011249809989,0.44,LIBERADA,200
2026-09-16T16:30:02.342209+00:00,GET,/tienda1/miembros/salir.jsp~,0.11257195020754962,0.44,LIBERADA,200
2026-09-16T16:30:02.390084+00:00,GET,/tienda1/imagenes/nuestratierra.jpg,0.11689193914848656,0.44,LIBERADA,200
2026-09-16T16:30:02.439674+00:00,GET,/tienda1/publico/pagar.jsp,0.9983116430218612,0.44,BLOQUEADA,403
2026-09-16T16:30:02.486688+00:00,POST,/tienda1/publico/caracteristicas.jsp,0.9984462447453996,0.44,BLOQUEADA,403
2026-09-16T16:30:02.533014+00:00,GET,/tienda1/imagenes/logo.gif,0.1307823244391196,0.44,LIBERADA,200
2026-09-16T16:30:02.582592+00:00,POST,/tienda1/publico/caracteristicas.jsp,0.44641013301495447,0.44,BLOQUEADA,403
2026-09-16T16:30:02.629744+00:00,GET,/tienda1/miembros/imagenes/castro.jpg,0.1408517295727413,0.44,LIBERADA,200
2026-09-16T16:30:02.681268+00:00,GET,/tienda1/miembros/editar.jsp,0.954130682342066,0.44,BLOQUEADA,403
2026-09-16T16:30:02.732072+00:00,GET,/tienda1/miembros/index.jsp,0.15159764810976473,0.44,LIBERADA,200
2026-09-16T16:30:02.779650+00:00,POST,/tienda1/publico/entrar.jsp,0.4221062766889033,0.44,LIBERADA,200
2026-09-16T16:30:02.829963+00:00,GET,/tienda1/publico.INC,0.1630421343281451,0.44,LIBERADA,200
2026-09-16T16:30:02.878255+00:00,GET,/tienda1/global/estilos.css,0.1690323286678258,0.44,LIBERADA,200
2026-09-16T16:30:02.927551+00:00,GET,/tienda1/miembros/index.jsp,0.1752038682652889,0.44,LIBERADA,200
2026-09-16T16:30:02.975934+00:00,GET,/tienda1/publico/autenticar.jsp,0.5490557304081898,0.44,BLOQUEADA,403
2026-09-16T16:30:03.022060+00:00,GET,/tienda1/publico/carrito.jsp,0.18809745468650052,0.44,LIBERADA,200
2026-09-16T16:30:03.071165+00:00,GET,/tienda1/global/titulo.jsp,0.19482196639805502,0.44,LIBERADA,200
2026-09-16T16:30:03.120403+00:00,POST,/tienda1/publico/pagar.jsp,0.998521564212886,0.44,BLOQUEADA,403
2026-09-16T16:30:03.168328+00:00,POST,/tienda1/publico/autenticar.jsp,0.50281786062923,0.44,BLOQUEADA,403
2026-09-16T16:30:03.215644+00:00,GET,/tienda1/publico/productos.jsp,0.21611394887558633,0.44,LIBERADA,200
2026-09-16T16:30:03.265065+00:00,GET,/tienda1/miembros/fotos.jsp,0.2235839927607742,0.44,LIBERADA,200
2026-09-16T16:30:03.314322+00:00,GET,/tienda1/publico/vaciar.jsp.old,0.23123932070282704,0.44,LIBERADA,200
2026-09-16T16:30:03.363640+00:00,GET,/tienda1/global/estilos.css,0.23907863497476214,0.44,LIBERADA,200
2026-09-16T16:30:03.413352+00:00,GET,/tienda1/publico/pagar.jsp,0.9986315394857826,0.44,BLOQUEADA,403
2026-09-16T16:30:03.460947+00:00,GET,/tienda1/imagenes/1.gif,0.25530172509491733,0.44,LIBERADA,200
2026-09-16T16:30:03.509751+00:00,GET,/tienda1/publico/registro.jsp,0.9747543245938165,0.44,BLOQUEADA,403
2026-09-16T16:30:03.564536+00:00,GET,/tienda1/miembros/imagenes/ogono.jpg,0.2722334728993565,0.44,LIBERADA,200
2026-09-16T16:30:03.616867+00:00,GET,/tienda1/imagenes/cmenbul.gif,0.28095675813593324,0.44,LIBERADA,200
2026-09-16T16:30:03.669487+00:00,GET,/tienda1/publico/anadir.jsp,0.7010639736264129,0.44,BLOQUEADA,403
2026-09-16T16:30:03.717967+00:00,GET,/tienda1/publico/6909030637832563290.jsp.BAK,0.298897073315152,0.44,LIBERADA,200
2026-09-16T16:30:03.769731+00:00,GET,/tienda1/publico/entrar.jsp,0.3776757370584119,0.44,LIBERADA,200
2026-09-16T16:30:03.821594+00:00,POST,/tienda1/publico/registro.jsp,0.3118213968518633,0.44,LIBERADA,200
2026-09-16T16:30:03.871271+00:00,POST,/tienda1/miembros/editar.jsp,0.26625475491570516,0.44,LIBERADA,200
2026-09-16T16:30:03.922807+00:00,GET,/tienda1/publico/anadir.jsp,0.9993544602252941,0.44,BLOQUEADA,403
2026-09-16T16:30:03.971433+00:00,POST,/tienda1/publico/autenticar.jsp,0.6511511662997267,0.44,BLOQUEADA,403
2026-09-16T16:30:04.018080+00:00,POST,/tienda1/publico/autenticar.jsp,0.6763088380777634,0.44,BLOQUEADA,403
2026-09-16T16:30:04.065394+00:00,GET,/tienda1/publico/pagar.jsp,0.9987784433894018,0.44,BLOQUEADA,403
2026-09-16T16:30:04.112322+00:00,GET,/tienda1/publico/caracteristicas.jsp,0.4623238302324887,0.44,BLOQUEADA,403
2026-09-16T16:30:04.160582+00:00,POST,/tienda1/publico/registro.jsp,0.352845105866206,0.44,LIBERADA,200
2026-09-16T16:30:04.211118+00:00,GET,/tienda1/miembros/imagenes/,0.39689502801871523,0.44,LIBERADA,200
2026-09-16T16:30:04.261035+00:00,POST,/tienda1/publico/registro.jsp,0.3113150215754275,0.44,LIBERADA,200
2026-09-16T16:30:04.309861+00:00,GET,/tienda1/publico/productos.jsp,0.41771914408172195,0.44,LIBERADA,200
2026-09-16T16:30:04.359978+00:00,GET,/tienda1/publico/asf-logo-wide.gif/,0.4282245604134332,0.44,LIBERADA,200
2026-09-16T16:30:04.409724+00:00,GET,/tienda1/index.jsp,0.4387786585024205,0.44,LIBERADA,200
2026-09-16T16:30:04.458462+00:00,GET,/iisadmpwd/aexp4.htr,0.4493710613644921,0.44,BLOQUEADA,403
2026-09-16T16:30:04.505369+00:00,GET,/tienda1/publico/vaciar.jsp,0.5443844955492771,0.44,BLOQUEADA,403
2026-09-16T16:30:04.553206+00:00,POST,/tienda1/miembros/editar.jsp,0.998227659814387,0.44,BLOQUEADA,403
2026-09-16T16:30:04.601121+00:00,GET,/tienda1/imagenes/1.gif,0.48127284198275405,0.44,BLOQUEADA,403
2026-09-16T16:30:04.648813+00:00,GET,/tienda1/publico/pagar.jsp,0.9993216196846149,0.44,BLOQUEADA,403
2026-09-16T16:30:04.698709+00:00,POST,/tienda1/publico/vaciar.jsp,0.810091489367842,0.44,BLOQUEADA,403
2026-09-16T16:30:04.747942+00:00,GET,/tienda1/publico/carrito.jsp,0.5131395784214435,0.44,BLOQUEADA,403
2026-09-16T16:30:04.795128+00:00,GET,/tienda1/miembros/index.jsp,0.5237052630888374,0.44,BLOQUEADA,403
2026-09-16T16:30:04.842298+00:00,GET,/tienda1/miembros/fotos.jsp,0.5342256943789143,0.44,BLOQUEADA,403
2026-09-16T16:30:04.890621+00:00,GET,/tienda1/publico/carrito.jsp,0.5446909976818155,0.44,BLOQUEADA,403
2026-09-16T16:30:04.939287+00:00,GET,/tienda1/index.jsp,0.5550915565508863,0.44,BLOQUEADA,403
2026-09-16T16:30:04.986763+00:00,POST,/tienda1/publico/autenticar.jsp,0.8107184431325903,0.44,BLOQUEADA,403
2026-09-16T16:30:05.034479+00:00,GET,/tienda1/imagenes/nuestratierra.jpg,0.5756614684768392,0.44,BLOQUEADA,403
2026-09-16T16:30:05.083419+00:00,GET,/tienda1/index.jsp.Inc,0.585813173959008,0.44,BLOQUEADA,403
2026-09-16T16:30:05.130122+00:00,GET,/tienda1/global/estilos.css/,0.5958648946025242,0.44,BLOQUEADA,403
2026-09-16T16:30:05.176180+00:00,GET,/tienda1/publico/autenticar.jsp,0.8930748012067494,0.44,BLOQUEADA,403
2026-09-16T16:30:05.223551+00:00,GET,/tienda1/publico/pagar.jsp,0.9989825429728478,0.44,BLOQUEADA,403
2026-09-16T16:30:05.270969+00:00,GET,/tienda1/imagenes/3.gif,0.6253435986265783,0.44,BLOQUEADA,403
2026-09-16T16:30:05.318570+00:00,POST,/tienda1/publico/anadir.jsp,0.8419632990234159,0.44,BLOQUEADA,403
2026-09-16T16:30:05.365312+00:00,GET,/tienda1/publico/vaciar.jsp,0.7172273869485972,0.44,BLOQUEADA,403
2026-09-16T16:30:05.410914+00:00,POST,/tienda1/publico/vaciar.jsp,0.8333426274658823,0.44,BLOQUEADA,403
2026-09-16T16:30:05.457658+00:00,GET,/tienda1/publico/registro.jsp,0.9923283228691386,0.44,BLOQUEADA,403
2026-09-16T16:30:05.507411+00:00,GET,/tienda1/imagenes/nuestratierra.jpg,0.6718271180235916,0.44,BLOQUEADA,403
2026-09-16T16:30:05.554748+00:00,GET,/tienda1/imagenes/2.gif,0.6806781878296925,0.44,BLOQUEADA,403
2026-09-16T16:30:05.603822+00:00,POST,/tienda1/publico/autenticar.jsp,0.8712930755988582,0.44,BLOQUEADA,403
2026-09-16T16:30:05.651010+00:00,GET,/tienda1/imagenes/nuestratierra.jpg,0.6979019454743761,0.44,BLOQUEADA,403
2026-09-16T16:30:05.697985+00:00,POST,/tienda1/publico/autenticar.jsp,0.8865741037492845,0.44,BLOQUEADA,403
2026-09-16T16:30:05.747045+00:00,GET,/tienda1/publico/vaciar.jsp,0.7774842803389478,0.44,BLOQUEADA,403
2026-09-16T16:30:05.797613+00:00,GET,/tienda1/publico/vaciar.jsp,0.7841944076869058,0.44,BLOQUEADA,403
2026-09-16T16:30:05.846801+00:00,GET,/tienda1/miembros/editar.jsp,0.9937080500893293,0.44,BLOQUEADA,403
2026-09-16T16:30:05.897344+00:00,GET,/tienda1/publico/entrar.jsp,0.796959766667135,0.44,BLOQUEADA,403
2026-09-16T16:30:05.943906+00:00,POST,/tienda1/publico/vaciar.jsp,0.9165104258427195,0.44,BLOQUEADA,403
2026-09-16T16:30:05.990334+00:00,POST,/tienda1/publico/registro.jsp,0.7380434110113475,0.44,BLOQUEADA,403
2026-09-16T16:30:06.037320+00:00,GET,/tienda1/miembros/fotos.jsp,0.7600816347970554,0.44,BLOQUEADA,403
2026-09-16T16:30:06.084035+00:00,GET,/tienda1/miembros/editar.jsp,0.9944043820136811,0.44,BLOQUEADA,403
2026-09-16T16:30:06.134283+00:00,GET,/tienda1/publico/anadir.jsp,0.9453798957873495,0.44,BLOQUEADA,403
2026-09-16T16:30:06.182741+00:00,POST,/tienda1/publico/pagar.jsp,0.9990831373275315,0.44,BLOQUEADA,403
2026-09-16T16:30:06.231492+00:00,POST,/tienda1/publico/autenticar.jsp,0.915361563718688,0.44,BLOQUEADA,403
2026-09-16T16:30:06.277313+00:00,GET,/tienda1/global/creditos.jsp,0.7933705385632485,0.44,BLOQUEADA,403
2026-09-16T16:30:06.323543+00:00,GET,/tienda1/publico/caracteristicas.jsp,0.846448117608505,0.44,BLOQUEADA,403
2026-09-16T16:30:06.369160+00:00,GET,/tienda1/publico/pagar.jsp,0.9991219837869658,0.44,BLOQUEADA,403
2026-09-16T16:30:06.415206+00:00,GET,/tienda1/miembros/editar.jsp,0.9941874997771689,0.44,BLOQUEADA,403
2026-09-16T16:30:06.466089+00:00,GET,/tienda1/publico/productos.jsp,0.8169980899364915,0.44,BLOQUEADA,403
2026-09-16T16:30:06.512106+00:00,POST,/tienda1/publico/pagar.jsp,0.9991184748528826,0.44,BLOQUEADA,403
2026-09-16T16:30:06.557913+00:00,POST,/tienda1/publico/anadir.jsp,0.9290141921867106,0.44,BLOQUEADA,403
2026-09-16T16:30:06.603875+00:00,POST,/tienda1/publico/registro.jsp,0.8187526451886695,0.44,BLOQUEADA,403
2026-09-16T16:30:06.650461+00:00,POST,/tienda1/publico/entrar.jsp,0.9412448903393928,0.44,BLOQUEADA,403
2026-09-16T16:30:06.697197+00:00,GET,/tienda1/publico/autenticar.jsp,0.9708720682848344,0.44,BLOQUEADA,403
2026-09-16T16:30:06.743703+00:00,GET,/msadc/msadcs.dll,0.8477535003855591,0.44,BLOQUEADA,403
2026-09-16T16:30:06.791963+00:00,POST,/tienda1/publico/registro.jsp,0.8521440757691311,0.44,BLOQUEADA,403
2026-09-16T16:30:06.840099+00:00,GET,/tienda1/imagenes/nuestratierra.jpg,0.8568429913855076,0.44,BLOQUEADA,403
2026-09-16T16:30:06.887625+00:00,POST,/tienda1/publico/pagar.jsp,0.9991563229381214,0.44,BLOQUEADA,403
2026-09-16T16:30:06.934720+00:00,POST,/tienda1/publico/registro.jsp,0.7798016794821452,0.44,BLOQUEADA,403
2026-09-16T16:30:06.982630+00:00,GET,/tienda1/index.jsp,0.8694706850889202,0.44,BLOQUEADA,403
2026-09-16T16:30:07.029448+00:00,GET,/tienda1/publico/entrar.jsp,0.9060216091039556,0.44,BLOQUEADA,403
2026-09-16T16:30:07.076607+00:00,POST,/tienda1/publico/autenticar.jsp,0.9530813270025034,0.44,BLOQUEADA,403
2026-09-16T16:30:07.124640+00:00,GET,/tienda1/asf-logo-wide.gif.java,0.8809659702914401,0.44,BLOQUEADA,403
2026-09-16T16:30:07.171977+00:00,POST,/tienda1/publico/autenticar.jsp,0.9548205299608947,0.44,BLOQUEADA,403
2026-09-16T16:30:07.221972+00:00,POST,/tienda1/publico/registro.jsp,0.8778702405060235,0.44,BLOQUEADA,403
2026-09-16T16:30:07.269817+00:00,GET,/samples/isapi/drop.htm,0.8914138439077816,0.44,BLOQUEADA,403
2026-09-16T16:30:07.318270+00:00,GET,/tienda1/publico/vaciar.jsp,0.9209100786814615,0.44,BLOQUEADA,403
2026-09-16T16:30:07.364565+00:00,GET,/tienda1/publico/autenticar.jsp,0.9800520933792775,0.44,BLOQUEADA,403
2026-09-16T16:30:07.410624+00:00,GET,/tienda1/miembros/imagenes/castro.jpg,0.9008977835238589,0.44,BLOQUEADA,403
2026-09-16T16:30:07.457160+00:00,POST,/tienda1/publico/pagar.jsp,0.999210406402947,0.44,BLOQUEADA,403
2026-09-16T16:30:07.503863+00:00,GET,/tienda1/global/titulo.jsp.OLD,0.9067248497948939,0.44,BLOQUEADA,403
2026-09-16T16:30:07.551662+00:00,GET,/tienda1/imagenes/logo.gif,0.9094984042293514,0.44,BLOQUEADA,403
2026-09-16T16:30:07.600681+00:00,GET,/tienda1/imagenes/logo.gif,0.9121823824392906,0.44,BLOQUEADA,403
2026-09-16T16:30:07.648086+00:00,GET,/tienda1/miembros/imagenes/ogono.jpg,0.9147795230437085,0.44,BLOQUEADA,403
2026-09-16T16:30:07.696237+00:00,GET,/tienda1/.OLD,0.9172925076041887,0.44,BLOQUEADA,403
2026-09-16T16:30:07.743154+00:00,GET,/tienda1/publico/entrar.jsp,0.9993584331852196,0.44,BLOQUEADA,403
2026-09-16T16:30:07.790479+00:00,POST,/tienda1/publico/pagar.jsp,0.9992361824822451,0.44,BLOQUEADA,403
2026-09-16T16:30:07.837830+00:00,GET,/tienda1/miembros/fotos.jsp/asf-logo-wide.Old,0.9243524564809699,0.44,BLOQUEADA,403
2026-09-16T16:30:07.884973+00:00,GET,/asf-logo-wide,0.9265544468905784,0.44,BLOQUEADA,403
2026-09-16T16:30:07.931768+00:00,GET,/tienda1/global/creditos.jsp,0.9286847926908343,0.44,BLOQUEADA,403
2026-09-16T16:30:07.978743+00:00,POST,/tienda1/publico/autenticar.jsp,0.9711859234240006,0.44,BLOQUEADA,403
2026-09-16T16:30:08.026363+00:00,GET,/,0.9327397634207037,0.44,BLOQUEADA,403
2026-09-16T16:30:08.073665+00:00,GET,/tienda1/global/menum.jsp,0.9346688409947268,0.44,BLOQUEADA,403
2026-09-16T16:30:08.120510+00:00,POST,/tienda1/publico/entrar.jsp,0.9750609836724843,0.44,BLOQUEADA,403
2026-09-16T16:30:08.169344+00:00,GET,/tienda1/imagenes/nuestratierra.jpg,0.9383408539028575,0.44,BLOQUEADA,403
2026-09-16T16:30:08.218186+00:00,POST,/tienda1/publico/autenticar.jsp,0.9751001743831,0.44,BLOQUEADA,403
2026-09-16T16:30:08.265628+00:00,GET,/tienda1/imagenes/1.gif/4861362529278789730.Bak,0.9417782050660217,0.44,BLOQUEADA,403
2026-09-16T16:30:08.312280+00:00,GET,/tienda1/miembros/imagenes/castro.jpg,0.9434137335846562,0.44,BLOQUEADA,403
2026-09-16T16:30:08.360382+00:00,POST,/tienda1/publico/vaciar.jsp,0.9796668466592868,0.44,BLOQUEADA,403
2026-09-16T16:30:08.407664+00:00,GET,/tienda1/publico/pagar.jsp,0.9992811709255401,0.44,BLOQUEADA,403
2026-09-16T16:30:08.456178+00:00,GET,/tienda1/publico/autenticar.jsp,0.9875561691696426,0.44,BLOQUEADA,403
2026-09-16T16:30:08.504390+00:00,GET,/.jsp,0.9494437967553762,0.44,BLOQUEADA,403
2026-09-16T16:30:08.552878+00:00,GET,/tienda1/publico/productos.jsp,0.9508318022203233,0.44,BLOQUEADA,403
2026-09-16T16:30:08.602234+00:00,POST,/tienda1/publico/anadir.jsp,0.9992795832119822,0.44,BLOQUEADA,403
2026-09-16T16:30:08.650591+00:00,POST,/tienda1/publico/registro.jsp,0.9513075781666467,0.44,BLOQUEADA,403
2026-09-16T16:30:08.698475+00:00,GET,/4861362529278789730,0.9547342960137442,0.44,BLOQUEADA,403
2026-09-16T16:30:08.746287+00:00,POST,/tienda1/publico/anadir.jsp,0.9797529286470493,0.44,BLOQUEADA,403
2026-09-16T16:30:08.794082+00:00,GET,/tienda1/publico/vaciar.jsp,0.9676580628205149,0.44,BLOQUEADA,403
2026-09-16T16:30:08.841122+00:00,GET,/tienda1/publico/entrar.jsp,0.9680887435646459,0.44,BLOQUEADA,403
2026-09-16T16:30:08.887284+00:00,GET,/tienda1/publico/pagar.jsp,0.9993148822797624,0.44,BLOQUEADA,403
2026-09-16T16:30:08.934610+00:00,GET,/tienda1/publico/registro.jsp,0.99949849695692,0.44,BLOQUEADA,403
2026-09-16T16:30:08.984504+00:00,GET,/tienda1/publico/anadir.jsp,0.9894185281305211,0.44,BLOQUEADA,403
2026-09-16T16:30:09.031682+00:00,POST,/tienda1/publico/entrar.jsp,0.9841400888001555,0.44,BLOQUEADA,403
2026-09-16T16:30:09.078415+00:00,POST,/tienda1/publico/autenticar.jsp,0.9832504647496605,0.44,BLOQUEADA,403
2026-09-16T16:30:09.126426+00:00,GET,/tienda1/publico/caracteristicas.jsp,0.9721328451753253,0.44,BLOQUEADA,403
2026-09-16T16:30:09.174570+00:00,GET,/tienda1/global/creditos.jsp,0.9653231640644548,0.44,BLOQUEADA,403
2026-09-16T16:30:09.223510+00:00,POST,/tienda1/publico/anadir.jsp,0.9841149689188516,0.44,BLOQUEADA,403
2026-09-16T16:30:09.270364+00:00,POST,/tienda1/publico/vaciar.jsp,0.9867587697193615,0.44,BLOQUEADA,403
2026-09-16T16:30:09.319982+00:00,GET,/tienda1/publico/anadir.jsp,0.9924859703238725,0.44,BLOQUEADA,403
2026-09-16T16:30:09.369578+00:00,GET,/tienda1/publico/anadir.jsp,0.9910883570966645,0.44,BLOQUEADA,403
2026-09-16T16:30:09.416626+00:00,GET,/tienda1/global/estilos.css,0.9694830561080694,0.44,BLOQUEADA,403
2026-09-16T16:30:09.463409+00:00,GET,/tienda1/publico/anadir.jsp,0.991471298919647,0.44,BLOQUEADA,403
2026-09-16T16:30:09.509065+00:00,GET,/tienda1/miembros/salir.jsp,0.970973836392523,0.44,BLOQUEADA,403
2026-09-16T16:30:09.557447+00:00,POST,/tienda1/publico/anadir.jsp,0.986246485840063,0.44,BLOQUEADA,403
2026-09-16T16:30:09.606020+00:00,GET,/tienda1/publico/registro.jsp,0.9983697421329061,0.44,BLOQUEADA,403
2026-09-16T16:30:09.658015+00:00,POST,/tienda1/publico/caracteristicas.jsp,0.9894349596781078,0.44,BLOQUEADA,403
2026-09-16T16:30:09.707495+00:00,GET,/tienda1/global/menum.jsp,0.9736939038483552,0.44,BLOQUEADA,403
2026-09-16T16:30:09.755832+00:00,GET,/tienda1/publico/entrar.jsp,0.9812868075161587,0.44,BLOQUEADA,403
2026-09-16T16:30:09.802479+00:00,POST,/tienda1/miembros/editar.jsp,0.9750286897741633,0.44,BLOQUEADA,403
2026-09-16T16:30:09.850449+00:00,GET,/asf-logo-wide.gif.old,0.9755274666993593,0.44,BLOQUEADA,403
2026-09-16T16:30:09.899036+00:00,GET,/tienda1/6909030637832563290.jsp.BAK,0.9761027746498543,0.44,BLOQUEADA,403
2026-09-16T16:30:09.945069+00:00,GET,/tienda1/publico/autenticar.jsp,0.9928445195537211,0.44,BLOQUEADA,403
2026-09-16T16:30:09.991792+00:00,GET,/tienda1/publico/caracteristicas.jsp,0.9818237839009418,0.44,BLOQUEADA,403
2026-09-16T16:30:10.039408+00:00,GET,/tienda1/publico/vaciar.jsp,0.9823268998605192,0.44,BLOQUEADA,403
2026-09-16T16:30:10.086546+00:00,GET,/tienda1/miembros/imagenes/ogono.jpg/.java,0.978240086546113,0.44,BLOQUEADA,403
2026-09-16T16:30:10.133500+00:00,GET,/tienda1/imagenes/2.gif,0.9787361092398569,0.44,BLOQUEADA,403
2026-09-16T16:30:10.179809+00:00,POST,/tienda1/publico/registro.jsp,0.9779284254655948,0.44,BLOQUEADA,403
2026-09-16T16:30:10.227681+00:00,GET,/tienda1/6909030637832563290.jsp.INC,0.9796856716333329,0.44,BLOQUEADA,403
2026-09-16T16:30:10.274958+00:00,GET,/tienda1/publico/miembros.jsp,0.9801401367203723,0.44,BLOQUEADA,403
2026-09-16T16:30:10.322575+00:00,GET,/asf-logo-wide.gif/,0.980581647436261,0.44,BLOQUEADA,403
2026-09-16T16:30:10.370497+00:00,GET,/tienda1/publico/anadir.jsp,0.9957181663480943,0.44,BLOQUEADA,403
2026-09-16T16:30:10.418558+00:00,GET,/tienda1/publico/autenticar.jsp,0.9940184959899757,0.44,BLOQUEADA,403
2026-09-16T16:30:10.465808+00:00,POST,/tienda1/publico/pagar.jsp,0.9993852788903351,0.44,BLOQUEADA,403
2026-09-16T16:30:10.513038+00:00,GET,/tienda1/miembros/editar.jsp,0.9985320596642839,0.44,BLOQUEADA,403
2026-09-16T16:30:10.564353+00:00,GET,/tienda1/publico/carrito.jsp,0.9826091699638672,0.44,BLOQUEADA,403
2026-09-16T16:30:10.611802+00:00,GET,/tienda1/publico/registro.jsp,0.9985619944092808,0.44,BLOQUEADA,403
2026-09-16T16:30:10.663536+00:00,GET,/tienda1/global/menum.jsp,0.9833431952803249,0.44,BLOQUEADA,403
2026-09-16T16:30:10.714418+00:00,GET,/tienda1/global/menum.jsp,0.9836951011438413,0.44,BLOQUEADA,403
2026-09-16T16:30:10.760776+00:00,POST,/tienda1/publico/registro.jsp,0.9993250102815182,0.44,BLOQUEADA,403
2026-09-16T16:30:10.810050+00:00,GET,/tienda1/imagenes/cmenbul.gif,0.9843702869012653,0.44,BLOQUEADA,403
2026-09-16T16:30:10.857867+00:00,GET,/tienda1/publico/vaciar.jsp,0.9875732466975352,0.44,BLOQUEADA,403
2026-09-16T16:30:10.904104+00:00,GET,/tienda1/miembros/imagenes/castro.jpg,0.9850092940289077,0.44,BLOQUEADA,403
2026-09-16T16:30:10.953772+00:00,POST,/tienda1/publico/entrar.jsp,0.9927549006874776,0.44,BLOQUEADA,403
2026-09-16T16:30:11.002423+00:00,POST,/tienda1/publico/anadir.jsp,0.9924609413297762,0.44,BLOQUEADA,403
2026-09-16T16:30:11.049506+00:00,GET,/tienda1/miembros/editar.jsp,0.9987932004800933,0.44,BLOQUEADA,403
2026-09-16T16:30:11.098782+00:00,GET,/tienda1/miembros/fotos.jsp,0.9861875960802583,0.44,BLOQUEADA,403
2026-09-16T16:30:11.144494+00:00,POST,/tienda1/publico/entrar.jsp,0.9913493979855529,0.44,BLOQUEADA,403
2026-09-16T16:30:11.191897+00:00,GET,/tienda1/publico/entrar.jsp,0.9995446923830725,0.44,BLOQUEADA,403
2026-09-16T16:30:11.239533+00:00,POST,/tienda1/publico/anadir.jsp,0.9931129315123624,0.44,BLOQUEADA,403
2026-09-16T16:30:11.287266+00:00,POST,/tienda1/publico/anadir.jsp,0.9930899196780675,0.44,BLOQUEADA,403
2026-09-16T16:30:11.336000+00:00,GET,/tienda1/publico/caracteristicas.jsp,0.9897472652719956,0.44,BLOQUEADA,403
2026-09-16T16:30:11.385811+00:00,GET,/asf-logo-wide.gif.java,0.9877350698054175,0.44,BLOQUEADA,403
2026-09-16T16:30:11.433548+00:00,POST,/tienda1/publico/entrar.jsp,0.9938528047872892,0.44,BLOQUEADA,403
2026-09-16T16:30:11.480221+00:00,POST,/tienda1/publico/registro.jsp,0.9890168910879912,0.44,BLOQUEADA,403
2026-09-16T16:30:11.527876+00:00,GET,/tienda1/imagenes/2.gif,0.9884223557663713,0.44,BLOQUEADA,403
2026-09-16T16:30:11.575012+00:00,GET,/tienda1/publico/pagar.jsp,0.9994236834315513,0.44,BLOQUEADA,403
2026-09-16T16:30:11.623512+00:00,GET,/tienda1/publico/caracteristicas.jsp,0.9909017971092449,0.44,BLOQUEADA,403
2026-09-16T16:30:11.670960+00:00,GET,/tienda1/imagenes/nuestratierra.jpg,0.9890587227335135,0.44,BLOQUEADA,403
2026-09-16T16:30:11.719669+00:00,GET,/tienda1/publico/carrito.jsp,0.9892603072757176,0.44,BLOQUEADA,403
2026-09-16T16:30:11.768331+00:00,GET,/tienda1/miembros/editar.jsp,0.9988455186142434,0.44,BLOQUEADA,403
2026-09-16T16:30:11.818716+00:00,POST,/tienda1/publico/registro.jsp,0.9877633445318732,0.44,BLOQUEADA,403
2026-09-16T16:30:11.865021+00:00,GET,/tienda1/publico/carrito.jsp,0.9898355899112486,0.44,BLOQUEADA,403
2026-09-16T16:30:11.911861+00:00,GET,/tienda1/publico/registro.jsp,0.9988731302126991,0.44,BLOQUEADA,403
2026-09-16T16:30:11.962389+00:00,POST,/tienda1/publico/anadir.jsp,0.9946250566437703,0.44,BLOQUEADA,403
2026-09-16T16:30:12.009652+00:00,POST,/tienda1/miembros/editar.jsp,0.9910722223277055,0.44,BLOQUEADA,403
2026-09-16T16:30:12.058157+00:00,POST,/tienda1/publico/pagar.jsp,0.999441867690659,0.44,BLOQUEADA,403
2026-09-16T16:30:12.105383+00:00,POST,/tienda1/publico/anadir.jsp,0.9947322531345059,0.44,BLOQUEADA,403
2026-09-16T16:30:12.152853+00:00,GET,/tienda1/miembros/imagenes/zarauz.jpg,0.9908658923876511,0.44,BLOQUEADA,403
2026-09-16T16:30:12.199605+00:00,GET,/tienda1/publico/pagar.jsp,0.9994561900221918,0.44,BLOQUEADA,403
2026-09-16T16:30:12.248531+00:00,GET,/tienda1/publico/anadir.jsp,0.996687473498284,0.44,BLOQUEADA,403
2026-09-16T16:30:12.295552+00:00,GET,/tienda1/publico/anadir.jsp,0.9995022906059073,0.44,BLOQUEADA,403
2026-09-16T16:30:12.342079+00:00,GET,/tienda1/global/titulo.jsp,0.9914742778194287,0.44,BLOQUEADA,403
2026-09-16T16:30:12.388492+00:00,POST,/tienda1/publico/autenticar.jsp,0.9944126488739194,0.44,BLOQUEADA,403
2026-09-16T16:30:12.436981+00:00,GET,/tienda1/publico/pagar.jsp,0.9994519866629059,0.44,BLOQUEADA,403
2026-09-16T16:30:12.484538+00:00,GET,/tienda1/publico.old,0.991894239379493,0.44,BLOQUEADA,403
2026-09-16T16:30:12.532199+00:00,GET,/CFIDE/administrator/checkfile.cfm,0.9920278160823796,0.44,BLOQUEADA,403
2026-09-16T16:30:12.579769+00:00,GET,/asf-logo-wide.gif,0.9921583353572991,0.44,BLOQUEADA,403
2026-09-16T16:30:12.627208+00:00,GET,/tienda1/publico/pagar.jsp,0.9994539675474999,0.44,BLOQUEADA,403
2026-09-16T16:30:12.673357+00:00,GET,/tienda1/publico/pagar.jsp,0.9994581927481777,0.44,BLOQUEADA,403
2026-09-16T16:30:12.719755+00:00,GET,/tienda1/global/menum.jsp,0.9925323803564715,0.44,BLOQUEADA,403
2026-09-16T16:30:12.766370+00:00,POST,/tienda1/publico/caracteristicas.jsp,0.9962202129287498,0.44,BLOQUEADA,403
2026-09-16T16:30:12.812458+00:00,GET,/tienda1/imagenes/1.gif,0.9927679364458819,0.44,BLOQUEADA,403
2026-09-16T16:30:12.861819+00:00,GET,/tienda1/miembros/salir.jsp,0.9928817955971955,0.44,BLOQUEADA,403
2026-09-16T16:30:12.908764+00:00,GET,/tienda1/publico/registro.jsp,0.9990324219770732,0.44,BLOQUEADA,403
2026-09-16T16:30:12.960403+00:00,POST,/tienda1/publico/entrar.jsp,0.9961048035884817,0.44,BLOQUEADA,403
2026-09-16T16:30:13.009955+00:00,GET,/tienda1/global/titulo.jsp,0.9932085294200235,0.44,BLOQUEADA,403
2026-09-16T16:30:13.056610+00:00,GET,/tienda1/publico/autenticar.jsp,0.9973326673068994,0.44,BLOQUEADA,403
2026-09-16T16:30:13.103593+00:00,GET,/tienda1/publico/entrar.jsp,0.9949668710150398,0.44,BLOQUEADA,403
2026-09-16T16:30:13.150491+00:00,GET,/,0.9935143551887675,0.44,BLOQUEADA,403
2026-09-16T16:30:13.198758+00:00,GET,/tienda1/publico/pagar.jsp,0.9994698406597124,0.44,BLOQUEADA,403
2026-09-16T16:30:13.245452+00:00,GET,/tienda1/imagenes/3.gif,0.9937074273037487,0.44,BLOQUEADA,403
2026-09-16T16:30:13.292553+00:00,POST,/tienda1/publico/anadir.jsp,0.9963581455183151,0.44,BLOQUEADA,403
2026-09-16T16:30:13.339941+00:00,GET,/tienda1/publico/vaciar.jsp,0.9948457163472759,0.44,BLOQUEADA,403
2026-09-16T16:30:13.386428+00:00,GET,/tienda1/publico/~,0.993981925731838,0.44,BLOQUEADA,403
2026-09-16T16:30:13.430915+00:00,POST,/tienda1/publico/anadir.jsp,0.9964219389002579,0.44,BLOQUEADA,403
2026-09-16T16:30:13.477312+00:00,GET,/tienda1/miembros/editar.jsp,0.9991025752090332,0.44,BLOQUEADA,403
2026-09-16T16:30:13.527071+00:00,GET,/tienda1/publico/vaciar.jsp,0.9953133299815682,0.44,BLOQUEADA,403
2026-09-16T16:30:13.574117+00:00,POST,/tienda1/publico/autenticar.jsp,0.9967138467593889,0.44,BLOQUEADA,403
2026-09-16T16:30:13.622370+00:00,GET,/tienda1/index.jsp,0.9944024771440261,0.44,BLOQUEADA,403
2026-09-16T16:30:13.668421+00:00,POST,/tienda1/miembros/editar.jsp,0.9952425960301929,0.44,BLOQUEADA,403
2026-09-16T16:30:13.714985+00:00,POST,/tienda1/miembros/editar.jsp,0.9994514528926098,0.44,BLOQUEADA,403
2026-09-16T16:30:13.761928+00:00,POST,/tienda1/miembros/editar.jsp,0.9952924364093648,0.44,BLOQUEADA,403
2026-09-16T16:30:13.808771+00:00,GET,/tienda1/publico/pagar.jsp,0.9994840470700994,0.44,BLOQUEADA,403
2026-09-16T16:30:13.857704+00:00,GET,/tienda1/publico/registro.jsp,0.9991429603151041,0.44,BLOQUEADA,403
2026-09-16T16:30:13.912172+00:00,GET,/tienda1/publico/pagar.jsp,0.9994860206604513,0.44,BLOQUEADA,403
2026-09-16T16:30:13.960606+00:00,GET,/tienda1/publico/autenticar.jsp,0.9981983350104432,0.44,BLOQUEADA,403
2026-09-16T16:30:14.008704+00:00,POST,/tienda1/publico/vaciar.jsp,0.9971146478993544,0.44,BLOQUEADA,403
2026-09-16T16:30:14.055822+00:00,GET,/tienda1/publico/entrar.jsp,0.9965063157405621,0.44,BLOQUEADA,403
2026-09-16T16:30:14.103521+00:00,GET,/tienda1/publico/vaciar.jsp,0.9959994759705951,0.44,BLOQUEADA,403
2026-09-16T16:30:14.151460+00:00,GET,/tienda1/publico/pagar.jsp,0.9995101130561909,0.44,BLOQUEADA,403
2026-09-16T16:30:14.198555+00:00,GET,/tienda1/miembros/imagenes/zarauz.jpg,0.9952524414634041,0.44,BLOQUEADA,403
2026-09-16T16:30:14.245306+00:00,GET,/tienda1/miembros/editar.jsp,0.9992904660059914,0.44,BLOQUEADA,403
2026-09-16T16:30:14.294955+00:00,GET,/tienda1/publico/pagar.jsp,0.997187725657932,0.44,BLOQUEADA,403
2026-09-16T16:30:14.342360+00:00,POST,/tienda1/publico/anadir.jsp,0.997132312257364,0.44,BLOQUEADA,403
2026-09-16T16:30:14.389912+00:00,GET,/4861362529278789730.BAK,0.9954938046214188,0.44,BLOQUEADA,403
2026-09-16T16:30:14.436589+00:00,POST,/tienda1/publico/vaciar.jsp,0.9973751977618791,0.44,BLOQUEADA,403
2026-09-16T16:30:14.483876+00:00,GET,/tienda1/publico/carrito.jsp,0.9956077108910705,0.44,BLOQUEADA,403
2026-09-16T16:30:14.532417+00:00,GET,/tienda1/publico/autenticar.jsp,0.9980226826156031,0.44,BLOQUEADA,403
2026-09-16T16:30:14.582093+00:00,GET,/tienda1/publico/caracteristicas.jsp,0.9962915008776594,0.44,BLOQUEADA,403
2026-09-16T16:30:14.629407+00:00,GET,/tienda1/publico/caracteristicas.jsp,0.9995238407940187,0.44,BLOQUEADA,403
2026-09-16T16:30:14.675229+00:00,GET,/tienda1/imagenes/1.gif,0.9958230079668648,0.44,BLOQUEADA,403
2026-09-16T16:30:14.721932+00:00,GET,/tienda1/publico/carrito.jsp,0.9958743646273434,0.44,BLOQUEADA,403
2026-09-16T16:30:14.770596+00:00,POST,/tienda1/publico/autenticar.jsp,0.9974261232605618,0.44,BLOQUEADA,403
2026-09-16T16:30:14.819619+00:00,POST,/tienda1/publico/vaciar.jsp,0.9975712811622113,0.44,BLOQUEADA,403
2026-09-16T16:30:14.867025+00:00,POST,/tienda1/publico/anadir.jsp,0.9974152680997196,0.44,BLOQUEADA,403
2026-09-16T16:30:14.914106+00:00,GET,/tienda1/publico/registro.jsp/.BAK,0.996070587356592,0.44,BLOQUEADA,403
2026-09-16T16:30:14.961217+00:00,GET,/tienda1/imagenes/1.gif,0.9961174457861843,0.44,BLOQUEADA,403
2026-09-16T16:30:15.013585+00:00,POST,/tienda1/miembros/editar.jsp,0.996455524761236,0.44,BLOQUEADA,403
2026-09-16T16:30:15.060504+00:00,POST,/tienda1/publico/anadir.jsp,0.997527856709595,0.44,BLOQUEADA,403
2026-09-16T16:30:15.107601+00:00,GET,/tienda1/imagenes/nuestratierra.jpg,0.996253060021805,0.44,BLOQUEADA,403
2026-09-16T16:30:15.155410+00:00,GET,/tienda1/miembros/salir.jsp~,0.9962966723213066,0.44,BLOQUEADA,403
2026-09-16T16:30:15.203724+00:00,GET,/tienda1/publico/anadir.jsp,0.998505948081231,0.44,BLOQUEADA,403
2026-09-16T16:30:15.250718+00:00,GET,/tienda1/4861362529278789730.bak,0.9963816134605374,0.44,BLOQUEADA,403
2026-09-16T16:30:15.298332+00:00,POST,/tienda1/publico/vaciar.jsp,0.9995246664157457,0.44,BLOQUEADA,403
2026-09-16T16:30:15.345211+00:00,GET,/vti_txt/,0.9964636208460254,0.44,BLOQUEADA,403
2026-09-16T16:30:15.392821+00:00,GET,/tienda1/miembros/editar.jsp,0.999298675674744,0.44,BLOQUEADA,403
2026-09-16T16:30:15.442577+00:00,POST,/tienda1/publico/autenticar.jsp,0.9973755373476485,0.44,BLOQUEADA,403
2026-09-16T16:30:15.491814+00:00,GET,/tienda1/publico/miembros.jsp,0.9965814072981883,0.44,BLOQUEADA,403
2026-09-16T16:30:15.538952+00:00,GET,/tienda1/publico/vaciar.jsp,0.9971703410627509,0.44,BLOQUEADA,403
2026-09-16T16:30:15.586516+00:00,GET,/tienda1/publico/autenticar.jsp,0.9983633148392684,0.44,BLOQUEADA,403
2026-09-16T16:30:15.631781+00:00,GET,/tienda1/publico/registro.jsp,0.9992823125279541,0.44,BLOQUEADA,403
2026-09-16T16:30:15.681952+00:00,GET,/tienda1/publico/autenticar.jsp,0.9984173213795862,0.44,BLOQUEADA,403
2026-09-16T16:30:15.729794+00:00,GET,/tienda1/global/titulo.jsp,0.9967647591920173,0.44,BLOQUEADA,403
2026-09-16T16:30:15.776488+00:00,POST,/tienda1/publico/vaciar.jsp,0.9978112920923577,0.44,BLOQUEADA,403
2026-09-16T16:30:15.822784+00:00,POST,/tienda1/publico/entrar.jsp,0.9979848816212061,0.44,BLOQUEADA,403
2026-09-16T16:30:15.869212+00:00,POST,/tienda1/publico/entrar.jsp,0.9979560203170732,0.44,BLOQUEADA,403
2026-09-16T16:30:15.917734+00:00,POST,/tienda1/publico/pagar.jsp,0.9978126412904513,0.44,BLOQUEADA,403
2026-09-16T16:30:15.966813+00:00,GET,/tienda1/miembros/editar.jsp,0.9993299085783485,0.44,BLOQUEADA,403
2026-09-16T16:30:16.017292+00:00,GET,/tienda1/publico/entrar.jsp,0.997927956920621,0.44,BLOQUEADA,403
2026-09-16T16:30:16.064257+00:00,GET,/tienda1/publico/entrar.jsp,0.9978085021190309,0.44,BLOQUEADA,403
2026-09-16T16:30:16.110238+00:00,GET,/tienda1/publico/registro.jsp,0.9993101950699333,0.44,BLOQUEADA,403
2026-09-16T16:30:16.160214+00:00,GET,/tienda1/publico/carrito.jsp,0.9970585950962906,0.44,BLOQUEADA,403
2026-09-16T16:30:16.207013+00:00,POST,/tienda1/publico/registro.jsp,0.9973394850507604,0.44,BLOQUEADA,403
2026-09-16T16:30:16.254641+00:00,GET,/tienda1/publico/caracteristicas.jsp,0.9974610483319126,0.44,BLOQUEADA,403
2026-09-16T16:30:16.301809+00:00,POST,/tienda1/publico/autenticar.jsp,0.9980589364779237,0.44,BLOQUEADA,403
2026-09-16T16:30:16.349266+00:00,POST,/tienda1/publico/pagar.jsp,0.9995294468731263,0.44,BLOQUEADA,403
2026-09-16T16:30:16.397163+00:00,POST,/tienda1/publico/autenticar.jsp,0.9981016644256332,0.44,BLOQUEADA,403
2026-09-16T16:30:16.445681+00:00,POST,/tienda1/publico/autenticar.jsp,0.9981139494610339,0.44,BLOQUEADA,403
2026-09-16T16:30:16.494140+00:00,POST,/tienda1/miembros/editar.jsp,0.9971947509797807,0.44,BLOQUEADA,403
2026-09-16T16:30:16.542540+00:00,GET,/tienda1/miembros/6909030637832563290.jsp,0.9972862395114215,0.44,BLOQUEADA,403
2026-09-16T16:30:16.591209+00:00,GET,/tienda1/miembros/imagenes/zarauz.jpg,0.9973127346275515,0.44,BLOQUEADA,403
2026-09-16T16:30:16.638713+00:00,GET,/tienda1/global/estilos.css,0.997338822554089,0.44,BLOQUEADA,403
2026-09-16T16:30:16.686338+00:00,GET,/tienda1/publico/carrito.jsp,0.9973645112789253,0.44,BLOQUEADA,403
2026-09-16T16:30:16.733316+00:00,GET,/tienda1/miembros/imagenes/ogono.jpg,0.997389808602524,0.44,BLOQUEADA,403
2026-09-16T16:30:16.780368+00:00,POST,/tienda1/publico/vaciar.jsp,0.9995441611587371,0.44,BLOQUEADA,403
2026-09-16T16:30:16.826604+00:00,GET,/WebSphereSamples/SingleSamples/AccountAndTransfer/create.html,0.9974392593407599,0.44,BLOQUEADA,403
2026-09-16T16:30:16.872731+00:00,GET,/tienda1/publico/carrito.jsp,0.9974634274637254,0.44,BLOQUEADA,403
2026-09-16T16:30:16.919176+00:00,GET,/tienda1/global/estilos.css,0.9974872336114426,0.44,BLOQUEADA,403
2026-09-16T16:30:16.966105+00:00,GET,/tienda1/publico/pagar.jsp,0.999533985217734,0.44,BLOQUEADA,403
2026-09-16T16:30:17.013904+00:00,GET,/tienda1/publico/vaciar.jsp,0.9979182976802543,0.44,BLOQUEADA,403
2026-09-16T16:30:17.061569+00:00,GET,/tienda1/imagenes/3.gif,0.9975565487690878,0.44,BLOQUEADA,403
2026-09-16T16:30:17.107963+00:00,GET,/tienda1/publico/autenticar.jsp,0.998723788534226,0.44,BLOQUEADA,403
2026-09-16T16:30:17.155086+00:00,POST,/tienda1/miembros/editar.jsp,0.997879895030176,0.44,BLOQUEADA,403
2026-09-16T16:30:17.204428+00:00,POST,/tienda1/publico/anadir.jsp,0.9983328949546544,0.44,BLOQUEADA,403
2026-09-16T16:30:17.252573+00:00,GET,/_cti_pvt/writeto.cnf,0.9976443043876295,0.44,BLOQUEADA,403
2026-09-16T16:30:17.300349+00:00,POST,/tienda1/miembros/editar.jsp,0.9977945345929674,0.44,BLOQUEADA,403
2026-09-16T16:30:17.348004+00:00,GET,/tienda1/miembros/fotos.jsp,0.9976862937596592,0.44,BLOQUEADA,403
2026-09-16T16:30:17.396537+00:00,GET,/tienda1/miembros/imagenes/ogono.jpg,0.9977068366593439,0.44,BLOQUEADA,403
2026-09-16T16:30:17.443588+00:00,GET,/tienda1/publico/miembros.jsp/asf-logo-wide.gif.Inc,0.997727085766024,0.44,BLOQUEADA,403
2026-09-16T16:30:17.490727+00:00,GET,/tienda1/publico/registro.jsp,0.9996009200104959,0.44,BLOQUEADA,403
2026-09-16T16:30:17.540679+00:00,GET,/tienda1/publico/pagar.jsp/asf-logo-wide.gif.INC,0.9977667240589958,0.44,BLOQUEADA,403
2026-09-16T16:30:17.588664+00:00,GET,/tienda1/publico/registro.jsp,0.9993791882795315,0.44,BLOQUEADA,403
2026-09-16T16:30:17.638241+00:00,POST,/tienda1/publico/pagar.jsp,0.9995538137119819,0.44,BLOQUEADA,403
2026-09-16T16:30:17.687296+00:00,GET,/tienda1/miembros/imagenes/6909030637832563290.jsp,0.9978241090974261,0.44,BLOQUEADA,403
2026-09-16T16:30:17.734532+00:00,GET,/tienda1/miembros/index.jsp,0.9978427046575773,0.44,BLOQUEADA,403
2026-09-16T16:30:17.782352+00:00,POST,/tienda1/publico/anadir.jsp,0.9984734481219503,0.44,BLOQUEADA,403
2026-09-16T16:30:17.828188+00:00,GET,/tienda1/publico/vaciar.jsp,0.9981804941766957,0.44,BLOQUEADA,403
2026-09-16T16:30:17.873985+00:00,GET,/tienda1/imagenes/2.gif/.bak,0.9978969591101761,0.44,BLOQUEADA,403
2026-09-16T16:30:17.920794+00:00,POST,/tienda1/publico/anadir.jsp,0.9985053666108232,0.44,BLOQUEADA,403
2026-09-16T16:30:17.967956+00:00,GET,/tienda1/miembros/editar.jsp,0.9994119282768542,0.44,BLOQUEADA,403
2026-09-16T16:30:18.018828+00:00,POST,/tienda1/miembros/editar.jsp,0.9981649558738358,0.44,BLOQUEADA,403
2026-09-16T16:30:18.066769+00:00,GET,/tienda1/global/creditos.jsp,0.997965889275373,0.44,BLOQUEADA,403
2026-09-16T16:30:18.114804+00:00,GET,/tienda1/index.jsp,0.9979825412973617,0.44,BLOQUEADA,403
2026-09-16T16:30:18.162328+00:00,POST,/tienda1/publico/entrar.jsp,0.998579801289373,0.44,BLOQUEADA,403
2026-09-16T16:30:18.209782+00:00,GET,/tienda1/publico/vaciar.jsp,0.9982843725724462,0.44,BLOQUEADA,403
2026-09-16T16:30:18.258098+00:00,GET,/tienda1/publico/autenticar.jsp,0.9989072725755879,0.44,BLOQUEADA,403
2026-09-16T16:30:18.305234+00:00,GET,/tienda1/asf-logo-wide.gif,0.9980469465004089,0.44,BLOQUEADA,403
2026-09-16T16:30:18.353169+00:00,GET,/tienda1/imagenes/2.gif,0.9980625159129594,0.44,BLOQUEADA,403
2026-09-16T16:30:18.399559+00:00,POST,/tienda1/publico/caracteristicas.jsp,0.9986789469750869,0.44,BLOQUEADA,403
2026-09-16T16:30:18.447588+00:00,GET,/tienda1/imagenes/1.gif,0.998093041748723,0.44,BLOQUEADA,403
2026-09-16T16:30:18.496027+00:00,GET,/tienda1/publico/miembros.jsp,0.9981080050958818,0.44,BLOQUEADA,403
2026-09-16T16:30:18.544802+00:00,POST,/tienda1/publico/vaciar.jsp,0.9986825661990446,0.44,BLOQUEADA,403
2026-09-16T16:30:18.593622+00:00,POST,/tienda1/miembros/editar.jsp,0.9995533167665342,0.44,BLOQUEADA,403
2026-09-16T16:30:18.642245+00:00,POST,/tienda1/miembros/editar.jsp,0.9983702096753683,0.44,BLOQUEADA,403
2026-09-16T16:30:18.689793+00:00,POST,/tienda1/publico/vaciar.jsp,0.9987068561180497,0.44,BLOQUEADA,403
2026-09-16T16:30:18.737944+00:00,GET,/tienda1/miembros/imagenes/zarauz.jpg,0.9981799583097148,0.44,BLOQUEADA,403
2026-09-16T16:30:18.785156+00:00,GET,/tienda1/imagenes/nuestratierra.jpg,0.9981937983308409,0.44,BLOQUEADA,403
2026-09-16T16:30:18.832206+00:00,POST,/tienda1/publico/pagar.jsp,0.9995677657644282,0.44,BLOQUEADA,403
2026-09-16T16:30:18.877760+00:00,GET,/tienda1/global/,0.9982209518508525,0.44,BLOQUEADA,403
2026-09-16T16:30:18.925887+00:00,GET,/scripts/tools/mkilog.exe,0.9982342711033433,0.44,BLOQUEADA,403
2026-09-16T16:30:18.972367+00:00,POST,/tienda1/publico/anadir.jsp,0.9995700327384772,0.44,BLOQUEADA,403
2026-09-16T16:30:19.018597+00:00,POST,/tienda1/publico/registro.jsp,0.9983987964328174,0.44,BLOQUEADA,403
2026-09-16T16:30:19.065570+00:00,GET,/tienda1/publico/caracteristicas.jsp,0.9984361867480989,0.44,BLOQUEADA,403
2026-09-16T16:30:19.113084+00:00,GET,/tienda1/publico/vaciar.jsp,0.9995479961442443,0.44,BLOQUEADA,403
2026-09-16T16:30:19.161000+00:00,GET,/tienda1/imagenes/2.gif,0.9982984022852284,0.44,BLOQUEADA,403
2026-09-16T16:30:19.207952+00:00,GET,/tienda1/miembros/salir.jsp,0.998310753906598,0.44,BLOQUEADA,403
2026-09-16T16:30:19.254558+00:00,GET,/tienda1/publico/entrar.jsp,0.9995766018664495,0.44,BLOQUEADA,403
2026-09-16T16:30:19.301600+00:00,GET,/tienda1/publico/anadir.jsp,0.9990286613967562,0.44,BLOQUEADA,403
2026-09-16T16:30:19.349375+00:00,GET,/tienda1/miembros/salir.jsp.java,0.9983469045666717,0.44,BLOQUEADA,403
2026-09-16T16:30:19.397430+00:00,GET,/tienda1/global/menum.jsp,0.9983586613203038,0.44,BLOQUEADA,403
2026-09-16T16:30:19.444036+00:00,GET,/tienda1/imagenes/asf-logo-wide.gif,0.9983702751932642,0.44,BLOQUEADA,403
2026-09-16T16:30:19.491986+00:00,POST,/tienda1/publico/pagar.jsp,0.9995746827668105,0.44,BLOQUEADA,403
2026-09-16T16:30:19.537774+00:00,GET,/tienda1/imagenes/nuestratierra.jpg,0.9983930832329178,0.44,BLOQUEADA,403
2026-09-16T16:30:19.584582+00:00,GET,/tienda1/miembros/fotos.jsp,0.9984042817606315,0.44,BLOQUEADA,403
2026-09-16T16:30:19.631220+00:00,GET,/tienda1.Bak,0.9984153461316236,0.44,BLOQUEADA,403
2026-09-16T16:30:19.679681+00:00,POST,/tienda1/publico/caracteristicas.jsp,0.9995794038052407,0.44,BLOQUEADA,403
2026-09-16T16:30:19.727298+00:00,GET,/tienda1/publico/pagar.jsp,0.9995679501242618,0.44,BLOQUEADA,403
2026-09-16T16:30:19.775164+00:00,GET,/tienda1/publico/caracteristicas.jsp,0.9985860101264503,0.44,BLOQUEADA,403
2026-09-16T16:30:19.822044+00:00,GET,/tienda1/publico/registro.jsp,0.999449981877055,0.44,BLOQUEADA,403
2026-09-16T16:30:19.871673+00:00,GET,/tienda1/publico/pagar.jsp,0.999569053134635,0.44,BLOQUEADA,403
2026-09-16T16:30:19.917873+00:00,GET,/tienda1/publico/registro.jsp,0.9994767069485561,0.44,BLOQUEADA,403
2026-09-16T16:30:19.967573+00:00,GET,/tienda1/publico/caracteristicas.jsp,0.9992193836525346,0.44,BLOQUEADA,403
2026-09-16T16:30:20.017087+00:00,GET,/tienda1/global/menum.jsp,0.9984992727475948,0.44,BLOQUEADA,403
2026-09-16T16:30:20.064576+00:00,GET,/tienda1/imagenes/logo.gif,0.9985092186635921,0.44,BLOQUEADA,403
2026-09-16T16:30:20.111470+00:00,GET,/tienda1/publico/entrar.jsp,0.9987562315237799,0.44,BLOQUEADA,403
2026-09-16T16:30:20.160000+00:00,POST,/tienda1/publico/anadir.jsp,0.9988774961031082,0.44,BLOQUEADA,403
2026-09-16T16:30:20.206772+00:00,GET,/tienda1/publico/registro.jsp,0.9994592613953532,0.44,BLOQUEADA,403
2026-09-16T16:30:20.256538+00:00,GET,/tienda1/global/titulo.jsp,0.9985478688724145,0.44,BLOQUEADA,403
2026-09-16T16:30:20.306094+00:00,GET,/tienda1/publico/anadir.jsp,0.9991243518510203,0.44,BLOQUEADA,403
2026-09-16T16:30:20.353831+00:00,GET,/tienda1/publico/caracteristicas.jsp,0.9987945569662341,0.44,BLOQUEADA,403
2026-09-16T16:30:20.401736+00:00,GET,/tienda1/imagenes/nuestratierra.jpg,0.9985757128464479,0.44,BLOQUEADA,403
2026-09-16T16:30:20.449724+00:00,POST,/tienda1/publico/autenticar.jsp,0.9989183095146742,0.44,BLOQUEADA,403
2026-09-16T16:30:20.497834+00:00,POST,/tienda1/publico/pagar.jsp,0.9995836385426141,0.44,BLOQUEADA,403
2026-09-16T16:30:20.544818+00:00,GET,/estore/populate,0.9986026238405242,0.44,BLOQUEADA,403
2026-09-16T16:30:20.591857+00:00,GET,/tienda1/imagenes/2.gif,0.9986113938428475,0.44,BLOQUEADA,403
2026-09-16T16:30:20.637944+00:00,GET,/tienda1/publico/caracteristicas.jsp,0.9987347530546284,0.44,BLOQUEADA,403
2026-09-16T16:30:20.686591+00:00,POST,/tienda1/publico/vaciar.jsp,0.9989754380064753,0.44,BLOQUEADA,403
2026-09-16T16:30:20.734920+00:00,GET,/tienda1/global/creditos.jsp,0.9986371229351352,0.44,BLOQUEADA,403
2026-09-16T16:30:20.783122+00:00,GET,/tienda1/imagenes/1.gif,0.9986455102716301,0.44,BLOQUEADA,403
2026-09-16T16:30:20.829106+00:00,GET,/tienda1/global/titulo.jsp,0.9986538053388013,0.44,BLOQUEADA,403
2026-09-16T16:30:20.875185+00:00,POST,/tienda1/publico/anadir.jsp,0.9995891518806871,0.44,BLOQUEADA,403
2026-09-16T16:30:20.921801+00:00,POST,/tienda1/miembros/editar.jsp,0.9995797673739051,0.44,BLOQUEADA,403
2026-09-16T16:30:20.971387+00:00,GET,/tienda1/publico/vaciar.jsp,0.9995655182740194,0.44,BLOQUEADA,403
2026-09-16T16:30:21.021638+00:00,GET,/tienda1/publico/entrar.jsp,0.9988899404551765,0.44,BLOQUEADA,403
2026-09-16T16:30:21.068052+00:00,GET,/tienda1/global/titulo.jsp,0.9986939417349531,0.44,BLOQUEADA,403
2026-09-16T16:30:21.114580+00:00,GET,/tienda1/publico/caracteristicas.jsp,0.9988021730783887,0.44,BLOQUEADA,403
2026-09-16T16:30:21.161657+00:00,GET,/tienda1/publico/entrar.jsp,0.9995889094644457,0.44,BLOQUEADA,403
2026-09-16T16:30:21.208978+00:00,GET,/tienda1/publico/vaciar.jsp,0.9990178885558145,0.44,BLOQUEADA,403
2026-09-16T16:30:21.256038+00:00,GET,/tienda1/imagenes/logo.gif,0.9987245178194467,0.44,BLOQUEADA,403
2026-09-16T16:30:21.304613+00:00,GET,/tienda1/global/menum.jsp,0.9987319586763916,0.44,BLOQUEADA,403
2026-09-16T16:30:21.354228+00:00,POST,/tienda1/publico/entrar.jsp,0.9990262553243471,0.44,BLOQUEADA,403
2026-09-16T16:30:21.401809+00:00,GET,/tienda1/publico/anadir.jsp,0.9993600922463733,0.44,BLOQUEADA,403
2026-09-16T16:30:21.449844+00:00,POST,/tienda1/publico/caracteristicas.jsp,0.99906279247031,0.44,BLOQUEADA,403
2026-09-16T16:30:21.496716+00:00,GET,/tienda1/publico/registro.jsp,0.9994960801885844,0.44,BLOQUEADA,403
2026-09-16T16:30:21.547098+00:00,POST,/tienda1/publico/autenticar.jsp,0.9990383868556008,0.44,BLOQUEADA,403
2026-09-16T16:30:21.594395+00:00,GET,/tienda1/publico/entrar.jsp,0.9995254320570619,0.44,BLOQUEADA,403
2026-09-16T16:30:21.643082+00:00,GET,/tienda1/index.jsp,0.9987818911336265,0.44,BLOQUEADA,403
2026-09-16T16:30:21.690740+00:00,POST,/tienda1/publico/entrar.jsp,0.9990584828354706,0.44,BLOQUEADA,403
2026-09-16T16:30:21.736322+00:00,GET,/tienda1/publico/autenticar.jsp,0.9992135573616413,0.44,BLOQUEADA,403
2026-09-16T16:30:21.782812+00:00,POST,/tienda1/publico/registro.jsp,0.9989141059651888,0.44,BLOQUEADA,403
2026-09-16T16:30:21.829323+00:00,GET,/tienda1/index.jsp,0.9988088214002094,0.44,BLOQUEADA,403
2026-09-16T16:30:21.875832+00:00,GET,/tienda1/publico/registro.jsp,0.9994932252851513,0.44,BLOQUEADA,403
2026-09-16T16:30:21.926615+00:00,GET,/tienda1/publico/pagar.jsp,0.9995798134896303,0.44,BLOQUEADA,403
2026-09-16T16:30:21.973307+00:00,GET,/tienda1/publico/autenticar.jsp,0.9992297721661834,0.44,BLOQUEADA,403
2026-09-16T16:30:22.020578+00:00,GET,/tienda1/publico/caracteristicas.jsp,0.9989184083859033,0.44,BLOQUEADA,403
2026-09-16T16:30:22.067965+00:00,POST,/tienda1/publico/autenticar.jsp,0.9990860661102042,0.44,BLOQUEADA,403
2026-09-16T16:30:22.115485+00:00,GET,/tienda1/publico/entrar.jsp,0.9990081134826154,0.44,BLOQUEADA,403
2026-09-16T16:30:22.163355+00:00,POST,/tienda1/publico/vaciar.jsp,0.9991125420774153,0.44,BLOQUEADA,403
2026-09-16T16:30:22.210012+00:00,GET,/ws-client/loanCalculation.jsp,0.9988594699772547,0.44,BLOQUEADA,403
2026-09-16T16:30:22.257687+00:00,GET,/tienda1/publico/entrar.jsp,0.9990198962814296,0.44,BLOQUEADA,403
2026-09-16T16:30:22.305390+00:00,GET,/4861362529278789730.bak,0.9988715030031162,0.44,BLOQUEADA,403
2026-09-16T16:30:22.352903+00:00,POST,/tienda1/publico/autenticar.jsp,0.9991133042827586,0.44,BLOQUEADA,403
2026-09-16T16:30:22.401478+00:00,POST,/tienda1/publico/anadir.jsp,0.9990690192371958,0.44,BLOQUEADA,403
2026-09-16T16:30:22.448137+00:00,POST,/tienda1/miembros/editar.jsp,0.9989952694119634,0.44,BLOQUEADA,403
2026-09-16T16:30:22.495046+00:00,POST,/tienda1/publico/anadir.jsp,0.999121649299638,0.44,BLOQUEADA,403
2026-09-16T16:30:22.541662+00:00,GET,/tienda1/global/titulo.jsp,0.9989005541019655,0.44,BLOQUEADA,403
2026-09-16T16:30:22.589321+00:00,GET,/tienda1/publico/entrar.jsp,0.9990537510743285,0.44,BLOQUEADA,403
2026-09-16T16:30:22.635943+00:00,GET,/tienda1/publico/anadir.jsp,0.9992741025761005,0.44,BLOQUEADA,403
2026-09-16T16:30:22.684361+00:00,GET,/tienda1/publico/carrito.jsp,0.9989173070167324,0.44,BLOQUEADA,403
2026-09-16T16:30:22.731026+00:00,GET,/tienda1/miembros/imagenes/ogono.jpg,0.9989227826068402,0.44,BLOQUEADA,403
2026-09-16T16:30:22.777683+00:00,GET,/tienda1/miembros/salir.jsp,0.9989282049723478,0.44,BLOQUEADA,403
2026-09-16T16:30:22.827178+00:00,GET,/tienda1/miembros/imagenes/zarauz.jpg,0.998933574777155,0.44,BLOQUEADA,403
2026-09-16T16:30:22.876518+00:00,GET,/tienda1/publico/entrar.jsp,0.9990769561368925,0.44,BLOQUEADA,403
2026-09-16T16:30:22.925660+00:00,GET,/tienda1/imagenes/2.gif,0.9989441593091963,0.44,BLOQUEADA,403
2026-09-16T16:30:22.972964+00:00,POST,/tienda1/miembros/editar.jsp,0.9989775074689358,0.44,BLOQUEADA,403
2026-09-16T16:30:23.018890+00:00,GET,/tienda1/publico/anadir.jsp,0.9992933130432042,0.44,BLOQUEADA,403
2026-09-16T16:30:23.065537+00:00,GET,/tienda1/publico/entrar.jsp,0.9990952157173837,0.44,BLOQUEADA,403
2026-09-16T16:30:23.111398+00:00,GET,/tienda1/publico/caracteristicas.jsp.INC,0.9989647257412826,0.44,BLOQUEADA,403
2026-09-16T16:30:23.157887+00:00,GET,/tienda1/publico/miembros.jsp,0.9989697453724029,0.44,BLOQUEADA,403
2026-09-16T16:30:23.204303+00:00,POST,/tienda1/publico/anadir.jsp,0.9991757322330564,0.44,BLOQUEADA,403
2026-09-16T16:30:23.250873+00:00,GET,/tienda1/imagenes/2.gif/asf-logo-wide.gif.Inc,0.9989796424028953,0.44,BLOQUEADA,403
2026-09-16T16:30:23.296746+00:00,GET,/tienda1/publico/autenticar.jsp,0.9996028024468424,0.44,BLOQUEADA,403
2026-09-16T16:30:23.343461+00:00,GET,/tienda1/global/estilos.css,0.9989893536015751,0.44,BLOQUEADA,403
2026-09-16T16:30:23.389497+00:00,GET,/tienda1/miembros/editar.jsp,0.9995242070306932,0.44,BLOQUEADA,403
2026-09-16T16:30:23.438228+00:00,POST,/tienda1/publico/pagar.jsp,0.9995471003092213,0.44,BLOQUEADA,403
2026-09-16T16:30:23.485900+00:00,GET,/tienda1/publico/registro.jsp,0.9995182997577821,0.44,BLOQUEADA,403
2026-09-16T16:30:23.535217+00:00,POST,/tienda1/publico/pagar.jsp,0.9996072422496568,0.44,BLOQUEADA,403
2026-09-16T16:30:23.582739+00:00,GET,/tienda1/global/estilos.css,0.9990128474867251,0.44,BLOQUEADA,403
2026-09-16T16:30:23.630880+00:00,GET,/tienda1/imagenes/nuestratierra.jpg,0.9990174160869285,0.44,BLOQUEADA,403
2026-09-16T16:30:23.678217+00:00,GET,/tienda1/publico/vaciar.jsp~,0.9990219424913276,0.44,BLOQUEADA,403
2026-09-16T16:30:23.724741+00:00,POST,/tienda1/publico/autenticar.jsp,0.9992116089339068,0.44,BLOQUEADA,403
2026-09-16T16:30:23.770830+00:00,GET,/tienda1/imagenes/3.gif,0.9990308706964355,0.44,BLOQUEADA,403
2026-09-16T16:30:23.818532+00:00,POST,/tienda1/publico/autenticar.jsp,0.9992157702036198,0.44,BLOQUEADA,403
2026-09-16T16:30:23.866370+00:00,POST,/tienda1/publico/caracteristicas.jsp,0.999237852812045,0.44,BLOQUEADA,403
2026-09-16T16:30:23.914287+00:00,GET,/tienda1/publico/entrar.jsp,0.9991590256456137,0.44,BLOQUEADA,403
2026-09-16T16:30:23.961933+00:00,GET,/tienda1/publico/pagar.jsp,0.9995976867149395,0.44,BLOQUEADA,403
2026-09-16T16:30:24.008286+00:00,POST,/tienda1/publico/vaciar.jsp,0.9992389383625513,0.44,BLOQUEADA,403
2026-09-16T16:30:24.056192+00:00,GET,/estore/populate,0.999056692910959,0.44,BLOQUEADA,403
2026-09-16T16:30:24.103826+00:00,GET,/tienda1/miembros/imagenes/zarauz.jpg,0.9990608611047027,0.44,BLOQUEADA,403
2026-09-16T16:30:24.150959+00:00,GET,/tienda1/miembros/imagenes/castro.jpg/6909030637832563290.jsp.BAK,0.9990649917673962,0.44,BLOQUEADA,403
2026-09-16T16:30:24.198728+00:00,GET,/tienda1/asf-logo-wide,0.9990690853294343,0.44,BLOQUEADA,403
2026-09-16T16:30:24.245983+00:00,GET,/tienda1/miembros/imagenes/zarauz.jpg,0.9990731422150947,0.44,BLOQUEADA,403
2026-09-16T16:30:24.293450+00:00,POST,/tienda1/miembros/editar.jsp,0.999154621518771,0.44,BLOQUEADA,403
2026-09-16T16:30:24.341283+00:00,POST,/tienda1/publico/anadir.jsp,0.9992437427096194,0.44,BLOQUEADA,403
2026-09-16T16:30:24.389073+00:00,POST,/tienda1/miembros/editar.jsp,0.9991665691775663,0.44,BLOQUEADA,403
2026-09-16T16:30:24.436405+00:00,GET,/tienda1/miembros/index.jsp.INC,0.9990890112711461,0.44,BLOQUEADA,403
2026-09-16T16:30:24.484711+00:00,GET,/tienda1/miembros/imagenes/zarauz.jpg,0.9990928909321131,0.44,BLOQUEADA,403
2026-09-16T16:30:24.532460+00:00,GET,/tienda1/global/creditos.jsp,0.9990967363395662,0.44,BLOQUEADA,403
2026-09-16T16:30:24.581140+00:00,GET,/tienda1/publico/caracteristicas.jsp,0.9991546786446812,0.44,BLOQUEADA,403
2026-09-16T16:30:24.628697+00:00,GET,/tienda1/global/creditos.jsp,0.9991043259255765,0.44,BLOQUEADA,403
2026-09-16T16:30:24.677319+00:00,GET,/tienda1/publico/pagar.jsp,0.9995938408503082,0.44,BLOQUEADA,403
2026-09-16T16:30:24.725093+00:00,GET,/tienda1/asf-logo-wide.Inc,0.9991117830395732,0.44,BLOQUEADA,403
2026-09-16T16:30:24.771940+00:00,GET,/tienda1/publico/miembros.jsp,0.9991154628376309,0.44,BLOQUEADA,403
2026-09-16T16:30:24.819743+00:00,GET,/tienda1/miembros/imagenes/ogono.jpg,0.9991191106092658,0.44,BLOQUEADA,403
2026-09-16T16:30:24.866605+00:00,GET,/tienda1/global/estilos.css,0.9991227267079656,0.44,BLOQUEADA,403
2026-09-16T16:30:24.913376+00:00,GET,/tienda1/miembros/fotos.jsp/asf-logo-wide,0.9991263114823823,0.44,BLOQUEADA,403
2026-09-16T16:30:24.961648+00:00,POST,/tienda1/publico/entrar.jsp,0.9992820731625753,0.44,BLOQUEADA,403
2026-09-16T16:30:25.009040+00:00,GET,/tienda1/publico/entrar.jsp/6909030637832563290.jsp.bak,0.9991333884292671,0.44,BLOQUEADA,403
2026-09-16T16:30:25.055829+00:00,GET,/tienda1/global/creditos.jsp,0.9991368812755643,0.44,BLOQUEADA,403
2026-09-16T16:30:25.101613+00:00,POST,/tienda1/publico/pagar.jsp,0.999614509850475,0.44,BLOQUEADA,403
2026-09-16T16:30:25.149356+00:00,GET,/tienda1/publico/pagar.jsp,0.9995998587045876,0.44,BLOQUEADA,403
2026-09-16T16:30:25.196391+00:00,POST,/tienda1/publico/anadir.jsp,0.9992897577526515,0.44,BLOQUEADA,403
2026-09-16T16:30:25.242366+00:00,GET,/tienda1/6909030637832563290.jsp,0.9991505561304496,0.44,BLOQUEADA,403
2026-09-16T16:30:25.290575+00:00,GET,/tienda1/global/titulo.jsp,0.9991539023071787,0.44,BLOQUEADA,403
2026-09-16T16:30:25.338126+00:00,GET,/,0.9991572200924409,0.44,BLOQUEADA,403
2026-09-16T16:30:25.385963+00:00,GET,/tienda1/publico/registro.jsp,0.999540796243041,0.44,BLOQUEADA,403
2026-09-16T16:30:25.435609+00:00,POST,/tienda1/publico/autenticar.jsp,0.9993054771521965,0.44,BLOQUEADA,403
2026-09-16T16:30:25.483461+00:00,POST,/tienda1/miembros/editar.jsp,0.999231430491029,0.44,BLOQUEADA,403
2026-09-16T16:30:25.530394+00:00,GET,/tienda1/publico/miembros.jsp,0.9991702133466013,0.44,BLOQUEADA,403
2026-09-16T16:30:25.576801+00:00,GET,/tienda1/publico/autenticar.jsp,0.9993833641960843,0.44,BLOQUEADA,403
2026-09-16T16:30:25.624490+00:00,GET,/tienda1/publico/anadir.jsp,0.9994356510611974,0.44,BLOQUEADA,403
2026-09-16T16:30:25.670215+00:00,POST,/tienda1/miembros/editar.jsp,0.9992638510274333,0.44,BLOQUEADA,403
2026-09-16T16:30:25.716706+00:00,GET,/tienda1/miembros/imagenes/zarauz.jpg,0.9991827759767703,0.44,BLOQUEADA,403
2026-09-16T16:30:25.763092+00:00,POST,/tienda1/publico/vaciar.jsp,0.9993268963502373,0.44,BLOQUEADA,403
2026-09-16T16:30:25.809381+00:00,GET,/tienda1/miembros/imagenes/ogono.jpg,0.9991889014310148,0.44,BLOQUEADA,403
2026-09-16T16:30:25.856714+00:00,POST,/tienda1/miembros/editar.jsp,0.9992629214019042,0.44,BLOQUEADA,403
2026-09-16T16:30:25.904162+00:00,POST,/tienda1/publico/anadir.jsp,0.9993234288211843,0.44,BLOQUEADA,403
2026-09-16T16:30:25.952509+00:00,GET,/tienda1/miembros/editar.jsp,0.9995512850226953,0.44,BLOQUEADA,403
2026-09-16T16:30:26.003163+00:00,GET,/tienda1/imagenes/nuestratierra.jpg,0.999200851358867,0.44,BLOQUEADA,403
2026-09-16T16:30:26.051242+00:00,POST,/tienda1/publico/autenticar.jsp,0.99933133829385,0.44,BLOQUEADA,403
2026-09-16T16:30:26.098369+00:00,GET,/tienda1/imagenes/nuestratierra.jpg,0.9992066799641482,0.44,BLOQUEADA,403
2026-09-16T16:30:26.146978+00:00,GET,/asf-logo-wide.gif/.INC,0.9992095585549778,0.44,BLOQUEADA,403
2026-09-16T16:30:26.195189+00:00,POST,/tienda1/publico/entrar.jsp,0.999338722912174,0.44,BLOQUEADA,403
2026-09-16T16:30:26.242858+00:00,GET,/tienda1/miembros/index.jsp/.BAK,0.9992152455312513,0.44,BLOQUEADA,403
2026-09-16T16:30:26.290875+00:00,POST,/tienda1/publico/autenticar.jsp,0.999623075879819,0.44,BLOQUEADA,403
2026-09-16T16:30:26.339059+00:00,GET,/tienda1/miembros/imagenes/ogono.jpg,0.9992208404887375,0.44,BLOQUEADA,403
2026-09-16T16:30:26.385944+00:00,GET,/iisadmpwd/anot.htr,0.9992236040448157,0.44,BLOQUEADA,403
2026-09-16T16:30:26.433083+00:00,GET,/tienda1/publico/autenticar.jsp,0.9994206020251298,0.44,BLOQUEADA,403
2026-09-16T16:30:26.481351+00:00,GET,/tienda1/publico/anadir.jsp,0.9994374405763324,0.44,BLOQUEADA,403
2026-09-16T16:30:26.528763+00:00,GET,/tienda1/imagenes/3.gif,0.9992317617572514,0.44,BLOQUEADA,403
2026-09-16T16:30:26.576356+00:00,GET,/tienda1/publico/registro.jsp,0.9995564479764951,0.44,BLOQUEADA,403
2026-09-16T16:30:26.628031+00:00,GET,/tienda1/publico/anadir.jsp,0.9994422787504413,0.44,BLOQUEADA,403
2026-09-16T16:30:26.674113+00:00,GET,/tienda1/publico/miembros.jsp,0.9992397246883873,0.44,BLOQUEADA,403
2026-09-16T16:30:26.721786+00:00,GET,/tienda1/global/menum.jsp,0.9992423367222909,0.44,BLOQUEADA,403
2026-09-16T16:30:26.769302+00:00,GET,/tienda1/global/titulo.jsp,0.9992449279691475,0.44,BLOQUEADA,403
2026-09-16T16:30:26.817739+00:00,GET,/tienda1/publico/registro.jsp,0.9995540298897582,0.44,BLOQUEADA,403
2026-09-16T16:30:26.867814+00:00,GET,/tienda1/global/estilos.css,0.9992500489264361,0.44,BLOQUEADA,403
2026-09-16T16:30:26.914396+00:00,GET,/tienda1/publico/autenticar.jsp,0.9994452709551223,0.44,BLOQUEADA,403
2026-09-16T16:30:26.961066+00:00,GET,/tienda1/miembros/index.jsp,0.9992550891844524,0.44,BLOQUEADA,403
2026-09-16T16:30:27.008248+00:00,GET,/tienda1/miembros/editar.jsp,0.999559773771658,0.44,BLOQUEADA,403
2026-09-16T16:30:27.057325+00:00,GET,/tienda1/publico/pagar.jsp,0.9996043410699001,0.44,BLOQUEADA,403
2026-09-16T16:30:27.103813+00:00,GET,/tienda1/index.jsp,0.9992625017162452,0.44,BLOQUEADA,403
2026-09-16T16:30:27.150985+00:00,POST,/tienda1/publico/vaciar.jsp,0.9993802997358141,0.44,BLOQUEADA,403
2026-09-16T16:30:27.198474+00:00,GET,/asf-logo-wide.gif.java,0.9992673470752628,0.44,BLOQUEADA,403
2026-09-16T16:30:27.246189+00:00,GET,/tienda1/miembros/index.jsp/asf-logo-wide.gif,0.9992697414185548,0.44,BLOQUEADA,403
2026-09-16T16:30:27.293439+00:00,GET,/tienda1/miembros/salir.jsp,0.9992721171157427,0.44,BLOQUEADA,403
2026-09-16T16:30:27.340842+00:00,GET,/tienda1/publico/entrar.jsp,0.9993690109066701,0.44,BLOQUEADA,403
2026-09-16T16:30:27.388200+00:00,GET,/tienda1/imagenes/2.gif,0.9992768132927378,0.44,BLOQUEADA,403
2026-09-16T16:30:27.435198+00:00,GET,/tienda1/publico/caracteristicas.jsp,0.9993119649732879,0.44,BLOQUEADA,403
2026-09-16T16:30:27.482449+00:00,POST,/tienda1/publico/autenticar.jsp,0.9993876376220238,0.44,BLOQUEADA,403
2026-09-16T16:30:27.530423+00:00,GET,/,0.9992837221620569,0.44,BLOQUEADA,403
2026-09-16T16:30:27.579597+00:00,GET,/tienda1/miembros/imagenes/castro.jpg,0.999285989704141,0.44,BLOQUEADA,403
2026-09-16T16:30:27.627538+00:00,POST,/tienda1/publico/registro.jsp,0.9993479261035748,0.44,BLOQUEADA,403
2026-09-16T16:30:27.675480+00:00,GET,/tienda1/miembros/editar.jsp,0.9995608017386495,0.44,BLOQUEADA,403
2026-09-16T16:30:27.724540+00:00,GET,/tienda1/publico/pagar.jsp,0.9996052634988671,0.44,BLOQUEADA,403
2026-09-16T16:30:27.770889+00:00,GET,/tienda1/miembros/imagenes/ogono.jpg,0.9992948872741092,0.44,BLOQUEADA,403
2026-09-16T16:30:27.817441+00:00,GET,/tienda1/publico/pagar.jsp,0.9996059037121438,0.44,BLOQUEADA,403
2026-09-16T16:30:27.864813+00:00,GET,/tienda1/miembros/salir.jsp,0.9992992347800232,0.44,BLOQUEADA,403
2026-09-16T16:30:27.910530+00:00,GET,/tienda1/imagenes/nuestratierra.jpg,0.9993013837699053,0.44,BLOQUEADA,403
2026-09-16T16:30:27.959037+00:00,GET,/tienda1/global/estilos.css,0.9993035164582066,0.44,BLOQUEADA,403
2026-09-16T16:30:28.007619+00:00,GET,/tienda1/publico/anadir.jsp,0.9994579148746345,0.44,BLOQUEADA,403
2026-09-16T16:30:28.054806+00:00,POST,/tienda1/publico/registro.jsp,0.999369371241963,0.44,BLOQUEADA,403
2026-09-16T16:30:28.100888+00:00,GET,/iissamples/ExAir/HowToReachUs.asp,0.9993098182357335,0.44,BLOQUEADA,403
2026-09-16T16:30:28.148949+00:00,GET,/tienda1/publico/registro.jsp,0.9995709551569352,0.44,BLOQUEADA,403
2026-09-16T16:30:28.198343+00:00,GET,/tienda1/publico/registro.jsp,0.9995645713939804,0.44,BLOQUEADA,403
2026-09-16T16:30:28.247644+00:00,GET,/scripts/tools/dsnform.exe,0.9993159787053059,0.44,BLOQUEADA,403
2026-09-16T16:30:28.293988+00:00,GET,/tienda1/miembros/imagenes/ogono.jpg,0.9993180014715318,0.44,BLOQUEADA,403
2026-09-16T16:30:28.341394+00:00,POST,/tienda1/publico/autenticar.jsp,0.9994168013384671,0.44,BLOQUEADA,403
2026-09-16T16:30:28.388883+00:00,POST,/tienda1/publico/pagar.jsp,0.9996284488541445,0.44,BLOQUEADA,403
2026-09-16T16:30:28.436304+00:00,GET,/tienda1/miembros/editar.jsp,0.9995726361606779,0.44,BLOQUEADA,403
2026-09-16T16:30:28.486254+00:00,GET,/tienda1/global/titulo.jsp,0.9993259426725831,0.44,BLOQUEADA,403
2026-09-16T16:30:28.533702+00:00,POST,/tienda1/publico/autenticar.jsp,0.9996302877664348,0.44,BLOQUEADA,403
2026-09-16T16:30:28.581747+00:00,GET,/tienda1/publico/anadir.jsp,0.9996136949164073,0.44,BLOQUEADA,403
2026-09-16T16:30:28.630853+00:00,GET,/asf-logo-wide.inc,0.9993317450363469,0.44,BLOQUEADA,403
2026-09-16T16:30:28.678379+00:00,GET,/tienda1/publico/anadir.jsp,0.9994734599488915,0.44,BLOQUEADA,403
2026-09-16T16:30:28.726214+00:00,GET,/tienda1/global/creditos.jsp,0.999335542155092,0.44,BLOQUEADA,403
2026-09-16T16:30:28.773214+00:00,GET,/tienda1/publico/entrar.jsp,0.9993920812415459,0.44,BLOQUEADA,403
2026-09-16T16:30:28.820856+00:00,POST,/tienda1/publico/registro.jsp,0.999389393123035,0.44,BLOQUEADA,403
2026-09-16T16:30:28.867100+00:00,POST,/tienda1/publico/caracteristicas.jsp,0.9995789911390506,0.44,BLOQUEADA,403
2026-09-16T16:30:28.913980+00:00,GET,/tienda1/publico/entrar.jsp,0.9993965088224394,0.44,BLOQUEADA,403
2026-09-16T16:30:28.960977+00:00,GET,/tienda1/publico/vaciar.jsp,0.9993830796854005,0.44,BLOQUEADA,403
2026-09-16T16:30:29.008389+00:00,GET,/tienda1/imagenes/logo.gif,0.9993466033035522,0.44,BLOQUEADA,403
2026-09-16T16:30:29.055722+00:00,GET,/tienda1/global/estilos.css,0.9993483999635621,0.44,BLOQUEADA,403
2026-09-16T16:30:29.101886+00:00,GET,/tienda1/global/estilos.css,0.9993501835523861,0.44,BLOQUEADA,403
2026-09-16T16:30:29.149225+00:00,GET,/tienda1/global/estilos.css,0.9993519541865943,0.44,BLOQUEADA,403
2026-09-16T16:30:29.196944+00:00,GET,/tienda1/imagenes/1.gif,0.9993537119814764,0.44,BLOQUEADA,403
2026-09-16T16:30:29.245648+00:00,POST,/tienda1/publico/autenticar.jsp,0.9994419702340713,0.44,BLOQUEADA,403
2026-09-16T16:30:29.293795+00:00,GET,/tienda1/global/creditos.jsp.java,0.9993571895081237,0.44,BLOQUEADA,403
2026-09-16T16:30:29.341627+00:00,GET,/tienda1/publico/anadir.jsp,0.9995098092035632,0.44,BLOQUEADA,403
2026-09-16T16:30:29.387846+00:00,GET,/tienda1/miembros/editar.jsp,0.9995751596767954,0.44,BLOQUEADA,403
2026-09-16T16:30:29.436799+00:00,GET,/tienda1/global/creditos.jsp,0.9993623123136621,0.44,BLOQUEADA,403
2026-09-16T16:30:29.484107+00:00,GET,/tienda1/publico/miembros.jsp,0.9993639954241021,0.44,BLOQUEADA,403
2026-09-16T16:30:29.531910+00:00,GET,/tienda1/publico/carrito.jsp,0.9993656664677967,0.44,BLOQUEADA,403
2026-09-16T16:30:29.578541+00:00,GET,/tienda1/publico/vaciar.jsp,0.9993929226328903,0.44,BLOQUEADA,403
2026-09-16T16:30:29.625455+00:00,POST,/tienda1/publico/autenticar.jsp,0.999451852340448,0.44,BLOQUEADA,403
2026-09-16T16:30:29.671852+00:00,GET,/tienda1/miembros/salir.jsp,0.9993706082491153,0.44,BLOQUEADA,403
2026-09-16T16:30:29.720588+00:00,GET,/tienda1/miembros/fotos.jsp,0.9993722320709088,0.44,BLOQUEADA,403
2026-09-16T16:30:29.768796+00:00,GET,/tienda1/global/creditos.jsp,0.999373844342921,0.44,BLOQUEADA,403
2026-09-16T16:30:29.817627+00:00,POST,/tienda1/publico/registro.jsp,0.9996343137343461,0.44,BLOQUEADA,403
2026-09-16T16:30:29.866119+00:00,POST,/tienda1/miembros/editar.jsp,0.999430609143002,0.44,BLOQUEADA,403
2026-09-16T16:30:29.914842+00:00,GET,/tienda1/miembros/imagenes/zarauz.jpg,0.9993786128559279,0.44,BLOQUEADA,403
2026-09-16T16:30:29.964495+00:00,POST,/tienda1/publico/anadir.jsp,0.9994577250896978,0.44,BLOQUEADA,403
2026-09-16T16:30:30.011210+00:00,POST,/tienda1/publico/pagar.jsp,0.9996332633215299,0.44,BLOQUEADA,403
2026-09-16T16:30:30.059069+00:00,POST,/tienda1/publico/registro.jsp,0.9994304127806498,0.44,BLOQUEADA,403
2026-09-16T16:30:30.106593+00:00,GET,/tienda1/imagenes/1.gif.Inc,0.9993848151287169,0.44,BLOQUEADA,403
2026-09-16T16:30:30.154431+00:00,GET,/tienda1/publico/pagar.jsp,0.9996121055658971,0.44,BLOQUEADA,403
2026-09-16T16:30:30.201220+00:00,GET,/tienda1/publico/autenticar.jsp,0.9994960209678873,0.44,BLOQUEADA,403
2026-09-16T16:30:30.248763+00:00,GET,/tienda1/asf-logo-wide.gif/,0.9993893533295231,0.44,BLOQUEADA,403
2026-09-16T16:30:30.295706+00:00,GET,/tienda1/publico/registro.jsp,0.9995798718095127,0.44,BLOQUEADA,403
2026-09-16T16:30:30.344507+00:00,GET,/tienda1/miembros/imagenes/zarauz.jpg,0.9993923261193708,0.44,BLOQUEADA,403
2026-09-16T16:30:30.391638+00:00,POST,/tienda1/publico/caracteristicas.jsp,0.9994737744141841,0.44,BLOQUEADA,403
2026-09-16T16:30:30.437317+00:00,POST,/tienda1/publico/caracteristicas.jsp,0.9996347844598503,0.44,BLOQUEADA,403
2026-09-16T16:30:30.483659+00:00,GET,/tienda1/imagenes/cmenbul.gif,0.9993967080607865,0.44,BLOQUEADA,403
2026-09-16T16:30:30.529636+00:00,POST,/tienda1/publico/anadir.jsp,0.9994715785348859,0.44,BLOQUEADA,403
2026-09-16T16:30:30.577009+00:00,POST,/tienda1/publico/pagar.jsp,0.9996348447707865,0.44,BLOQUEADA,403
2026-09-16T16:30:30.623745+00:00,GET,/tienda1/publico/miembros.jsp,0.9994009993772867,0.44,BLOQUEADA,403
2026-09-16T16:30:30.671794+00:00,GET,/tienda1/publico/vaciar.jsp,0.9994330852805109,0.44,BLOQUEADA,403
2026-09-16T16:30:30.719320+00:00,POST,/tienda1/miembros/editar.jsp,0.9994524551578419,0.44,BLOQUEADA,403
2026-09-16T16:30:30.769218+00:00,GET,/tienda1/miembros/salir.jsp,0.9994052023290813,0.44,BLOQUEADA,403
2026-09-16T16:30:30.818307+00:00,POST,/tienda1/publico/caracteristicas.jsp,0.9994823458977056,0.44,BLOQUEADA,403
2026-09-16T16:30:30.866669+00:00,GET,/tienda1/publico/autenticar.jsp,0.9995254685744663,0.44,BLOQUEADA,403
2026-09-16T16:30:30.913498+00:00,POST,/tienda1/publico/vaciar.jsp,0.9994823749936365,0.44,BLOQUEADA,403
2026-09-16T16:30:30.962140+00:00,GET,/tienda1/publico/vaciar.jsp,0.9994394597520796,0.44,BLOQUEADA,403
2026-09-16T16:30:31.010601+00:00,POST,/tienda1/publico/autenticar.jsp,0.9994843511308834,0.44,BLOQUEADA,403
2026-09-16T16:30:31.057736+00:00,POST,/tienda1/publico/registro.jsp,0.9994608057017439,0.44,BLOQUEADA,403
2026-09-16T16:30:31.104776+00:00,GET,/tienda1/miembros/salir.jsp,0.9994146777620653,0.44,BLOQUEADA,403
2026-09-16T16:30:31.153600+00:00,GET,/tienda1/publico/miembros.jsp,0.9994159946518524,0.44,BLOQUEADA,403
2026-09-16T16:30:31.214719+00:00,POST,/tienda1/publico/entrar.jsp,0.9996384276437132,0.44,BLOQUEADA,403
2026-09-16T16:30:31.263845+00:00,GET,/tienda1/miembros/fotos.jsp/asf-logo-wide.gif,0.9994186016238427,0.44,BLOQUEADA,403
2026-09-16T16:30:31.314007+00:00,GET,/tienda1/global/menum.jsp,0.9994198918519317,0.44,BLOQUEADA,403
2026-09-16T16:30:31.362216+00:00,POST,/tienda1/publico/autenticar.jsp,0.9994897677060881,0.44,BLOQUEADA,403
2026-09-16T16:30:31.409742+00:00,GET,/tienda1/publico/entrar.jsp,0.9994601863468019,0.44,BLOQUEADA,403
2026-09-16T16:30:31.457086+00:00,GET,/tienda1/imagenes/logo.gif,0.9994237103646791,0.44,BLOQUEADA,403
2026-09-16T16:30:31.504452+00:00,GET,/tienda1/publico/vaciar.jsp,0.9994523731593572,0.44,BLOQUEADA,403
2026-09-16T16:30:31.552268+00:00,GET,/tienda1/publico/autenticar.jsp,0.9995335216265508,0.44,BLOQUEADA,403
2026-09-16T16:30:31.601049+00:00,GET,/tienda1/publico/caracteristicas.jsp,0.9994454106576591,0.44,BLOQUEADA,403
2026-09-16T16:30:31.648062+00:00,POST,/tienda1/publico/vaciar.jsp,0.9994966833854294,0.44,BLOQUEADA,403
2026-09-16T16:30:31.694732+00:00,POST,/tienda1/miembros/editar.jsp,0.9994780646312981,0.44,BLOQUEADA,403
2026-09-16T16:30:31.741408+00:00,GET,/tienda1/publico/entrar.jsp,0.9994526157086339,0.44,BLOQUEADA,403
2026-09-16T16:30:31.787854+00:00,GET,/tienda1/publico/vaciar.jsp,0.999458059903899,0.44,BLOQUEADA,403
2026-09-16T16:30:31.834720+00:00,POST,/tienda1/publico/anadir.jsp,0.9994897485728329,0.44,BLOQUEADA,403
2026-09-16T16:30:31.882867+00:00,GET,/tienda1/publico/entrar.jsp,0.9994700646731025,0.44,BLOQUEADA,403
2026-09-16T16:30:31.929982+00:00,GET,/tienda1/publico/autenticar.jsp,0.9995223768581015,0.44,BLOQUEADA,403
2026-09-16T16:30:31.976386+00:00,POST,/tienda1/publico/vaciar.jsp,0.999502842924147,0.44,BLOQUEADA,403
2026-09-16T16:30:32.023153+00:00,POST,/tienda1/publico/registro.jsp,0.9994808040957806,0.44,BLOQUEADA,403
2026-09-16T16:30:32.069931+00:00,POST,/tienda1/publico/pagar.jsp,0.9996387033678921,0.44,BLOQUEADA,403
2026-09-16T16:30:32.116127+00:00,GET,/tienda1/miembros/index.jsp,0.9994405440716573,0.44,BLOQUEADA,403
2026-09-16T16:30:32.163115+00:00,GET,/tienda1/imagenes/1.gif,0.9994416872654184,0.44,BLOQUEADA,403
2026-09-16T16:30:32.209967+00:00,POST,/tienda1/publico/autenticar.jsp,0.9994999408919123,0.44,BLOQUEADA,403
2026-09-16T16:30:32.256849+00:00,GET,/postinfo.html,0.9994439510213144,0.44,BLOQUEADA,403
2026-09-16T16:30:32.305320+00:00,GET,/tienda1/publico/autenticar.jsp,0.9995278764584521,0.44,BLOQUEADA,403
2026-09-16T16:30:32.354091+00:00,GET,/tienda1/publico/autenticar.jsp,0.9995281242179216,0.44,BLOQUEADA,403
2026-09-16T16:30:32.401652+00:00,GET,/tienda1/publico/productos.jsp,0.9994472909617008,0.44,BLOQUEADA,403
2026-09-16T16:30:32.448303+00:00,GET,/tienda1/publico/entrar.jsp,0.9994810962837803,0.44,BLOQUEADA,403
2026-09-16T16:30:32.494671+00:00,GET,/tienda1/imagenes/nuestratierra.jpg,0.9994494811353631,0.44,BLOQUEADA,403
2026-09-16T16:30:32.542725+00:00,GET,/tienda1/miembros/editar.jsp,0.9995911158472783,0.44,BLOQUEADA,403
2026-09-16T16:30:32.593002+00:00,GET,/tienda1/publico/vaciar.jsp,0.9994746859003536,0.44,BLOQUEADA,403
2026-09-16T16:30:32.639519+00:00,GET,/tienda1/publico/vaciar.jsp,0.9994756078278888,0.44,BLOQUEADA,403
2026-09-16T16:30:32.687228+00:00,GET,/tienda1/publico/caracteristicas.jsp,0.999469807517624,0.44,BLOQUEADA,403
2026-09-16T16:30:32.733953+00:00,POST,/tienda1/publico/vaciar.jsp,0.9995159736447512,0.44,BLOQUEADA,403
2026-09-16T16:30:32.780532+00:00,GET,/tienda1/global/titulo.jsp,0.9994558816220223,0.44,BLOQUEADA,403
2026-09-16T16:30:32.827129+00:00,GET,/tienda1/publico/pagar.jsp.java,0.9994569241461357,0.44,BLOQUEADA,403
2026-09-16T16:30:32.874278+00:00,GET,/tienda1/publico/caracteristicas.jsp,0.9994735829882572,0.44,BLOQUEADA,403
2026-09-16T16:30:32.922272+00:00,GET,/tienda1/imagenes/cmenbul.gif,0.9994589889097564,0.44,BLOQUEADA,403
2026-09-16T16:30:32.969774+00:00,GET,/tienda1/publico/autenticar.jsp,0.9995420727072656,0.44,BLOQUEADA,403
2026-09-16T16:30:33.017862+00:00,GET,/tienda1/imagenes/2.gif,0.9994610269726302,0.44,BLOQUEADA,403
2026-09-16T16:30:33.064831+00:00,GET,/tienda1/publico/anadir.jsp,0.9995382748660008,0.44,BLOQUEADA,403
2026-09-16T16:30:33.111453+00:00,POST,/tienda1/publico/pagar.jsp,0.9996409639568721,0.44,BLOQUEADA,403
2026-09-16T16:30:33.158529+00:00,POST,/tienda1/publico/caracteristicas.jsp,0.999517413774337,0.44,BLOQUEADA,403
2026-09-16T16:30:33.205506+00:00,POST,/tienda1/miembros/editar.jsp,0.9995055530455331,0.44,BLOQUEADA,403
2026-09-16T16:30:33.253352+00:00,POST,/tienda1/publico/autenticar.jsp,0.9995238416105003,0.44,BLOQUEADA,403
2026-09-16T16:30:33.300717+00:00,GET,/tienda1/publico/carrito.jsp,0.9994669849967134,0.44,BLOQUEADA,403
2026-09-16T16:30:33.347229+00:00,GET,/tienda1/global/menum.jsp,0.9994679557435849,0.44,BLOQUEADA,403
2026-09-16T16:30:33.393646+00:00,POST,/tienda1/publico/autenticar.jsp,0.9995264454926637,0.44,BLOQUEADA,403
2026-09-16T16:30:33.440709+00:00,POST,/tienda1/miembros/editar.jsp,0.999512248002792,0.44,BLOQUEADA,403
2026-09-16T16:30:33.489460+00:00,GET,/tienda1/miembros/index.jsp,0.9994708307866133,0.44,BLOQUEADA,403
2026-09-16T16:30:33.536621+00:00,GET,/tienda1/imagenes/1.gif,0.9994717768906772,0.44,BLOQUEADA,403
2026-09-16T16:30:33.583241+00:00,POST,/tienda1/publico/vaciar.jsp,0.9995966236768871,0.44,BLOQUEADA,403
2026-09-16T16:30:33.630309+00:00,GET,/tienda1/publico/anadir.jsp,0.9995442905632067,0.44,BLOQUEADA,403
2026-09-16T16:30:33.678155+00:00,GET,/tienda1/publico/registro.jsp,0.999591961405099,0.44,BLOQUEADA,403
2026-09-16T16:30:33.727880+00:00,POST,/tienda1/publico/autenticar.jsp,0.9995313422706344,0.44,BLOQUEADA,403
2026-09-16T16:30:33.775179+00:00,GET,/tienda1/publico/miembros.jsp,0.9994764176368688,0.44,BLOQUEADA,403
2026-09-16T16:30:33.822211+00:00,GET,/tienda1/publico/entrar.jsp,0.9995044995850699,0.44,BLOQUEADA,403
2026-09-16T16:30:33.868806+00:00,GET,/tienda1/global/estilos.css,0.9994782328712789,0.44,BLOQUEADA,403
2026-09-16T16:30:33.917826+00:00,POST,/tienda1/publico/vaciar.jsp,0.9995340153821555,0.44,BLOQUEADA,403
2026-09-16T16:30:33.964216+00:00,POST,/tienda1/publico/pagar.jsp,0.9996424461938898,0.44,BLOQUEADA,403
2026-09-16T16:30:34.012930+00:00,POST,/tienda1/publico/registro.jsp,0.9995279405876264,0.44,BLOQUEADA,403
2026-09-16T16:30:34.062760+00:00,GET,/tienda1/global/titulo.jsp,0.9994817948497887,0.44,BLOQUEADA,403
2026-09-16T16:30:34.109304+00:00,GET,/tienda1/global/titulo.jsp,0.9994826713214306,0.44,BLOQUEADA,403
2026-09-16T16:30:34.155561+00:00,GET,/tienda1/publico/anadir.jsp,0.9995549934004758,0.44,BLOQUEADA,403
2026-09-16T16:30:34.202118+00:00,GET,/tienda1/global/menum.jsp,0.9994844077262265,0.44,BLOQUEADA,403
2026-09-16T16:30:34.249286+00:00,GET,/tienda1/publico/autenticar.jsp,0.9995487938087844,0.44,BLOQUEADA,403
2026-09-16T16:30:34.295806+00:00,GET,/tienda1/publico/anadir.jsp,0.9996199943757951,0.44,BLOQUEADA,403
2026-09-16T16:30:34.342044+00:00,POST,/tienda1/publico/anadir.jsp,0.999540341727828,0.44,BLOQUEADA,403
2026-09-16T16:30:34.388398+00:00,GET,/tienda1/publico/registro.jsp,0.999594361879889,0.44,BLOQUEADA,403
2026-09-16T16:30:34.439004+00:00,GET,/tienda1/global/creditos.jsp,0.9994886541401087,0.44,BLOQUEADA,403
2026-09-16T16:30:34.487501+00:00,POST,/tienda1/publico/registro.jsp,0.9995231948050333,0.44,BLOQUEADA,403
2026-09-16T16:30:34.534567+00:00,GET,/tienda1/global/estilos.css,0.9994903156922802,0.44,BLOQUEADA,403
2026-09-16T16:30:34.584087+00:00,GET,/tienda1/miembros/editar.jsp,0.9995949685515568,0.44,BLOQUEADA,403
2026-09-16T16:30:34.638611+00:00,POST,/tienda1/publico/pagar.jsp,0.9996436406905269,0.44,BLOQUEADA,403
2026-09-16T16:30:34.685542+00:00,GET,/tienda1/publico/caracteristicas.jsp,0.999525501684923,0.44,BLOQUEADA,403
2026-09-16T16:30:34.732514+00:00,GET,/tienda1/publico/entrar.jsp,0.9995613635902488,0.44,BLOQUEADA,403
2026-09-16T16:30:34.778789+00:00,GET,/tienda1/publico/vaciar.jsp,0.9995119889465262,0.44,BLOQUEADA,403
2026-09-16T16:30:34.826725+00:00,POST,/tienda1/publico/pagar.jsp,0.9996439801938465,0.44,BLOQUEADA,403
2026-09-16T16:30:34.874324+00:00,GET,/tienda1/publico/autenticar.jsp,0.9995523692632425,0.44,BLOQUEADA,403
2026-09-16T16:30:34.924369+00:00,GET,/tienda1/publico/anadir.jsp,0.9995608126359703,0.44,BLOQUEADA,403
2026-09-16T16:30:34.973915+00:00,GET,/tienda1/publico/autenticar.jsp.Old,0.9994951774027659,0.44,BLOQUEADA,403
2026-09-16T16:30:35.025436+00:00,POST,/tienda1/publico/autenticar.jsp,0.9995472873762782,0.44,BLOQUEADA,403
2026-09-16T16:30:35.075644+00:00,GET,/tienda1/global/titulo.jsp,0.9994951774027659,0.44,BLOQUEADA,403
2026-09-16T16:30:35.127897+00:00,GET,/tienda1/miembros/imagenes/zarauz.jpg,0.9994951774027659,0.44,BLOQUEADA,403
2026-09-16T16:30:35.180316+00:00,GET,/tienda1/miembros/editar.jsp,0.9995957080583695,0.44,BLOQUEADA,403
2026-09-16T16:30:35.231293+00:00,GET,/tienda1/publico/anadir.jsp/asf-logo-wide.gif/,0.9994951774027659,0.44,BLOQUEADA,403
2026-09-16T16:30:35.281199+00:00,GET,/tienda1/imagenes/logo.gif,0.9994951774027659,0.44,BLOQUEADA,403
2026-09-16T16:30:35.330946+00:00,GET,/tienda1/miembros/fotos.jsp,0.9994951774027659,0.44,BLOQUEADA,403
2026-09-16T16:30:35.380723+00:00,GET,/tienda1/publico/entrar.jsp/asf-logo-wide,0.9994951774027659,0.44,BLOQUEADA,403
2026-09-16T16:30:35.430526+00:00,POST,/tienda1/publico/pagar.jsp,0.9996439778551847,0.44,BLOQUEADA,403
2026-09-16T16:30:35.478828+00:00,GET,/tienda1/publico/registro.jsp,0.9995957080583695,0.44,BLOQUEADA,403
2026-09-16T16:30:35.532353+00:00,GET,/tienda1.OLD,0.9994951774027659,0.44,BLOQUEADA,403
2026-09-16T16:30:35.583177+00:00,GET,/tienda1/publico/vaciar.jsp,0.9995076499641008,0.44,BLOQUEADA,403
2026-09-16T16:30:35.632081+00:00,GET,/tienda1/4861362529278789730.Inc,0.9994951774027659,0.44,BLOQUEADA,403
2026-09-16T16:30:35.684385+00:00,GET,/tienda1/publico/caracteristicas.jsp,0.9995072189675822,0.44,BLOQUEADA,403
2026-09-16T16:30:35.737571+00:00,GET,/,0.9994970784089445,0.44,BLOQUEADA,403
2026-09-16T16:30:35.790311+00:00,POST,/tienda1/publico/registro.jsp,0.9995293519990044,0.44,BLOQUEADA,403
2026-09-16T16:30:35.838632+00:00,GET,/tienda1/miembros/fotos.jsp,0.9994951774027659,0.44,BLOQUEADA,403
2026-09-16T16:30:35.887460+00:00,GET,/tienda1/publico/caracteristicas.jsp,0.9995072189675822,0.44,BLOQUEADA,403
2026-09-16T16:30:35.935772+00:00,GET,/tienda1/publico/miembros.jsp,0.9994951774027659,0.44,BLOQUEADA,403
2026-09-16T16:30:35.986175+00:00,POST,/tienda1/publico/registro.jsp,0.9995362744127246,0.44,BLOQUEADA,403
2026-09-16T16:30:36.036736+00:00,GET,/tienda1/miembros/index.jsp,0.9994951774027659,0.44,BLOQUEADA,403
2026-09-16T16:30:36.089097+00:00,POST,/tienda1/publico/registro.jsp,0.9995338621331115,0.44,BLOQUEADA,403
2026-09-16T16:30:36.141947+00:00,GET,/tienda1/global/creditos.jsp,0.9994951774027659,0.44,BLOQUEADA,403
2026-09-16T16:30:36.193438+00:00,GET,/tienda1/imagenes/logo.gif,0.9994951774027659,0.44,BLOQUEADA,403
2026-09-16T16:30:36.242831+00:00,GET,/tienda1/miembros/editar.jsp,0.9996159605064812,0.44,BLOQUEADA,403
2026-09-16T16:30:36.292698+00:00,POST,/tienda1/publico/caracteristicas.jsp,0.9996444867180198,0.44,BLOQUEADA,403
2026-09-16T16:30:36.341655+00:00,GET,/tienda1/publico/pagar.jsp,0.9996203161716285,0.44,BLOQUEADA,403
2026-09-16T16:30:36.390667+00:00,POST,/tienda1/publico/pagar.jsp,0.9996439801938465,0.44,BLOQUEADA,403
2026-09-16T16:30:36.440361+00:00,POST,/tienda1/miembros/editar.jsp,0.9995368458405607,0.44,BLOQUEADA,403
2026-09-16T16:30:36.490846+00:00,GET,/tienda1/publico/vaciar.jsp,0.9995126764574376,0.44,BLOQUEADA,403
2026-09-16T16:30:36.539415+00:00,GET,/tienda1/publico/anadir.jsp,0.999555981298607,0.44,BLOQUEADA,403
2026-09-16T16:30:36.588357+00:00,GET,/tienda1/imagenes/2.gif,0.9994951774027659,0.44,BLOQUEADA,403
2026-09-16T16:30:36.637117+00:00,GET,/tienda1/miembros/salir.jsp/.java,0.9994951774027659,0.44,BLOQUEADA,403
2026-09-16T16:30:36.687855+00:00,GET,/tienda1/publico/carrito.jsp,0.9994951774027659,0.44,BLOQUEADA,403
2026-09-16T16:30:36.737348+00:00,GET,/tienda1/imagenes/1.gif,0.9994951774027659,0.44,BLOQUEADA,403
2026-09-16T16:30:36.786719+00:00,GET,/tienda1/global/estilos.css,0.9994951774027659,0.44,BLOQUEADA,403
2026-09-16T16:30:36.835554+00:00,GET,/tienda1/publico/carrito.jsp,0.9994951774027659,0.44,BLOQUEADA,403
2026-09-16T16:30:36.885762+00:00,POST,/tienda1/publico/caracteristicas.jsp,0.9995475296313155,0.44,BLOQUEADA,403
2026-09-16T16:30:36.935490+00:00,POST,/tienda1/publico/vaciar.jsp,0.9995461494478104,0.44,BLOQUEADA,403
2026-09-16T16:30:36.986637+00:00,GET,/tienda1/publico/entrar.jsp,0.9995185979229275,0.44,BLOQUEADA,403
2026-09-16T16:30:37.036057+00:00,GET,/tienda1/imagenes/nuestratierra.jpg,0.9994951774027659,0.44,BLOQUEADA,403
2026-09-16T16:30:37.086580+00:00,GET,/techniques/servlets/index.html,0.9994951774027659,0.44,BLOQUEADA,403
2026-09-16T16:30:37.140100+00:00,POST,/tienda1/publico/caracteristicas.jsp,0.9995475296313155,0.44,BLOQUEADA,403
2026-09-16T16:30:37.191198+00:00,POST,/tienda1/publico/caracteristicas.jsp,0.9995475296313155,0.44,BLOQUEADA,403
2026-09-16T16:30:37.242246+00:00,GET,/tienda1/publico/autenticar.jsp,0.9995543257220645,0.44,BLOQUEADA,403
2026-09-16T16:30:37.291472+00:00,GET,/tienda1/publico/vaciar.jsp,0.9995467132660957,0.44,BLOQUEADA,403
2026-09-16T16:30:37.340275+00:00,GET,/scripts/tools/newdsn.exe,0.9994951774027659,0.44,BLOQUEADA,403
2026-09-16T16:30:37.390286+00:00,GET,/tienda1/asf-logo-wide.gif/,0.9994951774027659,0.44,BLOQUEADA,403
2026-09-16T16:30:37.440074+00:00,GET,/tienda1/publico/autenticar.jsp,0.9995645092679883,0.44,BLOQUEADA,403
2026-09-16T16:30:37.489601+00:00,POST,/tienda1/miembros/editar.jsp,0.9995354970266651,0.44,BLOQUEADA,403
2026-09-16T16:30:37.537877+00:00,GET,/WebSphereSamples/SingleSamples/Increment/increment.html,0.9994951774027659,0.44,BLOQUEADA,403
2026-09-16T16:30:37.586554+00:00,GET,/tienda1/publico/vaciar.jsp,0.9995122676498721,0.44,BLOQUEADA,403
2026-09-16T16:30:37.636285+00:00,GET,/tienda1/publico/caracteristicas.jsp,0.999506786065051,0.44,BLOQUEADA,403
2026-09-16T16:30:37.687198+00:00,POST,/tienda1/publico/autenticar.jsp,0.9995459344122957,0.44,BLOQUEADA,403
2026-09-16T16:30:37.736483+00:00,GET,/tienda1/publico/anadir.jsp/asf-logo-wide,0.9994951774027659,0.44,BLOQUEADA,403
2026-09-16T16:30:37.786387+00:00,GET,/tienda1/publico/vaciar.jsp/6909030637832563290.jsp.Inc,0.9994951774027659,0.44,BLOQUEADA,403
2026-09-16T16:30:37.835443+00:00,GET,/tienda1/asf-logo-wide.gif.Old,0.9994951774027659,0.44,BLOQUEADA,403
2026-09-16T16:30:37.884414+00:00,GET,/tienda1/miembros/editar.jsp,0.9995957080583695,0.44,BLOQUEADA,403
2026-09-16T16:30:37.932932+00:00,GET,/tienda1/publico/registro.jsp.old,0.9994951774027659,0.44,BLOQUEADA,403
2026-09-16T16:30:37.981720+00:00,POST,/tienda1/publico/anadir.jsp,0.9995459344122957,0.44,BLOQUEADA,403
2026-09-16T16:30:38.030459+00:00,GET,/tienda1/publico/pagar.jsp,0.9996204037256363,0.44,BLOQUEADA,403
2026-09-16T16:30:38.080093+00:00,GET,/tienda1/publico/registro.jsp,0.9995957080583695,0.44,BLOQUEADA,403
2026-09-16T16:30:38.130567+00:00,GET,/tienda1/miembros/index.jsp/4861362529278789730,0.9994951774027659,0.44,BLOQUEADA,403
2026-09-16T16:30:38.180289+00:00,GET,/tienda1/publico/vaciar.jsp,0.9995122676498721,0.44,BLOQUEADA,403
2026-09-16T16:30:38.230638+00:00,POST,/tienda1/publico/autenticar.jsp,0.999546347252498,0.44,BLOQUEADA,403
2026-09-16T16:30:38.280196+00:00,GET,/tienda1/publico/autenticar.jsp,0.9995545654094687,0.44,BLOQUEADA,403
2026-09-16T16:30:38.330270+00:00,GET,/tienda1/miembros/salir.jsp/asf-logo-wide.gif.bak,0.9994951774027659,0.44,BLOQUEADA,403
2026-09-16T16:30:38.379621+00:00,GET,/tienda1/miembros/index.jsp,0.9994951774027659,0.44,BLOQUEADA,403
2026-09-16T16:30:38.430179+00:00,GET,/tienda1/imagenes/6909030637832563290.jsp.bak,0.9994951774027659,0.44,BLOQUEADA,403
2026-09-16T16:30:38.479650+00:00,GET,/tienda1/global/estilos.css/6909030637832563290.jsp.inc,0.9994951774027659,0.44,BLOQUEADA,403
2026-09-16T16:30:38.529884+00:00,GET,/tienda1/miembros/imagenes/castro.jpg,0.9994951774027659,0.44,BLOQUEADA,403
2026-09-16T16:30:38.580289+00:00,GET,/tienda1/publico/registro.jsp,0.9996140314393825,0.44,BLOQUEADA,403
2026-09-16T16:30:38.632759+00:00,POST,/tienda1/publico/autenticar.jsp,0.999546569387617,0.44,BLOQUEADA,403
2026-09-16T16:30:38.685017+00:00,GET,/tienda1/miembros/imagenes/castro.jpg,0.9994951774027659,0.44,BLOQUEADA,403
2026-09-16T16:30:38.736202+00:00,POST,/tienda1/publico/entrar.jsp,0.9995446306845523,0.44,BLOQUEADA,403
2026-09-16T16:30:38.787338+00:00,GET,/tienda1/publico/anadir.jsp,0.999555981298607,0.44,BLOQUEADA,403
2026-09-16T16:30:38.837424+00:00,POST,/tienda1/publico/caracteristicas.jsp,0.9995475296313155,0.44,BLOQUEADA,403
2026-09-16T16:30:38.888497+00:00,GET,/tienda1/miembros/editar.jsp,0.9995969612594702,0.44,BLOQUEADA,403
2026-09-16T16:30:38.940951+00:00,POST,/tienda1/miembros/editar.jsp,0.999534222539194,0.44,BLOQUEADA,403
2026-09-16T16:30:38.989168+00:00,GET,/tienda1/global/titulo.jsp,0.9994951774027659,0.44,BLOQUEADA,403
2026-09-16T16:30:39.036610+00:00,POST,/tienda1/publico/anadir.jsp,0.9995460379090247,0.44,BLOQUEADA,403
2026-09-16T16:30:39.086399+00:00,POST,/tienda1/publico/vaciar.jsp,0.9995507404430315,0.44,BLOQUEADA,403
2026-09-16T16:30:39.135894+00:00,GET,/tienda1/publico/autenticar.jsp,0.9995536002139742,0.44,BLOQUEADA,403
2026-09-16T16:30:39.186437+00:00,POST,/tienda1/publico/entrar.jsp,0.9995446306845523,0.44,BLOQUEADA,403
2026-09-16T16:30:39.236643+00:00,GET,/tienda1/miembros/imagenes/castro.jpg,0.9994951774027659,0.44,BLOQUEADA,403
2026-09-16T16:30:39.289642+00:00,GET,/tienda1/publico/vaciar.jsp,0.9995122676498721,0.44,BLOQUEADA,403
2026-09-16T16:30:39.340355+00:00,GET,/tienda1/miembros/fotos.jsp,0.9994951774027659,0.44,BLOQUEADA,403
2026-09-16T16:30:39.389607+00:00,POST,/tienda1/publico/anadir.jsp,0.9995456227708358,0.44,BLOQUEADA,403
2026-09-16T16:30:39.438587+00:00,GET,/tienda1/imagenes/cmenbul.gif,0.9994951774027659,0.44,BLOQUEADA,403
2026-09-16T16:30:39.486627+00:00,POST,/tienda1/publico/vaciar.jsp,0.9995408106049044,0.44,BLOQUEADA,403
2026-09-16T16:30:39.534649+00:00,GET,/tienda1/publico/caracteristicas.jsp,0.999506786065051,0.44,BLOQUEADA,403
2026-09-16T16:30:39.586029+00:00,POST,/tienda1/publico/pagar.jsp,0.9996439658848968,0.44,BLOQUEADA,403
2026-09-16T16:30:39.636404+00:00,POST,/tienda1/publico/entrar.jsp,0.9995467453170257,0.44,BLOQUEADA,403
2026-09-16T16:30:39.686685+00:00,GET,/tienda1/index.jsp,0.9994951774027659,0.44,BLOQUEADA,403
2026-09-16T16:30:39.738163+00:00,GET,/tienda1/global/menum.jsp,0.9994951774027659,0.44,BLOQUEADA,403
2026-09-16T16:30:39.787049+00:00,GET,/tienda1/publico/pagar.jsp,0.9996203161716285,0.44,BLOQUEADA,403
2026-09-16T16:30:39.835327+00:00,GET,/tienda1/publico/entrar.jsp,0.9995189790074894,0.44,BLOQUEADA,403
2026-09-16T16:30:39.884282+00:00,POST,/tienda1/publico/entrar.jsp,0.9995446306845523,0.44,BLOQUEADA,403
2026-09-16T16:30:39.932966+00:00,POST,/tienda1/publico/pagar.jsp,0.9996439778551847,0.44,BLOQUEADA,403
2026-09-16T16:30:39.982855+00:00,GET,/tienda1/miembros/editar.jsp,0.9995980731038431,0.44,BLOQUEADA,403
2026-09-16T16:30:40.031951+00:00,GET,/tienda1/publico/pagar.jsp,0.9996204929521453,0.44,BLOQUEADA,403
2026-09-16T16:30:40.081787+00:00,POST,/tienda1/publico/autenticar.jsp,0.9995467570468868,0.44,BLOQUEADA,403
2026-09-16T16:30:40.130682+00:00,GET,/tienda1/publico/pagar.jsp,0.9996204206717765,0.44,BLOQUEADA,403
2026-09-16T16:30:40.178825+00:00,GET,/tienda1/imagenes/2.gif,0.9994951774027659,0.44,BLOQUEADA,403
2026-09-16T16:30:40.227707+00:00,POST,/tienda1/publico/anadir.jsp,0.9995459465063496,0.44,BLOQUEADA,403
2026-09-16T16:30:40.275388+00:00,GET,/tienda1/publico/caracteristicas.jsp/asf-logo-wide.gif/.java,0.9994951774027659,0.44,BLOQUEADA,403
2026-09-16T16:30:40.324719+00:00,GET,/tienda1/miembros/editar.jsp,0.9995969612594702,0.44,BLOQUEADA,403
2026-09-16T16:30:40.373510+00:00,GET,/tienda1/imagenes/nuestratierra.jpg,0.9994951774027659,0.44,BLOQUEADA,403
2026-09-16T16:30:40.422685+00:00,GET,/tienda1/publico/autenticar.jsp,0.9995543257220645,0.44,BLOQUEADA,403
2026-09-16T16:30:40.470508+00:00,GET,/tienda1/miembros/index.jsp,0.9994951774027659,0.44,BLOQUEADA,403
2026-09-16T16:30:40.520765+00:00,GET,/tienda1/global/menum.jsp,0.9994951774027659,0.44,BLOQUEADA,403
2026-09-16T16:30:40.569777+00:00,POST,/tienda1/publico/anadir.jsp,0.9995459344122957,0.44,BLOQUEADA,403
2026-09-16T16:30:40.618513+00:00,GET,/tienda1/publico/pagar.jsp,0.9996204037256363,0.44,BLOQUEADA,403
2026-09-16T16:30:40.667546+00:00,POST,/tienda1/publico/caracteristicas.jsp,0.999547432223588,0.44,BLOQUEADA,403
2026-09-16T16:30:40.720487+00:00,GET,/tienda1/publico/pagar.jsp,0.9996208584783525,0.44,BLOQUEADA,403
2026-09-16T16:30:40.772262+00:00,GET,/tienda1/imagenes/2.gif,0.9994951774027659,0.44,BLOQUEADA,403
2026-09-16T16:30:40.821349+00:00,GET,/tienda1/global/estilos.css,0.9994951774027659,0.44,BLOQUEADA,403
2026-09-16T16:30:40.870857+00:00,GET,/tienda1/imagenes/cmenbul.gif,0.9994951774027659,0.44,BLOQUEADA,403
2026-09-16T16:30:40.919850+00:00,GET,/tienda1/miembros/editar.jsp,0.9995957080583695,0.44,BLOQUEADA,403
2026-09-16T16:30:40.969100+00:00,GET,/tienda1/publico/miembros.jsp,0.9994951774027659,0.44,BLOQUEADA,403
2026-09-16T16:30:41.017716+00:00,GET,/tienda1/publico/vaciar.jsp,0.999527299258587,0.44,BLOQUEADA,403
2026-09-16T16:30:41.067511+00:00,GET,/tienda1/miembros/index.jsp,0.9994951774027659,0.44,BLOQUEADA,403
2026-09-16T16:30:41.118377+00:00,POST,/tienda1/publico/anadir.jsp,0.9995454140471974,0.44,BLOQUEADA,403
2026-09-16T16:30:41.167702+00:00,GET,/CFIDE/administrator/left.cfm,0.9994951774027659,0.44,BLOQUEADA,403
2026-09-16T16:30:41.216433+00:00,GET,/tienda1/global/estilos.css,0.9994951774027659,0.44,BLOQUEADA,403
2026-09-16T16:30:41.266526+00:00,GET,/tienda1/miembros/editar.jsp,0.9995969612594702,0.44,BLOQUEADA,403
2026-09-16T16:30:41.315991+00:00,POST,/tienda1/publico/caracteristicas.jsp,0.999547432223588,0.44,BLOQUEADA,403
2026-09-16T16:30:41.366708+00:00,POST,/tienda1/publico/pagar.jsp,0.999644681957425,0.44,BLOQUEADA,403
2026-09-16T16:30:41.420328+00:00,GET,/tienda1/publico/pagar.jsp,0.9995611041624114,0.44,BLOQUEADA,403
2026-09-16T16:30:41.470882+00:00,GET,/tienda1/global/titulo.jsp,0.9994951774027659,0.44,BLOQUEADA,403
2026-09-16T16:30:41.519155+00:00,GET,/_vti_pvt/,0.9994951774027659,0.44,BLOQUEADA,403
2026-09-16T16:30:41.568247+00:00,POST,/tienda1/publico/autenticar.jsp,0.9996446009436901,0.44,BLOQUEADA,403
2026-09-16T16:30:41.618588+00:00,GET,/tienda1/miembros/fotos.jsp,0.9994951774027659,0.44,BLOQUEADA,403
2026-09-16T16:30:41.667961+00:00,GET,/tienda1/index.jsp,0.9994951774027659,0.44,BLOQUEADA,403
2026-09-16T16:30:41.717442+00:00,GET,/tienda1/publico/autenticar.jsp,0.9995538431290187,0.44,BLOQUEADA,403
2026-09-16T16:30:41.766614+00:00,GET,/tienda1/imagenes/1.gif,0.9994951774027659,0.44,BLOQUEADA,403
2026-09-16T16:30:41.815257+00:00,POST,/tienda1/miembros/editar.jsp,0.9995352359597421,0.44,BLOQUEADA,403
2026-09-16T16:30:41.863894+00:00,GET,/tienda1/asf-logo-wide.gif.BAK,0.9994951774027659,0.44,BLOQUEADA,403
2026-09-16T16:30:41.913200+00:00,GET,/tienda1/publico/registro.jsp,0.9995957080583695,0.44,BLOQUEADA,403
2026-09-16T16:30:41.962511+00:00,GET,/tienda1.bak,0.9994951774027659,0.44,BLOQUEADA,403
2026-09-16T16:30:42.010693+00:00,GET,/tienda1/publico/anadir.jsp,0.9995557479411785,0.44,BLOQUEADA,403
2026-09-16T16:30:42.060657+00:00,GET,/tienda1/imagenes/cmenbul.gif,0.9994951774027659,0.44,BLOQUEADA,403
2026-09-16T16:30:42.108803+00:00,GET,/tienda1/index.jsp,0.9994951774027659,0.44,BLOQUEADA,403
2026-09-16T16:30:42.157436+00:00,GET,/tienda1/publico/vaciar.jsp,0.9995122676498721,0.44,BLOQUEADA,403
2026-09-16T16:30:42.206560+00:00,GET,/tienda1/imagenes/1.gif,0.9994951774027659,0.44,BLOQUEADA,403
2026-09-16T16:30:42.254541+00:00,GET,/tienda1/miembros/salir.jsp,0.9994951774027659,0.44,BLOQUEADA,403
2026-09-16T16:30:42.303431+00:00,GET,/tienda1/publico/caracteristicas.jsp,0.999506786065051,0.44,BLOQUEADA,403
2026-09-16T16:30:42.353760+00:00,POST,/tienda1/publico/registro.jsp,0.9995388696082479,0.44,BLOQUEADA,403
2026-09-16T16:30:42.404846+00:00,POST,/tienda1/miembros/editar.jsp,0.9995335965972375,0.44,BLOQUEADA,403
2026-09-16T16:30:42.455633+00:00,GET,/tienda1/imagenes/1.gif,0.9994951774027659,0.44,BLOQUEADA,403
2026-09-16T16:30:42.503878+00:00,GET,/tienda1/miembros/imagenes/castro.jpg,0.9994951774027659,0.44,BLOQUEADA,403
2026-09-16T16:30:42.552562+00:00,GET,/tienda1/publico/registro.jsp,0.9995957080583695,0.44,BLOQUEADA,403
2026-09-16T16:30:42.601119+00:00,GET,/tienda1/miembros/index.jsp,0.9994951774027659,0.44,BLOQUEADA,403
2026-09-16T16:30:42.651317+00:00,GET,/tienda1/publico/vaciar.jsp,0.9995122676498721,0.44,BLOQUEADA,403
2026-09-16T16:30:42.703743+00:00,POST,/tienda1/publico/registro.jsp,0.999524408065388,0.44,BLOQUEADA,403
2026-09-16T16:30:42.753751+00:00,POST,/tienda1/publico/anadir.jsp,0.9995467754796048,0.44,BLOQUEADA,403
2026-09-16T16:30:42.803545+00:00,GET,/tienda1/publico/pagar.jsp,0.9996205816257383,0.44,BLOQUEADA,403
2026-09-16T16:30:42.854280+00:00,GET,/vti_txt/,0.9994951774027659,0.44,BLOQUEADA,403
2026-09-16T16:30:42.906146+00:00,GET,/tienda1/miembros/editar.jsp,0.9995957080583695,0.44,BLOQUEADA,403
2026-09-16T16:30:42.956475+00:00,POST,/tienda1/publico/entrar.jsp,0.9995446306845523,0.44,BLOQUEADA,403
2026-09-16T16:30:43.006557+00:00,GET,/tienda1/imagenes/nuestratierra.jpg,0.9994951774027659,0.44,BLOQUEADA,403
2026-09-16T16:30:43.056190+00:00,POST,/tienda1/publico/caracteristicas.jsp,0.999547432223588,0.44,BLOQUEADA,403
2026-09-16T16:30:43.105482+00:00,GET,/tienda1/imagenes/1.gif,0.9994951774027659,0.44,BLOQUEADA,403
2026-09-16T16:30:43.153869+00:00,GET,/tienda1/global/creditos.jsp,0.9994951774027659,0.44,BLOQUEADA,403
2026-09-16T16:30:43.205229+00:00,POST,/tienda1/miembros/editar.jsp,0.9995327940388713,0.44,BLOQUEADA,403
2026-09-16T16:30:43.256365+00:00,GET,/tienda1/publico/productos.jsp,0.9994951774027659,0.44,BLOQUEADA,403
2026-09-16T16:30:43.310355+00:00,POST,/tienda1/publico/vaciar.jsp,0.9995462492170016,0.44,BLOQUEADA,403
2026-09-16T16:30:43.360839+00:00,GET,/,0.9994951774027659,0.44,BLOQUEADA,403
2026-09-16T16:30:43.409193+00:00,POST,/tienda1/publico/registro.jsp,0.9995364638639904,0.44,BLOQUEADA,403
2026-09-16T16:30:43.458220+00:00,GET,/tienda1/miembros/editar.jsp,0.9995957080583695,0.44,BLOQUEADA,403
2026-09-16T16:30:43.506490+00:00,POST,/tienda1/publico/registro.jsp,0.9995311618139032,0.44,BLOQUEADA,403
2026-09-16T16:30:43.558150+00:00,GET,/tienda1/publico/caracteristicas.jsp,0.9995072189675822,0.44,BLOQUEADA,403
2026-09-16T16:30:43.611925+00:00,GET,/tienda1/publico/pagar.jsp,0.9996203865920833,0.44,BLOQUEADA,403
2026-09-16T16:30:43.662880+00:00,GET,/tienda1/publico/caracteristicas.jsp,0.9996209210531041,0.44,BLOQUEADA,403
2026-09-16T16:30:43.711746+00:00,GET,/tienda1/publico/registro.jsp,0.9995957080583695,0.44,BLOQUEADA,403
2026-09-16T16:30:43.759577+00:00,POST,/tienda1/publico/pagar.jsp,0.9996439658848968,0.44,BLOQUEADA,403
2026-09-16T16:30:43.809012+00:00,GET,/IISSamples/sdk/asp/docs/CodeBrws.asp,0.9994951774027659,0.44,BLOQUEADA,403
2026-09-16T16:30:43.861069+00:00,GET,/tienda1/publico/anadir.jsp,0.9995603567349687,0.44,BLOQUEADA,403
2026-09-16T16:30:43.913359+00:00,GET,/tienda1/publico/autenticar.jsp,0.9995543257220645,0.44,BLOQUEADA,403
2026-09-16T16:30:43.964241+00:00,POST,/tienda1/publico/pagar.jsp,0.9996439658848968,0.44,BLOQUEADA,403
2026-09-16T16:30:44.012353+00:00,GET,/tienda1/miembros/index.jsp,0.9994951774027659,0.44,BLOQUEADA,403
2026-09-16T16:30:44.061157+00:00,POST,/tienda1/publico/entrar.jsp,0.9995445279379068,0.44,BLOQUEADA,403
2026-09-16T16:30:44.111215+00:00,POST,/tienda1/publico/autenticar.jsp,0.9995988805617837,0.44,BLOQUEADA,403
2026-09-16T16:30:44.160829+00:00,GET,/tienda1/miembros/imagenes/zarauz.jpg,0.9994951774027659,0.44,BLOQUEADA,403
2026-09-16T16:30:44.209378+00:00,GET,/tienda1/publico/caracteristicas.jsp,0.999506786065051,0.44,BLOQUEADA,403
2026-09-16T16:30:44.258545+00:00,POST,/tienda1/miembros/editar.jsp,0.9995352359597421,0.44,BLOQUEADA,403
2026-09-16T16:30:44.307451+00:00,GET,/tienda1/imagenes/logo.gif,0.9994951774027659,0.44,BLOQUEADA,403
2026-09-16T16:30:44.356876+00:00,POST,/tienda1/publico/autenticar.jsp,0.9995464499858321,0.44,BLOQUEADA,403
2026-09-16T16:30:44.405387+00:00,GET,/tienda1/global/estilos.css,0.9994951774027659,0.44,BLOQUEADA,403
2026-09-16T16:30:44.453660+00:00,GET,/tienda1/miembros/index.jsp,0.9994951774027659,0.44,BLOQUEADA,403
2026-09-16T16:30:44.503111+00:00,GET,/tienda1/publico/caracteristicas.jsp,0.9995266084809813,0.44,BLOQUEADA,403
2026-09-16T16:30:44.552439+00:00,GET,/tienda1/asf-logo-wide.gif/,0.9994951774027659,0.44,BLOQUEADA,403
2026-09-16T16:30:44.602890+00:00,GET,/tienda1/miembros/imagenes/zarauz.jpg,0.9994951774027659,0.44,BLOQUEADA,403
2026-09-16T16:30:44.651964+00:00,POST,/tienda1/publico/autenticar.jsp,0.999546347252498,0.44,BLOQUEADA,403
2026-09-16T16:30:44.702175+00:00,GET,/tienda1/publico/miembros.jsp,0.9994951774027659,0.44,BLOQUEADA,403
2026-09-16T16:30:44.751077+00:00,GET,/tienda1/publico/entrar.jsp/asf-logo-wide.bak,0.9994951774027659,0.44,BLOQUEADA,403
2026-09-16T16:30:44.803214+00:00,GET,/tienda1/publico/miembros.jsp,0.9994951774027659,0.44,BLOQUEADA,403
2026-09-16T16:46:24.503701+00:00,GET,/tienda1/imagenes/cmenbul.gif,0.002995806901833758,0.44,LIBERADA,200
2026-09-16T16:46:24.555408+00:00,GET,/tienda1/index.jsp,0.0030527582216806014,0.44,LIBERADA,200
2026-09-16T16:46:24.607301+00:00,POST,/tienda1/miembros/editar.jsp,0.00300900634165317,0.44,LIBERADA,200
2026-09-16T16:46:24.657144+00:00,GET,/tienda1/publico/vaciar.jsp,0.0037501715176609203,0.44,LIBERADA,200
2026-09-16T16:46:24.706854+00:00,GET,/tienda1/publico/productos.jsp,0.0032338581398821445,0.44,LIBERADA,200
2026-09-16T16:46:24.756455+00:00,POST,/tienda1/publico/vaciar.jsp,0.007608942449950987,0.44,LIBERADA,200
2026-09-16T16:46:24.807065+00:00,GET,/tienda1/publico/caracteristicas.jsp,0.004000455164679532,0.44,LIBERADA,200
2026-09-16T16:46:24.858281+00:00,GET,/tienda1/publico/pagar.jsp,0.989536031258749,0.44,BLOQUEADA,403
2026-09-16T16:46:24.907565+00:00,GET,/tienda1/miembros/editar.jsp,0.9990099422127632,0.44,BLOQUEADA,403
2026-09-16T16:46:24.960162+00:00,POST,/tienda1/publico/vaciar.jsp,0.008519957216299459,0.44,LIBERADA,200
2026-09-16T16:46:25.011103+00:00,GET,/tienda1/publico/registro.jsp,0.18747059241944253,0.44,LIBERADA,200
2026-09-16T16:46:25.065635+00:00,GET,/tienda1/miembros/fotos.jsp,0.0037244870114284865,0.44,LIBERADA,200
2026-09-16T16:46:25.115921+00:00,GET,/tienda1/publico/anadir.jsp,0.013985101620875727,0.44,LIBERADA,200
2026-09-16T16:46:25.165627+00:00,GET,/tienda1/publico/vaciar.jsp,0.004651162219540021,0.44,LIBERADA,200
2026-09-16T16:46:25.215334+00:00,POST,/tienda1/publico/autenticar.jsp,0.008321449240142657,0.44,LIBERADA,200
2026-09-16T16:46:25.265563+00:00,GET,/tienda1/publico/autenticar.jsp,0.011832835755075797,0.44,LIBERADA,200
2026-09-16T16:46:25.315534+00:00,POST,/tienda1/miembros/editar.jsp,0.0040266853435355085,0.44,LIBERADA,200
2026-09-16T16:46:25.365184+00:00,POST,/tienda1/publico/pagar.jsp,0.9907299618600126,0.44,BLOQUEADA,403
2026-09-16T16:46:25.412880+00:00,POST,/tienda1/publico/entrar.jsp,0.009882732358525628,0.44,LIBERADA,200
2026-09-16T16:46:25.462032+00:00,GET,/tienda1/miembros/fotos.jsp,0.004430097288473597,0.44,LIBERADA,200
2026-09-16T16:47:12.928166+00:00,GET,/tienda1/imagenes/cmenbul.gif,0.002995806901833758,0.44,LIBERADA,200
2026-09-16T16:47:12.975598+00:00,GET,/tienda1/index.jsp,0.0030527582216806014,0.44,LIBERADA,200
2026-09-16T16:47:13.023207+00:00,POST,/tienda1/miembros/editar.jsp,0.00300900634165317,0.44,LIBERADA,200
2026-09-16T16:47:13.070801+00:00,GET,/tienda1/publico/vaciar.jsp,0.0037501715176609203,0.44,LIBERADA,200
2026-09-16T16:47:13.117431+00:00,GET,/tienda1/publico/productos.jsp,0.0032338581398821445,0.44,LIBERADA,200
2026-09-16T16:47:13.164066+00:00,POST,/tienda1/publico/vaciar.jsp,0.007608942449950987,0.44,LIBERADA,200
2026-09-16T16:47:13.211502+00:00,GET,/tienda1/publico/caracteristicas.jsp,0.004000455164679532,0.44,LIBERADA,200
2026-09-16T16:47:13.258214+00:00,GET,/tienda1/publico/pagar.jsp,0.989536031258749,0.44,BLOQUEADA,403
2026-09-16T16:47:13.305195+00:00,GET,/tienda1/miembros/editar.jsp,0.9990099422127632,0.44,BLOQUEADA,403
2026-09-16T16:47:13.355634+00:00,POST,/tienda1/publico/vaciar.jsp,0.008519957216299459,0.44,LIBERADA,200
2026-09-16T16:47:13.402942+00:00,GET,/tienda1/publico/registro.jsp,0.18747059241944253,0.44,LIBERADA,200
2026-09-16T16:47:13.451991+00:00,GET,/tienda1/miembros/fotos.jsp,0.0037244870114284865,0.44,LIBERADA,200
2026-09-16T16:47:13.499393+00:00,GET,/tienda1/publico/anadir.jsp,0.013985101620875727,0.44,LIBERADA,200
2026-09-16T16:47:13.547723+00:00,GET,/tienda1/publico/vaciar.jsp,0.004651162219540021,0.44,LIBERADA,200
2026-09-16T16:47:13.594540+00:00,POST,/tienda1/publico/autenticar.jsp,0.008321449240142657,0.44,LIBERADA,200
2026-09-16T16:47:13.642925+00:00,GET,/tienda1/publico/autenticar.jsp,0.011832835755075797,0.44,LIBERADA,200
2026-09-16T16:47:13.690190+00:00,POST,/tienda1/miembros/editar.jsp,0.0040266853435355085,0.44,LIBERADA,200
2026-09-16T16:47:13.737318+00:00,POST,/tienda1/publico/pagar.jsp,0.9907299618600126,0.44,BLOQUEADA,403
2026-09-16T16:47:13.785424+00:00,POST,/tienda1/publico/entrar.jsp,0.009882732358525628,0.44,LIBERADA,200
2026-09-16T16:47:13.832521+00:00,GET,/tienda1/miembros/fotos.jsp,0.004430097288473597,0.44,LIBERADA,200
2026-09-16T16:48:16.214382+00:00,GET,/,0.11196743457709082,0.44,LIBERADA,200
2026-09-16T16:50:07.822037+00:00,GET,/favicon.ico,0.002995806901833758,0.44,LIBERADA,200
2026-09-16T16:50:20.490743+00:00,GET,/favicon.ico,0.0030527582216806014,0.44,LIBERADA,200
2026-09-16T17:03:45.885782+00:00,GET,/favicon.ico,0.002995806901833758,0.44,LIBERADA,200
2026-09-16T17:04:51.328077+00:00,POST,/tienda1/publico/autenticar.jsp,0.005906855210458945,0.44,LIBERADA,200
2026-09-16T17:04:51.374838+00:00,GET,/tienda1/publico/anadir.jsp,0.008089234576819291,0.44,LIBERADA,200
2026-09-16T17:04:51.420800+00:00,POST,/tienda1/publico/registro.jsp,0.00305534536894328,0.44,LIBERADA,200
2026-09-16T17:04:51.467613+00:00,GET,/tienda1/miembros/index.jsp,0.0031717242270211696,0.44,LIBERADA,200
2026-09-16T17:04:51.514107+00:00,GET,/tienda1/global/creditos.jsp,0.0032338581398821445,0.44,LIBERADA,200
2026-09-16T17:04:51.561364+00:00,POST,/tienda1/miembros/editar.jsp,0.9484214244120944,0.44,BLOQUEADA,403
2026-09-16T17:04:51.607183+00:00,POST,/tienda1/publico/registro.jsp,0.9676171520401978,0.44,BLOQUEADA,403
2026-09-16T17:04:51.653001+00:00,GET,/tienda1/miembros/salir.jsp,0.0034316297312468043,0.44,LIBERADA,200
2026-09-16T17:04:51.699545+00:00,GET,/asf-logo-wide.gif,0.0035015715021655194,0.44,LIBERADA,200
2026-09-16T17:04:51.745490+00:00,GET,/tienda1/publico/caracteristicas.jsp,0.004282913896664194,0.44,LIBERADA,200
2026-09-16T17:04:51.792369+00:00,POST,/tienda1/publico/registro.jsp,0.003414713877090105,0.44,LIBERADA,200
2026-09-16T17:04:51.839470+00:00,GET,/tienda1/imagenes/cmenbul.gif,0.0037244870114284865,0.44,LIBERADA,200
2026-09-16T17:04:51.885537+00:00,GET,/tienda1/miembros/editar.jsp,0.11353219837377476,0.44,LIBERADA,200
2026-09-16T17:04:51.944679+00:00,GET,/tienda1/imagenes/1.gif,0.0038848154197260796,0.44,LIBERADA,200
2026-09-16T17:04:51.991562+00:00,GET,/tienda1/publico/entrar.jsp,0.004751788528715089,0.44,LIBERADA,200
2026-09-16T17:04:52.038302+00:00,POST,/tienda1/publico/anadir.jsp,0.008018364630784584,0.44,LIBERADA,200
2026-09-16T17:04:52.084509+00:00,POST,/tienda1/publico/pagar.jsp,0.9905814599642319,0.44,BLOQUEADA,403
2026-09-16T17:04:52.133329+00:00,GET,/asf-logo-wide.gif,0.004236819955106402,0.44,LIBERADA,200
2026-09-16T17:04:52.180503+00:00,POST,/tienda1/miembros/editar.jsp,0.004234909644747191,0.44,LIBERADA,200
2026-09-16T17:04:52.226929+00:00,GET,/tienda1/publico/pagar.jsp,0.992300662846974,0.44,BLOQUEADA,403
2026-09-16T17:04:52.273756+00:00,POST,/tienda1/publico/caracteristicas.jsp,0.012684722056583896,0.44,LIBERADA,200
2026-09-16T17:04:52.319378+00:00,GET,/tienda1/publico/entrar.jsp,0.005588611618456756,0.44,LIBERADA,200
2026-09-16T17:04:52.367700+00:00,GET,/tienda1/publico/vaciar.jsp/4861362529278789730.bak,0.0047441258992682225,0.44,LIBERADA,200
2026-09-16T17:04:52.416873+00:00,GET,/tienda1/publico/pagar.jsp,0.9929167552164436,0.44,BLOQUEADA,403
2026-09-16T17:04:52.463773+00:00,GET,/tienda1/imagenes/3.gif,0.004971014519047503,0.44,LIBERADA,200
2026-09-16T17:04:52.510845+00:00,GET,/tienda1/miembros/imagenes/ogono.jpg,0.005090127606431494,0.44,LIBERADA,200
2026-09-16T17:04:52.558189+00:00,GET,/tienda1/miembros/index.jsp,0.005213214716543757,0.44,LIBERADA,200
2026-09-16T17:04:52.605081+00:00,POST,/tienda1/miembros/editar.jsp,0.005007725433350662,0.44,LIBERADA,200
2026-09-16T17:04:52.651609+00:00,POST,/tienda1/publico/vaciar.jsp,0.011583400139154423,0.44,LIBERADA,200
2026-09-16T17:04:52.698040+00:00,GET,/tienda1/global/titulo.jsp,0.005607892369005753,0.44,LIBERADA,200
2026-09-16T17:04:52.744772+00:00,GET,/tienda1/publico/autenticar.jsp,0.018672319703798613,0.44,LIBERADA,200
2026-09-16T17:04:52.790660+00:00,GET,/tienda1/publico/autenticar.jsp,0.01929591729636523,0.44,LIBERADA,200
2026-09-16T17:04:52.837485+00:00,GET,/tienda1/publico/miembros.jsp,0.006044286952438617,0.44,LIBERADA,200
2026-09-16T17:04:52.884282+00:00,GET,/tienda1/publico/registro.jsp,0.3695646664989336,0.44,LIBERADA,200
2026-09-16T17:04:52.933049+00:00,POST,/tienda1/publico/anadir.jsp,0.014225722076139301,0.44,LIBERADA,200
2026-09-16T17:04:52.978785+00:00,GET,/tienda1/publico/entrar.jsp,0.007977127327469023,0.44,LIBERADA,200
2026-09-16T17:04:53.024857+00:00,GET,/tienda1/publico/registro.jsp,0.24631827310776985,0.44,LIBERADA,200
2026-09-16T17:04:53.075779+00:00,GET,/tienda1/publico/carrito.jsp,0.006878572442833127,0.44,LIBERADA,200
2026-09-16T17:04:53.121992+00:00,GET,/tienda1/imagenes/1.gif,0.007063459174062855,0.44,LIBERADA,200
2026-09-16T17:04:53.168232+00:00,GET,/tienda1/publico/anadir.jsp,0.02510392791911388,0.44,LIBERADA,200
2026-09-16T17:04:53.215289+00:00,GET,/tienda1/publico/entrar.jsp,0.9972124580186428,0.44,BLOQUEADA,403
2026-09-16T17:04:53.262329+00:00,POST,/tienda1/publico/anadir.jsp,0.017441760700999915,0.44,LIBERADA,200
2026-09-16T17:04:53.309219+00:00,GET,/tienda1/publico/vaciar.jsp,0.009801165419305832,0.44,LIBERADA,200
2026-09-16T17:04:53.355946+00:00,GET,/tienda1/global/creditos.jsp,0.008092128562388976,0.44,LIBERADA,200
2026-09-16T17:04:53.402439+00:00,POST,/tienda1/miembros/editar.jsp,0.00787711665242174,0.44,LIBERADA,200
2026-09-16T17:04:53.449382+00:00,GET,/tienda1/publico/carrito.jsp,0.00855772992950207,0.44,LIBERADA,200
2026-09-16T17:04:53.495079+00:00,GET,/tienda1/publico/caracteristicas.jsp,0.011172166079152411,0.44,LIBERADA,200
2026-09-16T17:04:53.541522+00:00,GET,/tienda1/global/asf-logo-wide,0.009058194013577365,0.44,LIBERADA,200
2026-09-16T17:04:53.587979+00:00,GET,/tienda1/publico/miembros.jsp,0.00932240985140636,0.44,LIBERADA,200
2026-09-16T17:04:53.636410+00:00,POST,/tienda1/publico/entrar.jsp,0.026674042987296268,0.44,LIBERADA,200
2026-09-16T17:04:53.686028+00:00,GET,/tienda1/publico/carrito.jsp,0.009880772091978466,0.44,LIBERADA,200
2026-09-16T17:04:53.733175+00:00,GET,/tienda1/miembros/imagenes/castro.jpg,0.010175756025163617,0.44,LIBERADA,200
2026-09-16T17:04:53.779518+00:00,GET,/tienda1/miembros/editar.jsp/~,0.010481864413398047,0.44,LIBERADA,200
2026-09-16T17:04:53.825837+00:00,POST,/tienda1/publico/registro.jsp,0.00894537167894075,0.44,LIBERADA,200
2026-09-16T17:04:53.871916+00:00,POST,/tienda1/miembros/editar.jsp,0.011272715689908518,0.44,LIBERADA,200
2026-09-16T17:04:53.917896+00:00,GET,/tienda1/publico/miembros.jsp,0.011471703315030972,0.44,LIBERADA,200
2026-09-16T17:04:53.964021+00:00,POST,/tienda1/publico/entrar.jsp,0.03393152987276176,0.44,LIBERADA,200
2026-09-16T17:04:54.010099+00:00,GET,/tienda1/index.jsp,0.012196333342108814,0.44,LIBERADA,200
2026-09-16T17:04:54.056676+00:00,GET,/tienda1/miembros/imagenes/zarauz.jpg,0.012579733026960844,0.44,LIBERADA,200
2026-09-16T17:04:54.104858+00:00,POST,/tienda1/publico/autenticar.jsp,0.034082520975398635,0.44,LIBERADA,200
2026-09-16T17:04:54.150742+00:00,GET,/tienda1/global/estilos.css,0.013391722118964937,0.44,LIBERADA,200
2026-09-16T17:04:54.196710+00:00,GET,/tienda1/global/creditos.jsp,0.013821599864289043,0.44,LIBERADA,200
2026-09-16T17:04:54.242687+00:00,POST,/tienda1/miembros/editar.jsp,0.012501034579117458,0.44,LIBERADA,200
2026-09-16T17:04:54.288519+00:00,GET,/tienda1/publico/vaciar.jsp,0.018790094059699936,0.44,LIBERADA,200
2026-09-16T17:04:54.335154+00:00,POST,/tienda1/publico/vaciar.jsp,0.05212227216474425,0.44,LIBERADA,200
2026-09-16T17:04:54.381660+00:00,GET,/tienda1/imagenes/nuestratierra.jpg,0.015716718309333876,0.44,LIBERADA,200
2026-09-16T17:04:54.428132+00:00,GET,/_vti_bin/,0.016238223781284943,0.44,LIBERADA,200
2026-09-16T17:04:54.474974+00:00,GET,/tienda1/publico/carrito.jsp,0.016780466842316887,0.44,LIBERADA,200
2026-09-16T17:04:54.521003+00:00,GET,/tienda1/publico/pagar.jsp,0.9965435811535865,0.44,BLOQUEADA,403
2026-09-16T17:04:54.567759+00:00,GET,/webapp/examples/HelloPervasive,0.017930748989965117,0.44,LIBERADA,200
2026-09-16T17:04:54.613875+00:00,GET,/tienda1/index.jsp,0.01854067646242349,0.44,LIBERADA,200
2026-09-16T17:04:54.660305+00:00,POST,/tienda1/publico/pagar.jsp,0.9967293275410204,0.44,BLOQUEADA,403
2026-09-16T17:04:54.706925+00:00,POST,/tienda1/publico/vaciar.jsp,0.07840346417322765,0.44,LIBERADA,200
2026-09-16T17:04:54.753147+00:00,GET,/tienda1/publico/caracteristicas.jsp,0.9984354145732447,0.44,BLOQUEADA,403
2026-09-16T17:04:54.799005+00:00,GET,/tienda1/miembros/fotos.jsp,0.021236261899827108,0.44,LIBERADA,200
2026-09-16T17:04:54.844209+00:00,GET,/tienda1/publico/caracteristicas.jsp,0.029115781971055094,0.44,LIBERADA,200
2026-09-16T17:04:54.890842+00:00,GET,/tienda1/publico/registro.jsp,0.7892122088287036,0.44,BLOQUEADA,403
2026-09-16T17:04:54.941311+00:00,GET,/tienda1/publico/registro.jsp,0.7313594744397532,0.44,BLOQUEADA,403
2026-09-16T17:04:54.990007+00:00,GET,/IISSamples/sdk/asp/database/Update_VBScript.asp,0.024396535261478895,0.44,LIBERADA,200
2026-09-16T17:04:55.036930+00:00,GET,/tienda1/publico/productos.jsp,0.025268775738350416,0.44,LIBERADA,200
2026-09-16T17:04:55.083634+00:00,POST,/tienda1/publico/autenticar.jsp,0.07634209044758138,0.44,LIBERADA,200
2026-09-16T17:04:55.133918+00:00,POST,/tienda1/publico/anadir.jsp,0.07365753847140032,0.44,LIBERADA,200
2026-09-16T17:04:55.180979+00:00,GET,/tienda1/publico/entrar.jsp,0.03581657198258719,0.44,LIBERADA,200
2026-09-16T17:04:55.227287+00:00,GET,/tienda1/publico/registro.jsp,0.7106381458145021,0.44,BLOQUEADA,403
2026-09-16T17:04:55.277240+00:00,GET,/tienda1/miembros/imagenes/zarauz.jpg,0.030196340852357784,0.44,LIBERADA,200
2026-09-16T17:04:55.325877+00:00,POST,/tienda1/publico/autenticar.jsp,0.08575131648849225,0.44,LIBERADA,200
2026-09-16T17:04:55.373548+00:00,POST,/tienda1/publico/caracteristicas.jsp,0.14040181714161828,0.44,LIBERADA,200
2026-09-16T17:04:55.420032+00:00,GET,/tienda1/global/creditos.jsp,0.0336658760219811,0.44,LIBERADA,200
2026-09-16T17:04:55.467320+00:00,POST,/tienda1/publico/anadir.jsp,0.09848870526001752,0.44,LIBERADA,200
2026-09-16T17:04:55.514533+00:00,POST,/tienda1/publico/pagar.jsp,0.9974996212309961,0.44,BLOQUEADA,403
2026-09-16T17:04:55.561307+00:00,POST,/tienda1/publico/entrar.jsp,0.12222299449179652,0.44,LIBERADA,200
2026-09-16T17:04:55.607543+00:00,POST,/tienda1/publico/anadir.jsp,0.10591836750643042,0.44,LIBERADA,200
2026-09-16T17:04:55.654266+00:00,GET,/tienda1/publico/caracteristicas.jsp,0.05457142368492861,0.44,LIBERADA,200
2026-09-16T17:04:55.700986+00:00,GET,/tienda1/publico/registro.jsp,0.7916123797675163,0.44,BLOQUEADA,403
2026-09-16T17:04:55.749896+00:00,GET,/tienda1/publico/miembros.jsp,0.04359630480687008,0.44,LIBERADA,200
2026-09-16T17:04:55.795930+00:00,POST,/tienda1/publico/autenticar.jsp,0.13239707943772835,0.44,LIBERADA,200
2026-09-16T17:04:55.842229+00:00,GET,/tienda1/asf-logo-wide.gif,0.046986259275416185,0.44,LIBERADA,200
2026-09-16T17:04:55.888324+00:00,GET,/tienda1/publico/productos.jsp,0.04878584744817122,0.44,LIBERADA,200
2026-09-16T17:04:55.934313+00:00,GET,/tienda1/index.jsp,0.0506588017018712,0.44,LIBERADA,200
2026-09-16T17:04:55.983651+00:00,POST,/tienda1/publico/vaciar.jsp,0.19106145924865098,0.44,LIBERADA,200
2026-09-16T17:04:56.032347+00:00,GET,/tienda1/imagenes/1.gif,0.054636167735109376,0.44,LIBERADA,200
2026-09-16T17:04:56.079157+00:00,GET,/tienda1/imagenes/3.gif,0.05674645881520304,0.44,LIBERADA,200
2026-09-16T17:04:56.126622+00:00,GET,/tienda1/publico/autenticar.jsp,0.5079169608671631,0.44,BLOQUEADA,403
2026-09-16T17:04:56.173971+00:00,GET,/tienda1/miembros/editar.jsp,0.94199838309045,0.44,BLOQUEADA,403
2026-09-16T17:04:56.225422+00:00,GET,/tienda1/publico/registro.jsp,0.8590558098437133,0.44,BLOQUEADA,403
2026-09-16T17:04:56.275630+00:00,GET,/tienda1/publico/caracteristicas.jsp,0.08975569731906104,0.44,LIBERADA,200
2026-09-16T17:04:56.322772+00:00,GET,/tienda1/publico/registro.jsp,0.9037733312940929,0.44,BLOQUEADA,403
2026-09-16T17:04:56.371364+00:00,POST,/tienda1/publico/autenticar.jsp,0.2101723686974375,0.44,LIBERADA,200
2026-09-16T17:04:56.418415+00:00,GET,/tienda1/publico/caracteristicas.jsp,0.10042979979104485,0.44,LIBERADA,200
2026-09-16T17:04:56.464514+00:00,GET,/tienda1/publico/vaciar.jsp,0.9986061307243973,0.44,BLOQUEADA,403
2026-09-16T17:04:56.510897+00:00,GET,/tienda1/publico/registro.jsp,0.91712311149499,0.44,BLOQUEADA,403
2026-09-16T17:04:56.559398+00:00,POST,/tienda1/publico/anadir.jsp,0.22103121619130556,0.44,LIBERADA,200
2026-09-16T17:04:56.606207+00:00,POST,/tienda1/publico/registro.jsp,0.07656055753693969,0.44,LIBERADA,200
2026-09-16T17:04:56.652942+00:00,GET,/tienda1/publico/vaciar.jsp,0.11187820324630826,0.44,LIBERADA,200
2026-09-16T17:04:56.699424+00:00,GET,/tienda1/publico/caracteristicas.jsp,0.12598176786675305,0.44,LIBERADA,200
2026-09-16T17:04:56.745743+00:00,GET,/tienda1/global/creditos.jsp,0.0967469742382732,0.44,LIBERADA,200
2026-09-16T17:04:56.793100+00:00,GET,/asf-logo-wide.gif/,0.10049234303622212,0.44,LIBERADA,200
2026-09-16T17:04:56.841055+00:00,GET,/tienda1/publico/anadir.jsp,0.3928869551996935,0.44,LIBERADA,200
2026-09-16T17:04:56.887923+00:00,GET,/tienda1/publico/registro.jsp,0.9993740549641785,0.44,BLOQUEADA,403
2026-09-16T17:04:56.940475+00:00,POST,/tienda1/publico/registro.jsp,0.10555557366917273,0.44,LIBERADA,200
2026-09-16T17:04:56.988208+00:00,GET,/tienda1/global/menum.jsp,0.11689193914848656,0.44,LIBERADA,200
2026-09-16T17:04:57.033934+00:00,GET,/tienda1/global/titulo.jsp,0.1213646753198496,0.44,LIBERADA,200
2026-09-16T17:04:57.080649+00:00,GET,/tienda1/miembros/editar.jsp,0.9469148546985494,0.44,BLOQUEADA,403
2026-09-16T17:04:57.129677+00:00,POST,/tienda1/publico/registro.jsp,0.11045589358026307,0.44,LIBERADA,200
2026-09-16T17:04:57.176165+00:00,GET,/tienda1/publico/entrar.jsp/4861362529278789730.inc,0.13573395441237812,0.44,LIBERADA,200
2026-09-16T17:04:57.222292+00:00,GET,/tienda1/index.jsp,0.1408517295727413,0.44,LIBERADA,200
2026-09-16T17:04:57.268904+00:00,POST,/tienda1/publico/vaciar.jsp,0.4376957611361261,0.44,LIBERADA,200
2026-09-16T17:04:57.316849+00:00,GET,/tienda1/publico/registro.jsp,0.9557637966063535,0.44,BLOQUEADA,403
2026-09-16T17:04:57.366068+00:00,GET,/tienda1/publico/pagar.jsp,0.9985957848716638,0.44,BLOQUEADA,403
2026-09-16T17:04:57.412602+00:00,GET,/tienda1/miembros/salir.jsp,0.1630421343281451,0.44,LIBERADA,200
2026-09-16T17:04:57.458995+00:00,POST,/tienda1/publico/anadir.jsp,0.39325261486674595,0.44,LIBERADA,200
2026-09-16T17:04:57.505681+00:00,GET,/tienda1/imagenes/logo.gif/,0.1752038682652889,0.44,LIBERADA,200
2026-09-16T17:04:57.552312+00:00,GET,/tienda1/miembros/imagenes/zarauz.jpg,0.1815584458341589,0.44,LIBERADA,200
2026-09-16T17:04:57.597899+00:00,POST,/tienda1/publico/registro.jsp,0.15895565962208552,0.44,LIBERADA,200
2026-09-16T17:04:57.644684+00:00,POST,/tienda1/publico/anadir.jsp,0.44500068646898155,0.44,BLOQUEADA,403
2026-09-16T17:04:57.692934+00:00,GET,/tienda1/publico/carrito.jsp,0.20173270875674043,0.44,LIBERADA,200
2026-09-16T17:04:57.741419+00:00,GET,/tienda1/publico/carrito.jsp,0.2088300441896368,0.44,LIBERADA,200
2026-09-16T17:04:57.789125+00:00,POST,/tienda1/publico/registro.jsp,0.1825313629442972,0.44,LIBERADA,200
2026-09-16T17:04:57.835343+00:00,GET,/tienda1/index.jsp,0.2235839927607742,0.44,LIBERADA,200
2026-09-16T17:04:57.881722+00:00,GET,/tienda1/publico/productos.jsp,0.23123932070282704,0.44,LIBERADA,200
2026-09-16T17:04:57.929779+00:00,GET,/tienda1/publico/caracteristicas.jsp,0.3095257770633417,0.44,LIBERADA,200
2026-09-16T17:04:57.975967+00:00,POST,/tienda1/publico/anadir.jsp,0.5230174691960311,0.44,BLOQUEADA,403
2026-09-16T17:04:58.023365+00:00,GET,/tienda1/publico/pagar.jsp,0.9986247199329251,0.44,BLOQUEADA,403
2026-09-16T17:04:58.069699+00:00,POST,/tienda1/publico/registro.jsp,0.2747981276324064,0.44,LIBERADA,200
2026-09-16T17:04:58.116773+00:00,GET,/tienda1/global/estilos.css,0.2722334728993565,0.44,LIBERADA,200
2026-09-16T17:04:58.163236+00:00,GET,/tienda1/publico/registro.jsp,0.9994876529822047,0.44,BLOQUEADA,403
2026-09-16T17:04:58.212773+00:00,GET,/tienda1/index.jsp,0.28984619927312877,0.44,LIBERADA,200
2026-09-16T17:04:58.259180+00:00,GET,/tienda1/miembros/imagenes/castro.jpg,0.298897073315152,0.44,LIBERADA,200
2026-09-16T17:04:58.305487+00:00,GET,/IISSamples/sdk/asp/applications/Session_VBScript.asp,0.30810415090231746,0.44,LIBERADA,200
2026-09-16T17:04:58.351499+00:00,GET,/tienda1/publico/vaciar.jsp,0.39831123078290526,0.44,LIBERADA,200
2026-09-16T17:04:58.397646+00:00,GET,/tienda1/index.jsp,0.32696349793924717,0.44,LIBERADA,200
2026-09-16T17:04:58.443522+00:00,POST,/tienda1/publico/registro.jsp,0.2726792610520723,0.44,LIBERADA,200
2026-09-16T17:04:58.489404+00:00,GET,/tienda1/global/titulo.jsp,0.3463725327883008,0.44,LIBERADA,200
2026-09-16T17:04:58.536539+00:00,POST,/tienda1/publico/autenticar.jsp,0.9987413753860523,0.44,BLOQUEADA,403
2026-09-16T17:04:58.583373+00:00,GET,/tienda1/publico/autenticar.jsp,0.9462800318547153,0.44,BLOQUEADA,403
2026-09-16T17:04:58.628747+00:00,GET,/tienda1/miembros/imagenes/ogono.jpg,0.3763854121907333,0.44,LIBERADA,200
2026-09-16T17:04:58.675614+00:00,POST,/tienda1/publico/registro.jsp,0.9983262168708921,0.44,BLOQUEADA,403
2026-09-16T17:04:58.721973+00:00,POST,/tienda1/publico/autenticar.jsp,0.998784249112279,0.44,BLOQUEADA,403
2026-09-16T17:04:58.769196+00:00,POST,/tienda1/publico/pagar.jsp,0.9988001523258708,0.44,BLOQUEADA,403
2026-09-16T17:04:58.817614+00:00,GET,/tienda1/miembros/editar.jsp,0.9803626847903616,0.44,BLOQUEADA,403
2026-09-16T17:04:58.867888+00:00,GET,/tienda1/miembros/imagenes/castro.jpg,0.4282245604134332,0.44,LIBERADA,200
2026-09-16T17:04:58.914377+00:00,GET,/tienda1/miembros/editar.jsp,0.9858189312672433,0.44,BLOQUEADA,403
2026-09-16T17:04:58.962544+00:00,GET,/tienda1/publico/vaciar.jsp,0.5189000996374472,0.44,BLOQUEADA,403
2026-09-16T17:04:59.009817+00:00,POST,/tienda1/publico/anadir.jsp,0.7338030327162944,0.44,BLOQUEADA,403
2026-09-16T17:04:59.056598+00:00,POST,/tienda1/publico/vaciar.jsp,0.7914760132540491,0.44,BLOQUEADA,403
2026-09-16T17:04:59.103724+00:00,POST,/tienda1/publico/entrar.jsp,0.7749730816851621,0.44,BLOQUEADA,403
2026-09-16T17:04:59.150301+00:00,GET,/tienda1/publico/anadir.jsp,0.8840911483627003,0.44,BLOQUEADA,403
2026-09-16T17:04:59.196866+00:00,GET,/tienda1/global/titulo.jsp,0.5025387366459317,0.44,BLOQUEADA,403
2026-09-16T17:04:59.243938+00:00,GET,/tienda1/miembros/imagenes/ogono.jpg,0.5131395784214435,0.44,BLOQUEADA,403
2026-09-16T17:04:59.290152+00:00,GET,/iisstart.asp,0.5237052630888374,0.44,BLOQUEADA,403
2026-09-16T17:04:59.336942+00:00,GET,/tienda1/miembros/imagenes/ogono.jpg,0.5342256943789143,0.44,BLOQUEADA,403
2026-09-16T17:04:59.383282+00:00,GET,/tienda1/publico/pagar.jsp,0.9989290026363842,0.44,BLOQUEADA,403
2026-09-16T17:04:59.430698+00:00,GET,/tienda1/imagenes/logo.gif,0.5550915565508863,0.44,BLOQUEADA,403
2026-09-16T17:04:59.476702+00:00,POST,/tienda1/miembros/editar.jsp,0.5671229617049819,0.44,BLOQUEADA,403
2026-09-16T17:04:59.522379+00:00,POST,/tienda1/publico/vaciar.jsp,0.8477574159344634,0.44,BLOQUEADA,403
2026-09-16T17:04:59.568717+00:00,GET,/tienda1/publico/vaciar.jsp,0.6647055137691595,0.44,BLOQUEADA,403
2026-09-16T17:04:59.614821+00:00,GET,/tienda1/imagenes/nuestratierra.jpg.BAK,0.5958648946025242,0.44,BLOQUEADA,403
2026-09-16T17:04:59.661426+00:00,GET,/tienda1/imagenes/3.gif,0.6058087632307178,0.44,BLOQUEADA,403
2026-09-16T17:04:59.708387+00:00,GET,/tienda1/publico/carrito.jsp,0.6156373339351634,0.44,BLOQUEADA,403
2026-09-16T17:04:59.756818+00:00,GET,/tienda1/miembros/editar.jsp,0.9892608151179815,0.44,BLOQUEADA,403
2026-09-16T17:04:59.808624+00:00,GET,/tienda1/miembros/editar.jsp,0.9895571720871094,0.44,BLOQUEADA,403
2026-09-16T17:04:59.857332+00:00,GET,/tienda1/publico/autenticar.jsp,0.9067755031798747,0.44,BLOQUEADA,403
2026-09-16T17:04:59.903838+00:00,GET,/tienda1/imagenes/logo.gif,0.6536653017296757,0.44,BLOQUEADA,403
2026-09-16T17:04:59.951428+00:00,POST,/tienda1/publico/pagar.jsp,0.9989792320752394,0.44,BLOQUEADA,403
2026-09-16T17:04:59.998718+00:00,GET,/tienda1/miembros/editar.jsp,0.9906433010805297,0.44,BLOQUEADA,403
2026-09-16T17:05:00.050791+00:00,GET,/tienda1/publico/productos.jsp,0.6806781878296925,0.44,BLOQUEADA,403
2026-09-16T17:05:00.098314+00:00,GET,/tienda1/imagenes/2.gif,0.6893708896228306,0.44,BLOQUEADA,403
2026-09-16T17:05:00.145508+00:00,GET,/servlet/ErrorReporter,0.6979019454743761,0.44,BLOQUEADA,403
2026-09-16T17:05:00.192276+00:00,POST,/tienda1/publico/pagar.jsp,0.9989665749832656,0.44,BLOQUEADA,403
2026-09-16T17:05:00.239437+00:00,GET,/tienda1/imagenes/nuestratierra.jpg,0.7144682627421499,0.44,BLOQUEADA,403
2026-09-16T17:05:00.286360+00:00,GET,/tienda1/miembros/editar.jsp/asf-logo-wide.gif.OLD,0.7224991895707564,0.44,BLOQUEADA,403
2026-09-16T17:05:00.333085+00:00,GET,/tienda1/publico/entrar.jsp,0.7904456281584321,0.44,BLOQUEADA,403
2026-09-16T17:05:00.380396+00:00,GET,/tienda1/imagenes/nuestratierra.jpg,0.7380488824399991,0.44,BLOQUEADA,403
2026-09-16T17:05:00.426679+00:00,GET,/tienda1/miembros/index.jsp,0.7455657607197417,0.44,BLOQUEADA,403
2026-09-16T17:05:00.473072+00:00,GET,/tienda1/publico/caracteristicas.jsp,0.8092275756372547,0.44,BLOQUEADA,403
2026-09-16T17:05:00.520270+00:00,GET,/tienda1/global/titulo.jsp,0.7600816347970554,0.44,BLOQUEADA,403
2026-09-16T17:05:00.567490+00:00,POST,/tienda1/publico/vaciar.jsp,0.9991029505459185,0.44,BLOQUEADA,403
2026-09-16T17:05:00.613783+00:00,POST,/tienda1/publico/anadir.jsp,0.9988360892607302,0.44,BLOQUEADA,403
2026-09-16T17:05:00.659560+00:00,POST,/tienda1/publico/caracteristicas.jsp,0.9343655817673185,0.44,BLOQUEADA,403
2026-09-16T17:05:00.705801+00:00,GET,/tienda1/publico/pagar.jsp,0.9991541950673511,0.44,BLOQUEADA,403
2026-09-16T17:05:00.753276+00:00,POST,/tienda1/publico/caracteristicas.jsp,0.9415846499460929,0.44,BLOQUEADA,403
2026-09-16T17:05:00.800025+00:00,GET,/tienda1/publico/miembros.jsp,0.7995225157591899,0.44,BLOQUEADA,403
2026-09-16T17:05:00.847522+00:00,GET,/tienda1/publico/entrar.jsp,0.8524933427191346,0.44,BLOQUEADA,403
2026-09-16T17:05:00.893912+00:00,GET,/tienda1/global/menum.jsp,0.8113341522579897,0.44,BLOQUEADA,403
2026-09-16T17:05:00.943484+00:00,GET,/tienda1/publico/entrar.jsp,0.8617481954523736,0.44,BLOQUEADA,403
2026-09-16T17:05:00.993511+00:00,POST,/tienda1/publico/anadir.jsp,0.9258085397374122,0.44,BLOQUEADA,403
2026-09-16T17:05:01.041099+00:00,GET,/tienda1/publico/pagar.jsp,0.9991892076327689,0.44,BLOQUEADA,403
2026-09-16T17:05:01.087872+00:00,GET,/tienda1/publico/autenticar.jsp,0.9618852285000062,0.44,BLOQUEADA,403
2026-09-16T17:05:01.134548+00:00,POST,/tienda1/miembros/editar.jsp,0.8231999756797872,0.44,BLOQUEADA,403
2026-09-16T17:05:01.182180+00:00,POST,/tienda1/publico/vaciar.jsp,0.9482159789334469,0.44,BLOQUEADA,403
2026-09-16T17:05:01.228281+00:00,GET,/tienda1/publico/registro.jsp,0.9950320242775423,0.44,BLOQUEADA,403
2026-09-16T17:05:01.277199+00:00,GET,/tienda1/miembros/imagenes/castro.jpg,0.8523674219380132,0.44,BLOQUEADA,403
2026-09-16T17:05:01.324271+00:00,GET,/tienda1/publico/registro.jsp,0.9952416510047444,0.44,BLOQUEADA,403
2026-09-16T17:05:01.373240+00:00,GET,/asf-logo-wide.gif/~,0.8611833040369938,0.44,BLOQUEADA,403
2026-09-16T17:05:01.422078+00:00,GET,/iissamples/ExAir/HowToReachUs.asp,0.8653914862312821,0.44,BLOQUEADA,403
2026-09-16T17:05:01.469433+00:00,GET,/tienda1/miembros/imagenes/zarauz.jpg,0.8694706850889202,0.44,BLOQUEADA,403
2026-09-16T17:05:01.515642+00:00,GET,/ws-client/loanCalculation.jsp,0.8734240590172095,0.44,BLOQUEADA,403
2026-09-16T17:05:01.561388+00:00,GET,/tienda1/publico/autenticar.jsp,0.970134983082949,0.44,BLOQUEADA,403
2026-09-16T17:05:01.608878+00:00,GET,/tienda1/publico/caracteristicas.jsp,0.9094682201134471,0.44,BLOQUEADA,403
2026-09-16T17:05:01.655040+00:00,GET,/tienda1/global/creditos.jsp,0.8845608055629289,0.44,BLOQUEADA,403
2026-09-16T17:05:01.702002+00:00,GET,/tienda1/publico/anadir.jsp,0.9789976680300174,0.44,BLOQUEADA,403
2026-09-16T17:05:01.748058+00:00,POST,/tienda1/publico/caracteristicas.jsp,0.9992131593376388,0.44,BLOQUEADA,403
2026-09-16T17:05:01.794609+00:00,POST,/tienda1/publico/autenticar.jsp,0.9583159102196892,0.44,BLOQUEADA,403
2026-09-16T17:05:01.840121+00:00,GET,/tienda1/publico/entrar.jsp,0.9246667066292085,0.44,BLOQUEADA,403
2026-09-16T17:05:01.888106+00:00,GET,/tienda1/publico/vaciar.jsp,0.97888941565484,0.44,BLOQUEADA,403
2026-09-16T17:05:01.934492+00:00,GET,/tienda1/imagenes/1.gif,0.9038589252388292,0.44,BLOQUEADA,403
2026-09-16T17:05:01.981685+00:00,GET,/tienda1.INC,0.9067248497948939,0.44,BLOQUEADA,403
2026-09-16T17:05:02.027487+00:00,GET,/tienda1/miembros/imagenes/ogono.jpg,0.9094984042293514,0.44,BLOQUEADA,403
2026-09-16T17:05:02.075240+00:00,GET,/tienda1/miembros/imagenes/zarauz.jpg,0.9121823824392906,0.44,BLOQUEADA,403
2026-09-16T17:05:02.123870+00:00,GET,/tienda1/publico/entrar.jsp,0.9373503696251307,0.44,BLOQUEADA,403
2026-09-16T17:05:02.171721+00:00,POST,/tienda1/publico/registro.jsp,0.910508863632677,0.44,BLOQUEADA,403
2026-09-16T17:05:02.217702+00:00,GET,/tienda1/publico/carrito.jsp/asf-logo-wide.gif/,0.919723959176934,0.44,BLOQUEADA,403
2026-09-16T17:05:02.263471+00:00,GET,/tienda1/imagenes/1.gif/asf-logo-wide.gif/,0.922076441170033,0.44,BLOQUEADA,403
2026-09-16T17:05:02.311891+00:00,POST,/tienda1/publico/entrar.jsp,0.9708929438184288,0.44,BLOQUEADA,403
2026-09-16T17:05:02.360178+00:00,GET,/tienda1/imagenes/logo.gif,0.9265544468905784,0.44,BLOQUEADA,403
2026-09-16T17:05:02.409800+00:00,GET,/tienda1/miembros/index.jsp,0.9286847926908343,0.44,BLOQUEADA,403
2026-09-16T17:05:02.456554+00:00,GET,/tienda1/publico/caracteristicas.jsp,0.9515251655433791,0.44,BLOQUEADA,403
2026-09-16T17:05:02.503726+00:00,POST,/tienda1/miembros/editar.jsp,0.9991449477333482,0.44,BLOQUEADA,403
2026-09-16T17:05:02.550046+00:00,GET,/tienda1/publico/caracteristicas.jsp,0.9994685490353945,0.44,BLOQUEADA,403
2026-09-16T17:05:02.596139+00:00,GET,/tienda1/publico/carrito.jsp,0.9365351798154926,0.44,BLOQUEADA,403
2026-09-16T17:05:02.643155+00:00,POST,/tienda1/publico/vaciar.jsp,0.9775891730178756,0.44,BLOQUEADA,403
2026-09-16T17:05:02.689383+00:00,GET,/tienda1/publico/pagar.jsp,0.9992689528753896,0.44,BLOQUEADA,403
2026-09-16T17:05:02.735932+00:00,GET,/tienda1/4861362529278789730,0.9417782050660217,0.44,BLOQUEADA,403
2026-09-16T17:05:02.782072+00:00,GET,/tienda1/imagenes/3.gif,0.9434137335846562,0.44,BLOQUEADA,403
2026-09-16T17:05:02.828437+00:00,POST,/tienda1/publico/registro.jsp,0.9448001463522961,0.44,BLOQUEADA,403
2026-09-16T17:05:02.875806+00:00,GET,/tienda1/miembros/index.jsp/.OLD,0.9465276929182881,0.44,BLOQUEADA,403
2026-09-16T17:05:02.922261+00:00,GET,/tienda1/miembros/editar.jsp,0.997451784317922,0.44,BLOQUEADA,403
2026-09-16T17:05:02.971228+00:00,GET,/tienda1/publico/caracteristicas.jsp,0.960967613714477,0.44,BLOQUEADA,403
2026-09-16T17:05:03.018498+00:00,GET,/tienda1/global/estilos.css,0.9508318022203233,0.44,BLOQUEADA,403
2026-09-16T17:05:03.064481+00:00,GET,/tienda1/asf-logo-wide,0.9521752176117986,0.44,BLOQUEADA,403
2026-09-16T17:05:03.110621+00:00,GET,/tienda1/miembros/salir.jsp,0.9534755597868481,0.44,BLOQUEADA,403
2026-09-16T17:05:03.156748+00:00,GET,/tienda1/index.jsp,0.9547342960137442,0.44,BLOQUEADA,403
2026-09-16T17:05:03.204232+00:00,POST,/tienda1/publico/pagar.jsp,0.9992996557300815,0.44,BLOQUEADA,403
2026-09-16T17:05:03.251622+00:00,GET,/tienda1/publico/pagar.jsp,0.9993366700642582,0.44,BLOQUEADA,403
2026-09-16T17:05:03.297726+00:00,POST,/tienda1/publico/caracteristicas.jsp,0.9848762205245073,0.44,BLOQUEADA,403
2026-09-16T17:05:03.348345+00:00,GET,/tienda1/miembros/imagenes/ogono.jpg,0.9593808607134516,0.44,BLOQUEADA,403
2026-09-16T17:05:03.396531+00:00,GET,/tienda1/miembros/index.jsp,0.9604519276219368,0.44,BLOQUEADA,403
2026-09-16T17:05:03.446426+00:00,POST,/tienda1/publico/pagar.jsp,0.9993135965740818,0.44,BLOQUEADA,403
2026-09-16T17:05:03.493044+00:00,GET,/tienda1/miembros/editar.jsp,0.998112810170613,0.44,BLOQUEADA,403
2026-09-16T17:05:03.542086+00:00,POST,/tienda1/publico/entrar.jsp,0.9844898965057107,0.44,BLOQUEADA,403
2026-09-16T17:05:03.588163+00:00,GET,/admin/login.do,0.9644098079432604,0.44,BLOQUEADA,403
2026-09-16T17:05:03.635442+00:00,GET,/tienda1/publico/anadir.jsp,0.9920422113746155,0.44,BLOQUEADA,403
2026-09-16T17:05:03.681343+00:00,GET,/tienda1/miembros/editar.jsp,0.9987943500985474,0.44,BLOQUEADA,403
2026-09-16T17:05:03.731898+00:00,GET,/tienda1/imagenes/2.gif,0.9670656934190794,0.44,BLOQUEADA,403
2026-09-16T17:05:03.779142+00:00,GET,/tienda1/global/4861362529278789730,0.9678967697517268,0.44,BLOQUEADA,403
2026-09-16T17:05:03.825270+00:00,GET,/tienda1/miembros/salir.jsp,0.9687022672562735,0.44,BLOQUEADA,403
2026-09-16T17:05:03.871701+00:00,GET,/msadc/msadcs.dll,0.9694830561080694,0.44,BLOQUEADA,403
2026-09-16T17:05:03.918362+00:00,GET,/6909030637832563290.jsp,0.9702399758452992,0.44,BLOQUEADA,403
2026-09-16T17:05:03.964069+00:00,POST,/tienda1/publico/anadir.jsp,0.9991731521443017,0.44,BLOQUEADA,403
2026-09-16T17:05:04.010937+00:00,GET,/tienda1.Bak,0.971685419058535,0.44,BLOQUEADA,403
2026-09-16T17:05:04.056748+00:00,GET,/tienda1/miembros/fotos.jsp,0.9723754775082792,0.44,BLOQUEADA,403
2026-09-16T17:05:04.103365+00:00,POST,/tienda1/publico/anadir.jsp,0.9871820270848909,0.44,BLOQUEADA,403
2026-09-16T17:05:04.150123+00:00,POST,/tienda1/publico/entrar.jsp,0.9848835727948019,0.44,BLOQUEADA,403
2026-09-16T17:05:04.196703+00:00,GET,/tienda1/miembros/editar.jsp,0.9995546388470506,0.44,BLOQUEADA,403
2026-09-16T17:05:04.245890+00:00,GET,/tienda1/publico/anadir.jsp,0.9925448523916797,0.44,BLOQUEADA,403
2026-09-16T17:05:04.292249+00:00,GET,/tienda1/publico/vaciar.jsp,0.9829457030823295,0.44,BLOQUEADA,403
2026-09-16T17:05:04.338459+00:00,GET,/tienda1/imagenes/logo.gif,0.9761027746498543,0.44,BLOQUEADA,403
2026-09-16T17:05:04.384541+00:00,POST,/tienda1/publico/pagar.jsp,0.9993625892775111,0.44,BLOQUEADA,403
2026-09-16T17:05:04.430468+00:00,POST,/tienda1/publico/pagar.jsp,0.999362747892649,0.44,BLOQUEADA,403
2026-09-16T17:05:04.477240+00:00,GET,/tienda1/miembros/editar.jsp,0.9983629742086105,0.44,BLOQUEADA,403
2026-09-16T17:05:04.526123+00:00,POST,/tienda1/publico/registro.jsp,0.9782671074539798,0.44,BLOQUEADA,403
2026-09-16T17:05:04.574129+00:00,GET,/tienda1/publico/pagar.jsp,0.9993700887728609,0.44,BLOQUEADA,403
2026-09-16T17:05:04.623414+00:00,GET,/tienda1/publico/pagar.jsp,0.9995437690497792,0.44,BLOQUEADA,403
2026-09-16T17:05:04.670513+00:00,GET,/tienda1/publico/anadir.jsp,0.9937039071860482,0.44,BLOQUEADA,403
2026-09-16T17:05:04.718015+00:00,GET,/tienda1/miembros/editar.jsp,0.9984518050789887,0.44,BLOQUEADA,403
2026-09-16T17:05:04.766732+00:00,GET,/tienda1/imagenes/3.gif,0.980581647436261,0.44,BLOQUEADA,403
2026-09-16T17:05:04.813361+00:00,GET,/tienda1/publico/4861362529278789730.bak,0.9810106265283517,0.44,BLOQUEADA,403
2026-09-16T17:05:04.859856+00:00,POST,/tienda1/publico/anadir.jsp,0.9910703076726392,0.44,BLOQUEADA,403
2026-09-16T17:05:04.906004+00:00,GET,/tienda1/publico/anadir.jsp,0.9951387413718199,0.44,BLOQUEADA,403
2026-09-16T17:05:04.953362+00:00,GET,/tienda1/publico/anadir.jsp~,0.9822263806633476,0.44,BLOQUEADA,403
2026-09-16T17:05:04.999479+00:00,GET,/tienda1/miembros/imagenes/castro.jpg,0.9826091699638672,0.44,BLOQUEADA,403
2026-09-16T17:05:05.046549+00:00,GET,/tienda1/publico/anadir.jsp,0.9945460523689554,0.44,BLOQUEADA,403
2026-09-16T17:05:05.092346+00:00,GET,/tienda1/publico/vaciar.jsp,0.9870591672550134,0.44,BLOQUEADA,403
2026-09-16T17:05:05.137972+00:00,POST,/tienda1/publico/autenticar.jsp,0.9890227517132242,0.44,BLOQUEADA,403
2026-09-16T17:05:05.184758+00:00,GET,/tienda1/publico/entrar.jsp,0.9881667871902376,0.44,BLOQUEADA,403
2026-09-16T17:05:05.230544+00:00,GET,/tienda1/imagenes/logo.gif,0.9843702869012653,0.44,BLOQUEADA,403
2026-09-16T17:05:05.277908+00:00,POST,/tienda1/miembros/editar.jsp,0.9845997791057195,0.44,BLOQUEADA,403
2026-09-16T17:05:05.323805+00:00,POST,/tienda1/publico/pagar.jsp,0.9994043113232801,0.44,BLOQUEADA,403
2026-09-16T17:05:05.370241+00:00,GET,/tienda1/publico/productos.jsp,0.9853159380057742,0.44,BLOQUEADA,403
2026-09-16T17:05:05.417435+00:00,POST,/tienda1/publico/entrar.jsp,0.9928766640871455,0.44,BLOQUEADA,403
2026-09-16T17:05:05.464000+00:00,GET,/tienda1/publico/entrar.jsp,0.9895492046227633,0.44,BLOQUEADA,403
2026-09-16T17:05:05.510917+00:00,GET,/tienda1/publico/anadir.jsp,0.995316718420326,0.44,BLOQUEADA,403
2026-09-16T17:05:05.557512+00:00,GET,/tienda1/publico/registro.jsp.bak,0.9864628840151872,0.44,BLOQUEADA,403
2026-09-16T17:05:05.604012+00:00,GET,/tienda1/miembros/imagenes/ogono.jpg,0.986730931644794,0.44,BLOQUEADA,403
2026-09-16T17:05:05.650984+00:00,GET,/tienda1/miembros/salir.jsp,0.9869919621461306,0.44,BLOQUEADA,403
2026-09-16T17:05:05.696780+00:00,POST,/tienda1/publico/anadir.jsp,0.9931905968807647,0.44,BLOQUEADA,403
2026-09-16T17:05:05.744035+00:00,GET,/tienda1/publico/vaciar.jsp,0.9902079962628938,0.44,BLOQUEADA,403
2026-09-16T17:05:05.790313+00:00,GET,/tienda1/global/titulo.jsp,0.9877350698054175,0.44,BLOQUEADA,403
2026-09-16T17:05:05.836658+00:00,POST,/tienda1/publico/registro.jsp,0.9890347131543276,0.44,BLOQUEADA,403
2026-09-16T17:05:05.883585+00:00,GET,/tienda1/publico/caracteristicas.jsp,0.9994146754189502,0.44,BLOQUEADA,403
2026-09-16T17:05:05.929665+00:00,GET,/tienda1/miembros/imagenes/ogono.jpg,0.9884223557663713,0.44,BLOQUEADA,403
2026-09-16T17:05:05.977537+00:00,GET,/tienda1/publico/productos.jsp,0.988639907918135,0.44,BLOQUEADA,403
2026-09-16T17:05:06.024928+00:00,GET,/tienda1/publico/caracteristicas.jsp,0.999474561788197,0.44,BLOQUEADA,403
2026-09-16T17:05:06.071317+00:00,GET,/tienda1/publico/anadir.jsp,0.9961507066710145,0.44,BLOQUEADA,403
2026-09-16T17:05:06.117988+00:00,POST,/tienda1/publico/caracteristicas.jsp,0.9992985217018164,0.44,BLOQUEADA,403
2026-09-16T17:05:06.163731+00:00,POST,/tienda1/publico/vaciar.jsp,0.9947502475951117,0.44,BLOQUEADA,403
2026-09-16T17:05:06.210561+00:00,GET,/tienda1/publico/pagar.jsp,0.9994460249425606,0.44,BLOQUEADA,403
2026-09-16T17:05:06.257341+00:00,GET,/_cti_pvt/writeto.cnf,0.9898355899112486,0.44,BLOQUEADA,403
2026-09-16T17:05:06.304076+00:00,GET,/tienda1/publico/carrito.jsp/4861362529278789730.Inc,0.9900180037857661,0.44,BLOQUEADA,403
2026-09-16T17:05:06.352107+00:00,POST,/tienda1/publico/autenticar.jsp,0.9948310658016177,0.44,BLOQUEADA,403
2026-09-16T17:05:06.399161+00:00,POST,/tienda1/publico/vaciar.jsp,0.9951183300180427,0.44,BLOQUEADA,403
2026-09-16T17:05:06.446882+00:00,GET,/tienda1/global/creditos.jsp,0.990539076836721,0.44,BLOQUEADA,403
2026-09-16T17:05:06.493591+00:00,POST,/tienda1/publico/registro.jsp,0.9993943841342947,0.44,BLOQUEADA,403
2026-09-16T17:05:06.543121+00:00,GET,/tienda1/publico/registro.jsp,0.9989161418016665,0.44,BLOQUEADA,403
2026-09-16T17:05:06.595389+00:00,GET,/tienda1/imagenes/1.gif,0.991023481416651,0.44,BLOQUEADA,403
2026-09-16T17:05:06.642627+00:00,GET,/tienda1/publico/productos.jsp,0.9911773385617778,0.44,BLOQUEADA,403
2026-09-16T17:05:06.688852+00:00,POST,/tienda1/publico/registro.jsp,0.9917031036018191,0.44,BLOQUEADA,403
2026-09-16T17:05:06.735521+00:00,GET,/tienda1/publico/anadir.jsp,0.9968123571338283,0.44,BLOQUEADA,403
2026-09-16T17:05:06.781407+00:00,GET,/tienda1/imagenes/logo.gif/6909030637832563290.jsp,0.991617561832433,0.44,BLOQUEADA,403
2026-09-16T17:05:06.827970+00:00,POST,/tienda1/publico/registro.jsp,0.9924407555537181,0.44,BLOQUEADA,403
2026-09-16T17:05:06.873661+00:00,GET,/tienda1/miembros/editar.jsp,0.9990391731796625,0.44,BLOQUEADA,403
2026-09-16T17:05:06.924241+00:00,GET,/asf-logo-wide,0.9920278160823796,0.44,BLOQUEADA,403
2026-09-16T17:05:06.971077+00:00,POST,/tienda1/publico/entrar.jsp,0.9956736717593193,0.44,BLOQUEADA,403
2026-09-16T17:05:07.017303+00:00,GET,/tienda1/publico/pagar.jsp,0.9994569731316209,0.44,BLOQUEADA,403
2026-09-16T17:05:07.064439+00:00,GET,/tienda1/imagenes/logo.gif,0.9924105369433636,0.44,BLOQUEADA,403
2026-09-16T17:05:07.112328+00:00,GET,/tienda1/miembros/editar.jsp,0.9995842784036397,0.44,BLOQUEADA,403
2026-09-16T17:05:07.163269+00:00,GET,/tienda1/imagenes/nuestratierra.jpg,0.9926514887261595,0.44,BLOQUEADA,403
2026-09-16T17:05:07.209902+00:00,GET,/tienda1/miembros/editar.jsp,0.999081396698102,0.44,BLOQUEADA,403
2026-09-16T17:05:07.258959+00:00,GET,/tienda1/publico/caracteristicas.jsp,0.9939968187744834,0.44,BLOQUEADA,403
2026-09-16T17:05:07.305418+00:00,GET,/tienda1/publico/carrito.jsp,0.9929931360289258,0.44,BLOQUEADA,403
2026-09-16T17:05:07.351764+00:00,POST,/tienda1/publico/entrar.jsp,0.9962221062690245,0.44,BLOQUEADA,403
2026-09-16T17:05:07.398518+00:00,POST,/tienda1/publico/anadir.jsp,0.9959801372775822,0.44,BLOQUEADA,403
2026-09-16T17:05:07.446111+00:00,GET,/samples/dbsamp/dbsamp1.htm,0.9933127115858192,0.44,BLOQUEADA,403
2026-09-16T17:05:07.492624+00:00,GET,/tienda1/global/titulo.jsp,0.9934146335838429,0.44,BLOQUEADA,403
2026-09-16T17:05:07.539000+00:00,POST,/tienda1/miembros/editar.jsp,0.992916159377388,0.44,BLOQUEADA,403
2026-09-16T17:05:07.585492+00:00,GET,/tienda1/publico/registro.jsp,0.9990690672296253,0.44,BLOQUEADA,403
2026-09-16T17:05:07.634414+00:00,GET,/tienda1/publico/pagar.jsp,0.996921414114841,0.44,BLOQUEADA,403
2026-09-16T17:05:07.680325+00:00,GET,/tienda1/publico/caracteristicas.jsp,0.9947344986096525,0.44,BLOQUEADA,403
2026-09-16T17:05:07.727270+00:00,POST,/tienda1/miembros/editar.jsp,0.9942139246696183,0.44,BLOQUEADA,403
2026-09-16T17:05:07.773919+00:00,GET,/tienda1/imagenes/cmenbul.gif,0.993981925731838,0.44,BLOQUEADA,403
2026-09-16T17:05:07.819736+00:00,GET,/tienda1/publico/vaciar.jsp,0.9951820759058918,0.44,BLOQUEADA,403
2026-09-16T17:05:07.866403+00:00,GET,/tienda1/publico/autenticar.jsp,0.9975293815406042,0.44,BLOQUEADA,403
2026-09-16T17:05:07.914066+00:00,GET,/.INC,0.994239515060477,0.44,BLOQUEADA,403
2026-09-16T17:05:07.962703+00:00,GET,/tienda1/miembros/imagenes/castro.jpg,0.9943218426524708,0.44,BLOQUEADA,403
2026-09-16T17:05:08.009960+00:00,GET,/tienda1/imagenes/cmenbul.gif,0.9944024771440261,0.44,BLOQUEADA,403
2026-09-16T17:05:08.057553+00:00,GET,/tienda1/publico/entrar.jsp,0.9957473758210982,0.44,BLOQUEADA,403
2026-09-16T17:05:08.106053+00:00,GET,/tienda1/miembros/salir.jsp,0.994558836876979,0.44,BLOQUEADA,403
2026-09-16T17:05:08.153166+00:00,GET,/tienda1/miembros/imagenes/zarauz.jpg,0.9946346440530031,0.44,BLOQUEADA,403
2026-09-16T17:05:08.198717+00:00,GET,/tienda1/publico/autenticar.jsp,0.9977280791847214,0.44,BLOQUEADA,403
2026-09-16T17:05:08.246688+00:00,POST,/tienda1/miembros/editar.jsp,0.9994631330933768,0.44,BLOQUEADA,403
2026-09-16T17:05:08.293150+00:00,GET,/tienda1/publico/registro.jsp,0.9991476948699557,0.44,BLOQUEADA,403
2026-09-16T17:05:08.344332+00:00,GET,/tienda1/miembros/editar.jsp,0.9991523639687768,0.44,BLOQUEADA,403
2026-09-16T17:05:08.397369+00:00,GET,/tienda1/publico/anadir.jsp,0.9978716029172693,0.44,BLOQUEADA,403
2026-09-16T17:05:08.445958+00:00,POST,/tienda1/publico/pagar.jsp,0.9994926314320729,0.44,BLOQUEADA,403
2026-09-16T17:05:08.492159+00:00,GET,/tienda1/publico/autenticar.jsp,0.9980602441247962,0.44,BLOQUEADA,403
2026-09-16T17:05:08.538363+00:00,GET,/tienda1/publico/registro.jsp,0.9991704092371758,0.44,BLOQUEADA,403
2026-09-16T17:05:08.587221+00:00,POST,/tienda1/publico/pagar.jsp,0.9994967865343242,0.44,BLOQUEADA,403
2026-09-16T17:05:08.633153+00:00,GET,/asf-logo-wide.gif,0.9953145449515184,0.44,BLOQUEADA,403
2026-09-16T17:05:08.679482+00:00,GET,/tienda1/imagenes/cmenbul.gif,0.995375454421526,0.44,BLOQUEADA,403
2026-09-16T17:05:08.725682+00:00,POST,/tienda1/publico/anadir.jsp,0.997111734128354,0.44,BLOQUEADA,403
2026-09-16T17:05:08.771444+00:00,GET,/tienda1/publico/autenticar.jsp,0.9980023800367568,0.44,BLOQUEADA,403
2026-09-16T17:05:08.818054+00:00,GET,/tienda1/global/titulo.jsp,0.9955513000460899,0.44,BLOQUEADA,403
2026-09-16T17:05:08.864107+00:00,POST,/tienda1/publico/caracteristicas.jsp,0.9974696317438146,0.44,BLOQUEADA,403
2026-09-16T17:05:08.910919+00:00,POST,/tienda1/publico/anadir.jsp,0.9972330810985901,0.44,BLOQUEADA,403
2026-09-16T17:05:08.957617+00:00,GET,/tienda1/publico/caracteristicas.jsp,0.996305010889573,0.44,BLOQUEADA,403
2026-09-16T17:05:09.003172+00:00,GET,/tienda1/publico/registro.jsp,0.9992494353289935,0.44,BLOQUEADA,403
2026-09-16T17:05:09.051878+00:00,GET,/tienda1/publico/entrar.jsp,0.9967453389491633,0.44,BLOQUEADA,403
2026-09-16T17:05:09.097935+00:00,GET,/tienda1/imagenes/2.gif/6909030637832563290.jsp.OLD,0.9958743646273434,0.44,BLOQUEADA,403
2026-09-16T17:05:09.145805+00:00,GET,/tienda1/publico/entrar.jsp,0.9968202253302326,0.44,BLOQUEADA,403
2026-09-16T17:05:09.194270+00:00,GET,/tienda1/asf-logo-wide.BAK,0.9959742744388257,0.44,BLOQUEADA,403
2026-09-16T17:05:09.241108+00:00,POST,/tienda1/publico/vaciar.jsp,0.9995151974208408,0.44,BLOQUEADA,403
2026-09-16T17:05:09.287819+00:00,GET,/tienda1/miembros/imagenes/castro.jpg,0.996070587356592,0.44,BLOQUEADA,403
2026-09-16T17:05:09.333523+00:00,GET,/tienda1/publico/registro.jsp,0.9992371915125337,0.44,BLOQUEADA,403
2026-09-16T17:05:09.382454+00:00,GET,/tienda1/publico/vaciar.jsp,0.9995111742105379,0.44,BLOQUEADA,403
2026-09-16T17:05:09.428396+00:00,GET,/tienda1/imagenes/1.gif,0.9962086635023061,0.44,BLOQUEADA,403
2026-09-16T17:05:09.474454+00:00,POST,/tienda1/publico/caracteristicas.jsp,0.997766499194217,0.44,BLOQUEADA,403
2026-09-16T17:05:09.520475+00:00,GET,/tienda1/publico/vaciar.jsp,0.9969160546194056,0.44,BLOQUEADA,403
2026-09-16T17:05:09.566694+00:00,GET,/tienda1/publico/vaciar.jsp,0.996960572387746,0.44,BLOQUEADA,403
2026-09-16T17:05:09.612988+00:00,GET,/tienda1/imagenes/1.gif/,0.9963816134605374,0.44,BLOQUEADA,403
2026-09-16T17:05:09.659115+00:00,GET,/tienda1/miembros/imagenes/zarauz.jpg,0.996422975775147,0.44,BLOQUEADA,403
2026-09-16T17:05:09.704989+00:00,GET,/tienda1/miembros/index.jsp,0.9964636208460254,0.44,BLOQUEADA,403
2026-09-16T17:05:09.751223+00:00,GET,/tienda1/publico/miembros.jsp,0.9965035643442663,0.44,BLOQUEADA,403
2026-09-16T17:05:09.797362+00:00,GET,/tienda1/imagenes/cmenbul.gif,0.9965428215367977,0.44,BLOQUEADA,403
2026-09-16T17:05:09.844005+00:00,GET,/tienda1/publico/caracteristicas.jsp,0.9970044487596665,0.44,BLOQUEADA,403
2026-09-16T17:05:09.889896+00:00,GET,/tienda1/imagenes/cmenbul.gif,0.9966193361220731,0.44,BLOQUEADA,403
2026-09-16T17:05:09.935606+00:00,GET,/tienda1/publico/caracteristicas.jsp,0.9970669243987992,0.44,BLOQUEADA,403
2026-09-16T17:05:09.982368+00:00,GET,/tienda1/global/estilos.css,0.9966932790931914,0.44,BLOQUEADA,403
2026-09-16T17:05:10.029470+00:00,GET,/tienda1/miembros/salir.jsp,0.9967293204207929,0.44,BLOQUEADA,403
2026-09-16T17:05:10.076547+00:00,POST,/tienda1/publico/entrar.jsp,0.9979494364237929,0.44,BLOQUEADA,403
2026-09-16T17:05:10.124789+00:00,GET,/tienda1/publico/anadir.jsp,0.9984511090502053,0.44,BLOQUEADA,403
2026-09-16T17:05:10.172312+00:00,GET,/tienda1/publico/vaciar.jsp,0.9973399871684159,0.44,BLOQUEADA,403
2026-09-16T17:05:10.220348+00:00,GET,/tienda1/publico/miembros.jsp,0.9968675860576095,0.44,BLOQUEADA,403
2026-09-16T17:05:10.266607+00:00,GET,/tienda1/global/titulo.jsp,0.9969007389313516,0.44,BLOQUEADA,403
2026-09-16T17:05:10.314488+00:00,GET,/tienda1/publico/anadir.jsp,0.9985111136481912,0.44,BLOQUEADA,403
2026-09-16T17:05:10.361204+00:00,GET,/tienda1/miembros/editar.jsp,0.9995938895543092,0.44,BLOQUEADA,403
2026-09-16T17:05:10.411870+00:00,GET,/iissamples/ExAir/dfault.asp,0.9969969906854298,0.44,BLOQUEADA,403
2026-09-16T17:05:10.458447+00:00,GET,/tienda1/imagenes/2.gif,0.9970280421921658,0.44,BLOQUEADA,403
2026-09-16T17:05:10.504331+00:00,GET,/tienda1/publico/entrar.jsp,0.9982281482209862,0.44,BLOQUEADA,403
2026-09-16T17:05:10.551232+00:00,GET,/tienda1/miembros/imagenes/ogono.jpg,0.9970886595737594,0.44,BLOQUEADA,403
2026-09-16T17:05:10.597411+00:00,POST,/tienda1/publico/pagar.jsp,0.9995340504338863,0.44,BLOQUEADA,403
2026-09-16T17:05:10.644301+00:00,POST,/tienda1/publico/autenticar.jsp,0.9980625098930908,0.44,BLOQUEADA,403
2026-09-16T17:05:10.692614+00:00,GET,/tienda1/global/estilos.css,0.9971760205380172,0.44,BLOQUEADA,403
2026-09-16T17:05:10.740920+00:00,GET,/tienda1/imagenes/logo.gif,0.9972042282250286,0.44,BLOQUEADA,403
2026-09-16T17:05:10.788983+00:00,GET,/tienda1/global/titulo.jsp,0.9972319947903769,0.44,BLOQUEADA,403
2026-09-16T17:05:10.835448+00:00,GET,/tienda1/global/titulo.jsp,0.9972593290251885,0.44,BLOQUEADA,403
2026-09-16T17:05:10.881888+00:00,GET,/tienda1/miembros/fotos.jsp,0.9972862395114215,0.44,BLOQUEADA,403
2026-09-16T17:05:10.930616+00:00,GET,/asf-logo-wide.gif,0.9973127346275515,0.44,BLOQUEADA,403
2026-09-16T17:05:10.978542+00:00,GET,/tienda1/publico/vaciar.jsp,0.9977413042641438,0.44,BLOQUEADA,403
2026-09-16T17:05:11.027459+00:00,POST,/tienda1/miembros/editar.jsp,0.9975822605539081,0.44,BLOQUEADA,403
2026-09-16T17:05:11.073373+00:00,POST,/tienda1/publico/autenticar.jsp,0.9995411885951526,0.44,BLOQUEADA,403
2026-09-16T17:05:11.121299+00:00,POST,/tienda1/publico/autenticar.jsp,0.9982395279580433,0.44,BLOQUEADA,403
2026-09-16T17:05:11.169997+00:00,POST,/tienda1/publico/entrar.jsp,0.9982658565552683,0.44,BLOQUEADA,403
2026-09-16T17:05:11.216452+00:00,GET,/tienda1/publico/registro.jsp,0.9993919856847993,0.44,BLOQUEADA,403
2026-09-16T17:05:11.264445+00:00,POST,/tienda1/publico/anadir.jsp,0.9994644372418193,0.44,BLOQUEADA,403
2026-09-16T17:05:11.311087+00:00,GET,/tienda1/publico/registro.jsp,0.9993530410744719,0.44,BLOQUEADA,403
2026-09-16T17:05:11.360821+00:00,POST,/tienda1/publico/registro.jsp,0.9944794282399116,0.44,BLOQUEADA,403
2026-09-16T17:05:11.407180+00:00,POST,/tienda1/publico/pagar.jsp,0.9995460597790902,0.44,BLOQUEADA,403
2026-09-16T17:05:11.454179+00:00,POST,/tienda1/miembros/editar.jsp,0.9976973295894593,0.44,BLOQUEADA,403
2026-09-16T17:05:11.501138+00:00,GET,/tienda1/asf-logo-wide.bak,0.997601071985539,0.44,BLOQUEADA,403
2026-09-16T17:05:11.547679+00:00,GET,/tienda1/publico/entrar.jsp,0.9980731658291052,0.44,BLOQUEADA,403
2026-09-16T17:05:11.594027+00:00,GET,/msadc/adcvbs.inc,0.9976443043876295,0.44,BLOQUEADA,403
2026-09-16T17:05:11.640201+00:00,GET,/tienda1/publico/caracteristicas.jsp,0.9995835203395899,0.44,BLOQUEADA,403
2026-09-16T17:05:11.688481+00:00,GET,/_cti_pvt/dectodep.btr,0.9976862937596592,0.44,BLOQUEADA,403
2026-09-16T17:05:11.734726+00:00,GET,/tienda1/publico/registro.jsp,0.9993920191257917,0.44,BLOQUEADA,403
2026-09-16T17:05:11.786822+00:00,GET,/tienda1/imagenes/1.gif,0.997727085766024,0.44,BLOQUEADA,403
2026-09-16T17:05:11.835120+00:00,POST,/tienda1/miembros/editar.jsp,0.9995370823616891,0.44,BLOQUEADA,403
2026-09-16T17:05:11.882311+00:00,GET,/tienda1/miembros/editar.jsp,0.9995993118602283,0.44,BLOQUEADA,403
2026-09-16T17:05:11.930742+00:00,GET,/tienda1/publico/miembros.jsp,0.9977861236792456,0.44,BLOQUEADA,403
2026-09-16T17:05:11.977973+00:00,GET,/tienda1/miembros/imagenes/ogono.jpg,0.9978052503804015,0.44,BLOQUEADA,403
2026-09-16T17:05:12.024997+00:00,POST,/tienda1/publico/entrar.jsp,0.9984815525670417,0.44,BLOQUEADA,403
2026-09-16T17:05:12.073586+00:00,GET,/tienda1/imagenes/logo.gif,0.9978427046575773,0.44,BLOQUEADA,403
2026-09-16T17:05:12.121973+00:00,GET,/asf-logo-wide.gif/.Old,0.9978610417831184,0.44,BLOQUEADA,403
2026-09-16T17:05:12.171406+00:00,GET,/tienda1/publico/caracteristicas.jsp,0.9990194766229769,0.44,BLOQUEADA,403
2026-09-16T17:05:12.221977+00:00,POST,/tienda1/publico/vaciar.jsp,0.9985572886480681,0.44,BLOQUEADA,403
2026-09-16T17:05:12.269042+00:00,GET,/tienda1/miembros/imagenes/castro.jpg/asf-logo-wide,0.9979145482545807,0.44,BLOQUEADA,403
2026-09-16T17:05:12.318062+00:00,GET,/tienda1/imagenes/1.gif,0.9979318968550581,0.44,BLOQUEADA,403
2026-09-16T17:05:12.366765+00:00,GET,/tienda1/miembros/fotos.jsp,0.9979490091469578,0.44,BLOQUEADA,403
2026-09-16T17:05:12.414433+00:00,GET,/tienda1/miembros/imagenes/zarauz.jpg,0.997965889275373,0.44,BLOQUEADA,403
2026-09-16T17:05:12.461117+00:00,GET,/tienda1/publico/anadir.jsp,0.9988854472184335,0.44,BLOQUEADA,403
2026-09-16T17:05:12.508802+00:00,GET,/tienda1/imagenes/1.gif,0.9979989691841095,0.44,BLOQUEADA,403
2026-09-16T17:05:12.555350+00:00,GET,/tienda1/publico/anadir.jsp,0.9989145407491482,0.44,BLOQUEADA,403
2026-09-16T17:05:12.602299+00:00,GET,/tienda1/imagenes/nuestratierra.jpg,0.9980311680198145,0.44,BLOQUEADA,403
2026-09-16T17:05:12.648782+00:00,GET,/tienda1/imagenes/logo.gif,0.9980469465004089,0.44,BLOQUEADA,403
2026-09-16T17:05:12.694779+00:00,GET,/tienda1/publico/autenticar.jsp,0.9989033140201726,0.44,BLOQUEADA,403
2026-09-16T17:05:12.742663+00:00,GET,/tienda1/imagenes/1.gif,0.9980778798296879,0.44,BLOQUEADA,403
2026-09-16T17:05:12.788707+00:00,GET,/tienda1/imagenes/nuestratierra.jpg,0.998093041748723,0.44,BLOQUEADA,403
2026-09-16T17:05:12.835413+00:00,GET,/tienda1/publico/vaciar.jsp,0.9985346624971057,0.44,BLOQUEADA,403
2026-09-16T17:05:12.882759+00:00,POST,/tienda1/miembros/editar.jsp,0.9983214021081266,0.44,BLOQUEADA,403
2026-09-16T17:05:12.928904+00:00,GET,/tienda1/imagenes/logo.gif,0.9981373494266261,0.44,BLOQUEADA,403
2026-09-16T17:05:12.975901+00:00,GET,/tienda1/global/estilos.css/,0.9981517369156467,0.44,BLOQUEADA,403
2026-09-16T17:05:13.022198+00:00,GET,/tienda1/publico/pagar.jsp,0.9995540681448678,0.44,BLOQUEADA,403
2026-09-16T17:05:13.068271+00:00,POST,/tienda1/publico/vaciar.jsp,0.9986210890272893,0.44,BLOQUEADA,403
2026-09-16T17:05:13.114662+00:00,POST,/tienda1/publico/entrar.jsp,0.9995698006900614,0.44,BLOQUEADA,403
2026-09-16T17:05:13.161214+00:00,GET,/tienda1/publico/anadir.jsp,0.998977154014402,0.44,BLOQUEADA,403
2026-09-16T17:05:13.207964+00:00,GET,/tienda1/miembros/salir.jsp,0.9982209518508525,0.44,BLOQUEADA,403
2026-09-16T17:05:13.254682+00:00,POST,/tienda1/publico/caracteristicas.jsp,0.9987644615747494,0.44,BLOQUEADA,403
2026-09-16T17:05:13.301984+00:00,GET,/tienda1/imagenes/1.gif,0.9982474224241087,0.44,BLOQUEADA,403
2026-09-16T17:05:13.350652+00:00,GET,/tienda1/global/estilos.css,0.9982604085482759,0.44,BLOQUEADA,403
2026-09-16T17:05:13.397239+00:00,POST,/tienda1/miembros/editar.jsp,0.9984778090625402,0.44,BLOQUEADA,403
2026-09-16T17:05:13.445403+00:00,GET,/tienda1/imagenes/cmenbul.gif,0.9982858958770036,0.44,BLOQUEADA,403
2026-09-16T17:05:13.490034+00:00,GET,/tienda1/publico/anadir.jsp,0.999075781184603,0.44,BLOQUEADA,403
2026-09-16T17:05:13.535968+00:00,GET,/tienda1/publico/carrito.jsp/6909030637832563290.jsp.BAK,0.998310753906598,0.44,BLOQUEADA,403
2026-09-16T17:05:13.582694+00:00,GET,/tienda1/global/estilos.css,0.9983229532168906,0.44,BLOQUEADA,403
2026-09-16T17:05:13.628535+00:00,GET,/tienda1/publico/anadir.jsp,0.9990888575911369,0.44,BLOQUEADA,403
2026-09-16T17:05:13.676161+00:00,GET,/tienda1/publico/autenticar.jsp,0.9995781084624817,0.44,BLOQUEADA,403
2026-09-16T17:05:13.721948+00:00,GET,/tienda1/imagenes/logo.gif/,0.9983586613203038,0.44,BLOQUEADA,403
2026-09-16T17:05:13.768300+00:00,GET,/tienda1/imagenes/cmenbul.gif,0.9983702751932642,0.44,BLOQUEADA,403
2026-09-16T17:05:13.814468+00:00,POST,/tienda1/publico/vaciar.jsp,0.9988287334725693,0.44,BLOQUEADA,403
2026-09-16T17:05:13.860545+00:00,GET,/tienda1/miembros/index.jsp,0.9983930832329178,0.44,BLOQUEADA,403
2026-09-16T17:05:13.906025+00:00,GET,/tienda1/publico/anadir.jsp,0.9990654855649413,0.44,BLOQUEADA,403
2026-09-16T17:05:13.952483+00:00,GET,/tienda1/miembros/editar.jsp,0.9994450908809573,0.44,BLOQUEADA,403
2026-09-16T17:05:14.001384+00:00,GET,/tienda1/imagenes/nuestratierra.jpg/.Inc,0.9984262784238058,0.44,BLOQUEADA,403
2026-09-16T17:05:14.047609+00:00,GET,/tienda1/global/menum.jsp,0.9984370806756843,0.44,BLOQUEADA,403
2026-09-16T17:05:14.093755+00:00,GET,/tienda1/publico/caracteristicas.jsp,0.9985816974797924,0.44,BLOQUEADA,403
2026-09-16T17:05:14.140229+00:00,GET,/tienda1/publico/registro.jsp,0.9994629719747294,0.44,BLOQUEADA,403
2026-09-16T17:05:14.190796+00:00,POST,/tienda1/publico/autenticar.jsp,0.9988489474115846,0.44,BLOQUEADA,403
2026-09-16T17:05:14.238626+00:00,POST,/tienda1/publico/entrar.jsp,0.9988661386999294,0.44,BLOQUEADA,403
2026-09-16T17:05:14.285293+00:00,GET,/tienda1/publico/anadir.jsp,0.9991000675560168,0.44,BLOQUEADA,403
2026-09-16T17:05:14.332078+00:00,GET,/tienda1/global/creditos.jsp/,0.9984992727475948,0.44,BLOQUEADA,403
2026-09-16T17:05:14.380970+00:00,GET,/tienda1/imagenes/2.gif,0.9985092186635921,0.44,BLOQUEADA,403
2026-09-16T17:05:14.428078+00:00,GET,/tienda1/miembros/editar.jsp,0.9994570019293862,0.44,BLOQUEADA,403
2026-09-16T17:05:14.476505+00:00,GET,/tienda1/miembros/fotos.jsp,0.9985287670648892,0.44,BLOQUEADA,403
2026-09-16T17:05:14.522812+00:00,GET,/tienda1/imagenes/nuestratierra.jpg,0.9985383729599263,0.44,BLOQUEADA,403
2026-09-16T17:05:14.569090+00:00,POST,/tienda1/publico/vaciar.jsp,0.9989261691023896,0.44,BLOQUEADA,403
2026-09-16T17:05:14.615618+00:00,GET,/tienda1/asf-logo-wide.gif,0.9985572564302757,0.44,BLOQUEADA,403
2026-09-16T17:05:14.661385+00:00,GET,/tienda1/publico/anadir.jsp,0.9991225994354365,0.44,BLOQUEADA,403
2026-09-16T17:05:14.707903+00:00,GET,/tienda1/miembros/salir.jsp,0.9985757128464479,0.44,BLOQUEADA,403
2026-09-16T17:05:14.754403+00:00,GET,/tienda1/global/menum.jsp,0.9985847848151232,0.44,BLOQUEADA,403
2026-09-16T17:05:14.801592+00:00,GET,/tienda1/imagenes/1.gif/.bak,0.9985937546511175,0.44,BLOQUEADA,403
2026-09-16T17:05:14.848944+00:00,POST,/tienda1/publico/caracteristicas.jsp,0.9989739842925233,0.44,BLOQUEADA,403
2026-09-16T17:28:53.323885+00:00,GET,/tienda1/imagenes/cmenbul.gif,0.002995806901833758,0.44,LIBERADA,200
2026-09-16T17:28:53.371779+00:00,GET,/tienda1/index.jsp,0.002995806901833758,0.44,LIBERADA,200
2026-09-16T17:28:53.420328+00:00,POST,/tienda1/miembros/editar.jsp,0.0029056600389340435,0.44,LIBERADA,200
2026-09-16T17:28:53.468740+00:00,GET,/tienda1/publico/vaciar.jsp,0.003529083307958318,0.44,LIBERADA,200
2026-09-16T17:28:53.515083+00:00,GET,/tienda1/publico/productos.jsp,0.002995806901833758,0.44,LIBERADA,200
2026-09-16T17:28:53.561265+00:00,POST,/tienda1/publico/vaciar.jsp,0.006687879734524398,0.44,LIBERADA,200
2026-09-16T17:28:53.608951+00:00,GET,/tienda1/publico/caracteristicas.jsp,0.0035312735115211624,0.44,LIBERADA,200
2026-09-16T17:28:53.655726+00:00,GET,/tienda1/publico/pagar.jsp,0.9873965500222921,0.44,BLOQUEADA,403
2026-09-16T17:28:53.702448+00:00,GET,/tienda1/miembros/editar.jsp,0.9989311943542538,0.44,BLOQUEADA,403
2026-09-16T17:28:53.751517+00:00,POST,/tienda1/publico/vaciar.jsp,0.006724594943216415,0.44,LIBERADA,200
2026-09-16T17:28:53.798010+00:00,GET,/tienda1/publico/registro.jsp,0.13606855781388077,0.44,LIBERADA,200
2026-09-16T17:28:53.847361+00:00,GET,/tienda1/miembros/fotos.jsp,0.002995806901833758,0.44,LIBERADA,200
2026-09-16T17:28:53.893854+00:00,GET,/tienda1/publico/anadir.jsp,0.009935847392619898,0.44,LIBERADA,200
2026-09-16T17:28:53.940647+00:00,GET,/tienda1/publico/vaciar.jsp,0.0035292741610592673,0.44,LIBERADA,200
2026-09-16T17:28:53.989540+00:00,POST,/tienda1/publico/autenticar.jsp,0.005821380524023514,0.44,LIBERADA,200
2026-09-16T17:28:54.038407+00:00,GET,/tienda1/publico/autenticar.jsp,0.007866060803136864,0.44,LIBERADA,200
2026-09-16T17:28:54.084901+00:00,POST,/tienda1/miembros/editar.jsp,0.002971837642958593,0.44,LIBERADA,200
2026-09-16T17:28:54.131965+00:00,POST,/tienda1/publico/pagar.jsp,0.9857209832512547,0.44,BLOQUEADA,403
2026-09-16T17:28:54.178316+00:00,POST,/tienda1/publico/entrar.jsp,0.006135477819132832,0.44,LIBERADA,200
2026-09-16T17:28:54.224582+00:00,GET,/tienda1/miembros/fotos.jsp,0.002995806901833758,0.44,LIBERADA,200
2026-09-16T17:29:11.948583+00:00,GET,/diagnostico-local/request-rate,0.002995806901833758,0.44,LIBERADA,200
2026-09-16T17:29:12.057093+00:00,GET,/diagnostico-local/request-rate,0.0030527582216806014,0.44,LIBERADA,200
2026-09-16T17:29:12.164413+00:00,GET,/diagnostico-local/request-rate,0.0031113778454189707,0.44,LIBERADA,200
2026-09-16T17:29:12.274110+00:00,GET,/diagnostico-local/request-rate,0.0031717242270211696,0.44,LIBERADA,200
2026-09-16T17:29:12.382882+00:00,GET,/diagnostico-local/request-rate,0.0032338581398821445,0.44,LIBERADA,200
2026-09-16T17:29:12.490259+00:00,GET,/diagnostico-local/request-rate,0.003297842777179281,0.44,LIBERADA,200
2026-09-16T17:29:12.597720+00:00,GET,/diagnostico-local/request-rate,0.0033637438568276516,0.44,LIBERADA,200
2026-09-16T17:29:12.705390+00:00,GET,/diagnostico-local/request-rate,0.0034316297312468043,0.44,LIBERADA,200
2026-09-16T17:30:24.005314+00:00,GET,/tienda1/imagenes/cmenbul.gif,0.002995806901833758,0.44,LIBERADA,200
2026-09-16T17:30:24.052387+00:00,GET,/tienda1/index.jsp,0.002995806901833758,0.44,LIBERADA,200
2026-09-16T17:30:24.099747+00:00,POST,/tienda1/miembros/editar.jsp,0.0029056600389340435,0.44,LIBERADA,200
2026-09-16T17:30:24.147248+00:00,GET,/tienda1/publico/vaciar.jsp,0.003529083307958318,0.44,LIBERADA,200
2026-09-16T17:30:24.196206+00:00,GET,/tienda1/publico/productos.jsp,0.002995806901833758,0.44,LIBERADA,200
2026-09-16T17:30:24.243664+00:00,POST,/tienda1/publico/vaciar.jsp,0.006687879734524398,0.44,LIBERADA,200
2026-09-16T17:30:24.293067+00:00,GET,/tienda1/publico/caracteristicas.jsp,0.0035312735115211624,0.44,LIBERADA,200
2026-09-16T17:30:24.340654+00:00,GET,/tienda1/publico/pagar.jsp,0.9873965500222921,0.44,BLOQUEADA,403
2026-09-16T17:30:24.388886+00:00,GET,/tienda1/miembros/editar.jsp,0.9989311943542538,0.44,BLOQUEADA,403
2026-09-16T17:30:24.441343+00:00,POST,/tienda1/publico/vaciar.jsp,0.006724594943216415,0.44,LIBERADA,200
2026-09-16T17:30:24.488146+00:00,GET,/tienda1/publico/registro.jsp,0.13606855781388077,0.44,LIBERADA,200
2026-09-16T17:30:24.538552+00:00,GET,/tienda1/miembros/fotos.jsp,0.002995806901833758,0.44,LIBERADA,200
2026-09-16T17:30:24.585274+00:00,GET,/tienda1/publico/anadir.jsp,0.009935847392619898,0.44,LIBERADA,200
2026-09-16T17:30:24.632361+00:00,GET,/tienda1/publico/vaciar.jsp,0.0035292741610592673,0.44,LIBERADA,200
2026-09-16T17:30:24.678958+00:00,POST,/tienda1/publico/autenticar.jsp,0.005821380524023514,0.44,LIBERADA,200
2026-09-16T17:30:24.726040+00:00,GET,/tienda1/publico/autenticar.jsp,0.007866060803136864,0.44,LIBERADA,200
2026-09-16T17:30:24.773716+00:00,POST,/tienda1/miembros/editar.jsp,0.002971837642958593,0.44,LIBERADA,200
2026-09-16T17:30:24.821130+00:00,POST,/tienda1/publico/pagar.jsp,0.9857209832512547,0.44,BLOQUEADA,403
2026-09-16T17:30:24.868435+00:00,POST,/tienda1/publico/entrar.jsp,0.006135477819132832,0.44,LIBERADA,200
2026-09-16T17:30:24.917141+00:00,GET,/tienda1/miembros/fotos.jsp,0.002995806901833758,0.44,LIBERADA,200
2026-09-16T17:30:42.679741+00:00,GET,/diagnostico-local/request-rate,0.002995806901833758,0.44,LIBERADA,200
2026-09-16T17:30:42.839630+00:00,GET,/diagnostico-local/request-rate,0.0030527582216806014,0.44,LIBERADA,200
2026-09-16T17:30:42.997163+00:00,GET,/diagnostico-local/request-rate,0.0031113778454189707,0.44,LIBERADA,200
2026-09-16T17:30:43.157116+00:00,GET,/diagnostico-local/request-rate,0.0031717242270211696,0.44,LIBERADA,200
2026-09-16T17:30:43.315229+00:00,GET,/diagnostico-local/request-rate,0.0032338581398821445,0.44,LIBERADA,200
2026-09-16T17:30:43.473808+00:00,GET,/diagnostico-local/request-rate,0.003297842777179281,0.44,LIBERADA,200
2026-09-16T17:30:43.630475+00:00,GET,/diagnostico-local/request-rate,0.0033637438568276516,0.44,LIBERADA,200
2026-09-16T17:30:43.788427+00:00,GET,/diagnostico-local/request-rate,0.0034316297312468043,0.44,LIBERADA,200
2026-09-16T17:30:58.045453+00:00,GET,/favicon.ico,0.002995806901833758,0.44,LIBERADA,200
2026-09-16T17:31:53.667884+00:00,GET,/favicon.ico,0.0030527582216806014,0.44,LIBERADA,200
2026-09-16T17:33:41.695217+00:00,GET,/favicon.ico,0.002995806901833758,0.44,LIBERADA,200
2026-09-16T17:34:58.676388+00:00,POST,/tienda1/publico/autenticar.jsp,0.005906855210458945,0.44,LIBERADA,200
2026-09-16T17:34:58.722526+00:00,GET,/tienda1/publico/anadir.jsp,0.007884386468827265,0.44,LIBERADA,200
2026-09-16T17:34:58.768797+00:00,POST,/tienda1/publico/registro.jsp,0.0029495153513552945,0.44,LIBERADA,200
2026-09-16T17:34:58.815219+00:00,GET,/tienda1/miembros/index.jsp,0.002995806901833758,0.44,LIBERADA,200
2026-09-16T17:34:58.861278+00:00,GET,/tienda1/global/creditos.jsp,0.002995806901833758,0.44,LIBERADA,200
2026-09-16T17:34:58.907868+00:00,POST,/tienda1/miembros/editar.jsp,0.9386661604230536,0.44,BLOQUEADA,403
2026-09-16T17:34:58.955328+00:00,POST,/tienda1/publico/registro.jsp,0.9606127422696823,0.44,BLOQUEADA,403
2026-09-16T17:34:59.002029+00:00,GET,/tienda1/miembros/salir.jsp,0.002995806901833758,0.44,LIBERADA,200
2026-09-16T17:34:59.050099+00:00,GET,/asf-logo-wide.gif,0.002995806901833758,0.44,LIBERADA,200
2026-09-16T17:34:59.097314+00:00,GET,/tienda1/publico/caracteristicas.jsp,0.00357033491519382,0.44,LIBERADA,200
2026-09-16T17:34:59.145655+00:00,POST,/tienda1/publico/registro.jsp,0.002852282770258409,0.44,LIBERADA,200
2026-09-16T17:34:59.194208+00:00,GET,/tienda1/imagenes/cmenbul.gif,0.002995806901833758,0.44,LIBERADA,200
2026-09-16T17:34:59.240626+00:00,GET,/tienda1/miembros/editar.jsp,0.07672521270126122,0.44,LIBERADA,200
2026-09-16T17:34:59.290698+00:00,GET,/tienda1/imagenes/1.gif,0.002995806901833758,0.44,LIBERADA,200
2026-09-16T17:34:59.337721+00:00,GET,/tienda1/publico/entrar.jsp,0.0035392967428477884,0.44,LIBERADA,200
2026-09-16T17:34:59.385315+00:00,POST,/tienda1/publico/anadir.jsp,0.005501355881263602,0.44,LIBERADA,200
2026-09-16T17:34:59.432083+00:00,POST,/tienda1/publico/pagar.jsp,0.9858566307510291,0.44,BLOQUEADA,403
2026-09-16T17:34:59.479405+00:00,GET,/asf-logo-wide.gif,0.002995806901833758,0.44,LIBERADA,200
2026-09-16T17:34:59.526675+00:00,POST,/tienda1/miembros/editar.jsp,0.0029944280702561476,0.44,LIBERADA,200
2026-09-16T17:34:59.573023+00:00,GET,/tienda1/publico/pagar.jsp,0.9874957975878723,0.44,BLOQUEADA,403
2026-09-16T17:34:59.619583+00:00,POST,/tienda1/publico/caracteristicas.jsp,0.007227387711643784,0.44,LIBERADA,200
2026-09-16T17:34:59.666966+00:00,GET,/tienda1/publico/entrar.jsp,0.0035392967428477884,0.44,LIBERADA,200
2026-09-16T17:34:59.714022+00:00,GET,/tienda1/publico/vaciar.jsp/4861362529278789730.bak,0.002995806901833758,0.44,LIBERADA,200
2026-09-16T17:34:59.761034+00:00,GET,/tienda1/publico/pagar.jsp,0.9873965500222921,0.44,BLOQUEADA,403
2026-09-16T17:34:59.807710+00:00,GET,/tienda1/imagenes/3.gif,0.002995806901833758,0.44,LIBERADA,200
2026-09-16T17:34:59.855564+00:00,GET,/tienda1/miembros/imagenes/ogono.jpg,0.002995806901833758,0.44,LIBERADA,200
2026-09-16T17:34:59.902625+00:00,GET,/tienda1/miembros/index.jsp,0.002995806901833758,0.44,LIBERADA,200
2026-09-16T17:34:59.950122+00:00,POST,/tienda1/miembros/editar.jsp,0.0029284791613723555,0.44,LIBERADA,200
2026-09-16T17:34:59.997783+00:00,POST,/tienda1/publico/vaciar.jsp,0.005500677939447338,0.44,LIBERADA,200
2026-09-16T17:35:00.044724+00:00,GET,/tienda1/global/titulo.jsp,0.002995806901833758,0.44,LIBERADA,200
2026-09-16T17:35:00.090492+00:00,GET,/tienda1/publico/autenticar.jsp,0.007874965748803945,0.44,LIBERADA,200
2026-09-16T17:35:00.137508+00:00,GET,/tienda1/publico/autenticar.jsp,0.007853668999576997,0.44,LIBERADA,200
2026-09-16T17:35:00.183387+00:00,GET,/tienda1/publico/miembros.jsp,0.002995806901833758,0.44,LIBERADA,200
2026-09-16T17:35:00.229397+00:00,GET,/tienda1/publico/registro.jsp,0.13606855781388077,0.44,LIBERADA,200
2026-09-16T17:35:00.277927+00:00,POST,/tienda1/publico/anadir.jsp,0.005609206958594172,0.44,LIBERADA,200
2026-09-16T17:35:00.323772+00:00,GET,/tienda1/publico/entrar.jsp,0.0035392967428477884,0.44,LIBERADA,200
2026-09-16T17:35:00.370283+00:00,GET,/tienda1/publico/registro.jsp,0.07672521270126122,0.44,LIBERADA,200
2026-09-16T17:35:00.420211+00:00,GET,/tienda1/publico/carrito.jsp,0.002995806901833758,0.44,LIBERADA,200
2026-09-16T17:35:00.467273+00:00,GET,/tienda1/imagenes/1.gif,0.002995806901833758,0.44,LIBERADA,200
2026-09-16T17:35:00.515120+00:00,GET,/tienda1/publico/anadir.jsp,0.007870448847999397,0.44,LIBERADA,200
2026-09-16T17:35:00.564460+00:00,GET,/tienda1/publico/entrar.jsp,0.9944574251560726,0.44,BLOQUEADA,403
2026-09-16T17:35:00.611288+00:00,POST,/tienda1/publico/anadir.jsp,0.005529430760337307,0.44,LIBERADA,200
2026-09-16T17:35:00.657457+00:00,GET,/tienda1/publico/vaciar.jsp,0.003529083307958318,0.44,LIBERADA,200
2026-09-16T17:35:00.704507+00:00,GET,/tienda1/global/creditos.jsp,0.002995806901833758,0.44,LIBERADA,200
2026-09-16T17:35:00.751518+00:00,POST,/tienda1/miembros/editar.jsp,0.003008090503372618,0.44,LIBERADA,200
2026-09-16T17:35:00.798615+00:00,GET,/tienda1/publico/carrito.jsp,0.002995806901833758,0.44,LIBERADA,200
2026-09-16T17:35:00.845867+00:00,GET,/tienda1/publico/caracteristicas.jsp,0.0035312735115211624,0.44,LIBERADA,200
2026-09-16T17:35:00.893357+00:00,GET,/tienda1/global/asf-logo-wide,0.002995806901833758,0.44,LIBERADA,200
2026-09-16T17:35:00.939945+00:00,GET,/tienda1/publico/miembros.jsp,0.002995806901833758,0.44,LIBERADA,200
2026-09-16T17:35:00.987105+00:00,POST,/tienda1/publico/entrar.jsp,0.006168154743882266,0.44,LIBERADA,200
2026-09-16T17:35:01.035680+00:00,GET,/tienda1/publico/carrito.jsp,0.002995806901833758,0.44,LIBERADA,200
2026-09-16T17:35:01.083433+00:00,GET,/tienda1/miembros/imagenes/castro.jpg,0.002995806901833758,0.44,LIBERADA,200
2026-09-16T17:35:01.130732+00:00,GET,/tienda1/miembros/editar.jsp/~,0.002995806901833758,0.44,LIBERADA,200
2026-09-16T17:35:01.176766+00:00,POST,/tienda1/publico/registro.jsp,0.0027913406628116617,0.44,LIBERADA,200
2026-09-16T17:35:01.223094+00:00,POST,/tienda1/miembros/editar.jsp,0.003160401370553981,0.44,LIBERADA,200
2026-09-16T17:35:01.269539+00:00,GET,/tienda1/publico/miembros.jsp,0.002995806901833758,0.44,LIBERADA,200
2026-09-16T17:35:01.316256+00:00,POST,/tienda1/publico/entrar.jsp,0.006135477819132832,0.44,LIBERADA,200
2026-09-16T17:35:01.363940+00:00,GET,/tienda1/index.jsp,0.002995806901833758,0.44,LIBERADA,200
2026-09-16T17:35:01.411788+00:00,GET,/tienda1/miembros/imagenes/zarauz.jpg,0.002995806901833758,0.44,LIBERADA,200
2026-09-16T17:35:01.459474+00:00,POST,/tienda1/publico/autenticar.jsp,0.00573161019335239,0.44,LIBERADA,200
2026-09-16T17:35:01.507221+00:00,GET,/tienda1/global/estilos.css,0.002995806901833758,0.44,LIBERADA,200
2026-09-16T17:35:01.555693+00:00,GET,/tienda1/global/creditos.jsp,0.002995806901833758,0.44,LIBERADA,200
2026-09-16T17:35:01.602111+00:00,POST,/tienda1/miembros/editar.jsp,0.002916526374019141,0.44,LIBERADA,200
2026-09-16T17:35:01.648877+00:00,GET,/tienda1/publico/vaciar.jsp,0.0035298096155675263,0.44,LIBERADA,200
2026-09-16T17:35:01.695546+00:00,POST,/tienda1/publico/vaciar.jsp,0.006724594943216415,0.44,LIBERADA,200
2026-09-16T17:35:01.742212+00:00,GET,/tienda1/imagenes/nuestratierra.jpg,0.002995806901833758,0.44,LIBERADA,200
2026-09-16T17:35:01.790820+00:00,GET,/_vti_bin/,0.002995806901833758,0.44,LIBERADA,200
2026-09-16T17:35:01.840809+00:00,GET,/tienda1/publico/carrito.jsp,0.002995806901833758,0.44,LIBERADA,200
2026-09-16T17:35:01.887117+00:00,GET,/tienda1/publico/pagar.jsp,0.9839070079772168,0.44,BLOQUEADA,403
2026-09-16T17:35:01.934033+00:00,GET,/webapp/examples/HelloPervasive,0.002995806901833758,0.44,LIBERADA,200
2026-09-16T17:35:01.980280+00:00,GET,/tienda1/index.jsp,0.002995806901833758,0.44,LIBERADA,200
2026-09-16T17:35:02.027157+00:00,POST,/tienda1/publico/pagar.jsp,0.9853509632152873,0.44,BLOQUEADA,403
2026-09-16T17:35:02.073368+00:00,POST,/tienda1/publico/vaciar.jsp,0.007227387711643784,0.44,LIBERADA,200
2026-09-16T17:35:02.120866+00:00,GET,/tienda1/publico/caracteristicas.jsp,0.99620463230854,0.44,BLOQUEADA,403
2026-09-16T17:35:02.168480+00:00,GET,/tienda1/miembros/fotos.jsp,0.002995806901833758,0.44,LIBERADA,200
2026-09-16T17:35:02.215481+00:00,GET,/tienda1/publico/caracteristicas.jsp,0.0035307964448419936,0.44,LIBERADA,200
2026-09-16T17:35:02.263562+00:00,GET,/tienda1/publico/registro.jsp,0.13606855781388077,0.44,LIBERADA,200
2026-09-16T17:35:02.313901+00:00,GET,/tienda1/publico/registro.jsp,0.10227675956655405,0.44,LIBERADA,200
2026-09-16T17:35:02.362451+00:00,GET,/IISSamples/sdk/asp/database/Update_VBScript.asp,0.002995806901833758,0.44,LIBERADA,200
2026-09-16T17:35:02.409072+00:00,GET,/tienda1/publico/productos.jsp,0.002995806901833758,0.44,LIBERADA,200
2026-09-16T17:35:02.455694+00:00,POST,/tienda1/publico/autenticar.jsp,0.005821380524023514,0.44,LIBERADA,200
2026-09-16T17:35:02.502055+00:00,POST,/tienda1/publico/anadir.jsp,0.005557704321704898,0.44,LIBERADA,200
2026-09-16T17:35:02.550306+00:00,GET,/tienda1/publico/entrar.jsp,0.0035392967428477884,0.44,LIBERADA,200
2026-09-16T17:35:02.598088+00:00,GET,/tienda1/publico/registro.jsp,0.07672521270126122,0.44,LIBERADA,200
2026-09-16T17:35:02.647020+00:00,GET,/tienda1/miembros/imagenes/zarauz.jpg,0.002995806901833758,0.44,LIBERADA,200
2026-09-16T17:35:02.693385+00:00,POST,/tienda1/publico/autenticar.jsp,0.005557704321704898,0.44,LIBERADA,200
2026-09-16T17:35:02.740944+00:00,POST,/tienda1/publico/caracteristicas.jsp,0.007515270582657509,0.44,LIBERADA,200
2026-09-16T17:35:02.787375+00:00,GET,/tienda1/global/creditos.jsp,0.002995806901833758,0.44,LIBERADA,200
2026-09-16T17:35:02.834721+00:00,POST,/tienda1/publico/anadir.jsp,0.005643733448067035,0.44,LIBERADA,200
2026-09-16T17:35:02.881355+00:00,POST,/tienda1/publico/pagar.jsp,0.9854367952825449,0.44,BLOQUEADA,403
2026-09-16T17:35:02.927240+00:00,POST,/tienda1/publico/entrar.jsp,0.006168154743882266,0.44,LIBERADA,200
2026-09-16T17:35:02.974114+00:00,POST,/tienda1/publico/anadir.jsp,0.005501355881263602,0.44,LIBERADA,200
2026-09-16T17:35:03.020564+00:00,GET,/tienda1/publico/caracteristicas.jsp,0.0035307964448419936,0.44,LIBERADA,200
2026-09-16T17:35:03.068213+00:00,GET,/tienda1/publico/registro.jsp,0.07672521270126122,0.44,LIBERADA,200
2026-09-16T17:35:03.118279+00:00,GET,/tienda1/publico/miembros.jsp,0.002995806901833758,0.44,LIBERADA,200
2026-09-16T17:35:03.165909+00:00,POST,/tienda1/publico/autenticar.jsp,0.0057613209326570275,0.44,LIBERADA,200
2026-09-16T17:35:03.214072+00:00,GET,/tienda1/asf-logo-wide.gif,0.002995806901833758,0.44,LIBERADA,200
2026-09-16T17:35:03.261686+00:00,GET,/tienda1/publico/productos.jsp,0.002995806901833758,0.44,LIBERADA,200
2026-09-16T17:35:03.309483+00:00,GET,/tienda1/index.jsp,0.002995806901833758,0.44,LIBERADA,200
2026-09-16T17:35:03.357187+00:00,POST,/tienda1/publico/vaciar.jsp,0.006687879734524398,0.44,LIBERADA,200
2026-09-16T17:35:03.406953+00:00,GET,/tienda1/imagenes/1.gif,0.002995806901833758,0.44,LIBERADA,200
2026-09-16T17:35:03.455936+00:00,GET,/tienda1/imagenes/3.gif,0.002995806901833758,0.44,LIBERADA,200
2026-09-16T17:35:03.505474+00:00,GET,/tienda1/publico/autenticar.jsp,0.01641978578291663,0.44,LIBERADA,200
2026-09-16T17:35:03.553827+00:00,GET,/tienda1/miembros/editar.jsp,0.17988187463605715,0.44,LIBERADA,200
2026-09-16T17:35:03.607005+00:00,GET,/tienda1/publico/registro.jsp,0.07672521270126122,0.44,LIBERADA,200
2026-09-16T17:35:03.660798+00:00,GET,/tienda1/publico/caracteristicas.jsp,0.0035312735115211624,0.44,LIBERADA,200
2026-09-16T17:35:03.708331+00:00,GET,/tienda1/publico/registro.jsp,0.10227675956655405,0.44,LIBERADA,200
2026-09-16T17:35:03.758755+00:00,POST,/tienda1/publico/autenticar.jsp,0.0058881435573243475,0.44,LIBERADA,200
2026-09-16T17:35:03.806038+00:00,GET,/tienda1/publico/caracteristicas.jsp,0.0035307964448419936,0.44,LIBERADA,200
2026-09-16T17:35:03.852921+00:00,GET,/tienda1/publico/vaciar.jsp,0.992121462165001,0.44,BLOQUEADA,403
2026-09-16T17:35:03.901120+00:00,GET,/tienda1/publico/registro.jsp,0.10227675956655405,0.44,LIBERADA,200
2026-09-16T17:35:03.949627+00:00,POST,/tienda1/publico/anadir.jsp,0.005529430760337307,0.44,LIBERADA,200
2026-09-16T17:35:03.995214+00:00,POST,/tienda1/publico/registro.jsp,0.003017290494879557,0.44,LIBERADA,200
2026-09-16T17:35:04.042775+00:00,GET,/tienda1/publico/vaciar.jsp,0.00357033491519382,0.44,LIBERADA,200
2026-09-16T17:35:04.089564+00:00,GET,/tienda1/publico/caracteristicas.jsp,0.0035307964448419936,0.44,LIBERADA,200
2026-09-16T17:35:04.137303+00:00,GET,/tienda1/global/creditos.jsp,0.002995806901833758,0.44,LIBERADA,200
2026-09-16T17:35:04.184720+00:00,GET,/asf-logo-wide.gif/,0.002995806901833758,0.44,LIBERADA,200
2026-09-16T17:35:04.237053+00:00,GET,/tienda1/publico/anadir.jsp,0.007884386468827265,0.44,LIBERADA,200
2026-09-16T17:35:04.284194+00:00,GET,/tienda1/publico/registro.jsp,0.9989209987012845,0.44,BLOQUEADA,403
2026-09-16T17:35:04.333992+00:00,POST,/tienda1/publico/registro.jsp,0.0031004604919194372,0.44,LIBERADA,200
2026-09-16T17:35:04.381295+00:00,GET,/tienda1/global/menum.jsp,0.002995806901833758,0.44,LIBERADA,200
2026-09-16T17:35:04.427350+00:00,GET,/tienda1/global/titulo.jsp,0.002995806901833758,0.44,LIBERADA,200
2026-09-16T17:35:04.473680+00:00,GET,/tienda1/miembros/editar.jsp,0.10227675956655405,0.44,LIBERADA,200
2026-09-16T17:35:04.522190+00:00,POST,/tienda1/publico/registro.jsp,0.0029505288057164705,0.44,LIBERADA,200
2026-09-16T17:35:04.568627+00:00,GET,/tienda1/publico/entrar.jsp/4861362529278789730.inc,0.002995806901833758,0.44,LIBERADA,200
2026-09-16T17:35:04.616139+00:00,GET,/tienda1/index.jsp,0.002995806901833758,0.44,LIBERADA,200
2026-09-16T17:35:04.664485+00:00,POST,/tienda1/publico/vaciar.jsp,0.006724594943216415,0.44,LIBERADA,200
2026-09-16T17:35:04.711830+00:00,GET,/tienda1/publico/registro.jsp,0.10227675956655405,0.44,LIBERADA,200
2026-09-16T17:35:04.761116+00:00,GET,/tienda1/publico/pagar.jsp,0.9874957975878723,0.44,BLOQUEADA,403
2026-09-16T17:35:04.808159+00:00,GET,/tienda1/miembros/salir.jsp,0.002995806901833758,0.44,LIBERADA,200
2026-09-16T17:35:04.855063+00:00,POST,/tienda1/publico/anadir.jsp,0.005501355881263602,0.44,LIBERADA,200
2026-09-16T17:35:04.903734+00:00,GET,/tienda1/imagenes/logo.gif/,0.002995806901833758,0.44,LIBERADA,200
2026-09-16T17:35:04.951906+00:00,GET,/tienda1/miembros/imagenes/zarauz.jpg,0.002995806901833758,0.44,LIBERADA,200
2026-09-16T17:35:04.998761+00:00,POST,/tienda1/publico/registro.jsp,0.0029394712113922548,0.44,LIBERADA,200
2026-09-16T17:35:05.045721+00:00,POST,/tienda1/publico/anadir.jsp,0.005614854015983623,0.44,LIBERADA,200
2026-09-16T17:35:05.094328+00:00,GET,/tienda1/publico/carrito.jsp,0.002995806901833758,0.44,LIBERADA,200
2026-09-16T17:35:05.141286+00:00,GET,/tienda1/publico/carrito.jsp,0.002995806901833758,0.44,LIBERADA,200
2026-09-16T17:35:05.188363+00:00,POST,/tienda1/publico/registro.jsp,0.002927457396080519,0.44,LIBERADA,200
2026-09-16T17:35:05.234489+00:00,GET,/tienda1/index.jsp,0.002995806901833758,0.44,LIBERADA,200
2026-09-16T17:35:05.281461+00:00,GET,/tienda1/publico/productos.jsp,0.002995806901833758,0.44,LIBERADA,200
2026-09-16T17:35:05.327792+00:00,GET,/tienda1/publico/caracteristicas.jsp,0.0035312735115211624,0.44,LIBERADA,200
2026-09-16T17:35:05.375575+00:00,POST,/tienda1/publico/anadir.jsp,0.005643733448067035,0.44,LIBERADA,200
2026-09-16T17:35:05.422433+00:00,GET,/tienda1/publico/pagar.jsp,0.9837611992237468,0.44,BLOQUEADA,403
2026-09-16T17:35:05.468670+00:00,POST,/tienda1/publico/registro.jsp,0.0032823106215346975,0.44,LIBERADA,200
2026-09-16T17:35:05.516352+00:00,GET,/tienda1/global/estilos.css,0.002995806901833758,0.44,LIBERADA,200
2026-09-16T17:35:05.564543+00:00,GET,/tienda1/publico/registro.jsp,0.9989311943542538,0.44,BLOQUEADA,403
2026-09-16T17:35:05.616600+00:00,GET,/tienda1/index.jsp,0.002995806901833758,0.44,LIBERADA,200
2026-09-16T17:35:05.664080+00:00,GET,/tienda1/miembros/imagenes/castro.jpg,0.002995806901833758,0.44,LIBERADA,200
2026-09-16T17:35:05.710250+00:00,GET,/IISSamples/sdk/asp/applications/Session_VBScript.asp,0.002995806901833758,0.44,LIBERADA,200
2026-09-16T17:35:05.756736+00:00,GET,/tienda1/publico/vaciar.jsp,0.0035303709142567733,0.44,LIBERADA,200
2026-09-16T17:35:05.804298+00:00,GET,/tienda1/index.jsp,0.002995806901833758,0.44,LIBERADA,200
2026-09-16T17:35:05.851699+00:00,POST,/tienda1/publico/registro.jsp,0.0028220632129135797,0.44,LIBERADA,200
2026-09-16T17:35:05.899110+00:00,GET,/tienda1/global/titulo.jsp,0.002995806901833758,0.44,LIBERADA,200
2026-09-16T17:35:05.945592+00:00,POST,/tienda1/publico/autenticar.jsp,0.9850142731274186,0.44,BLOQUEADA,403
2026-09-16T17:35:05.992796+00:00,GET,/tienda1/publico/autenticar.jsp,0.02872639571353387,0.44,LIBERADA,200
2026-09-16T17:35:06.039976+00:00,GET,/tienda1/miembros/imagenes/ogono.jpg,0.002995806901833758,0.44,LIBERADA,200
2026-09-16T17:35:06.086758+00:00,POST,/tienda1/publico/registro.jsp,0.9570914162397314,0.44,BLOQUEADA,403
2026-09-16T17:35:06.133584+00:00,POST,/tienda1/publico/autenticar.jsp,0.9852110895807096,0.44,BLOQUEADA,403
2026-09-16T17:35:06.179901+00:00,POST,/tienda1/publico/pagar.jsp,0.9857209832512547,0.44,BLOQUEADA,403
2026-09-16T17:35:06.226666+00:00,GET,/tienda1/miembros/editar.jsp,0.07672521270126122,0.44,LIBERADA,200
2026-09-16T17:35:06.275856+00:00,GET,/tienda1/miembros/imagenes/castro.jpg,0.002995806901833758,0.44,LIBERADA,200
2026-09-16T17:35:06.322371+00:00,GET,/tienda1/miembros/editar.jsp,0.10227675956655405,0.44,LIBERADA,200
2026-09-16T17:35:06.372619+00:00,GET,/tienda1/publico/vaciar.jsp,0.0036044470102737183,0.44,LIBERADA,200
2026-09-16T17:35:06.419643+00:00,POST,/tienda1/publico/anadir.jsp,0.005638029888312403,0.44,LIBERADA,200
2026-09-16T17:35:06.467808+00:00,POST,/tienda1/publico/vaciar.jsp,0.006724594943216415,0.44,LIBERADA,200
2026-09-16T17:35:06.515644+00:00,POST,/tienda1/publico/entrar.jsp,0.006168154743882266,0.44,LIBERADA,200
2026-09-16T17:35:06.563195+00:00,GET,/tienda1/publico/anadir.jsp,0.009930390928243524,0.44,LIBERADA,200
2026-09-16T17:35:06.611422+00:00,GET,/tienda1/global/titulo.jsp,0.002995806901833758,0.44,LIBERADA,200
2026-09-16T17:35:06.659160+00:00,GET,/tienda1/miembros/imagenes/ogono.jpg,0.002995806901833758,0.44,LIBERADA,200
2026-09-16T17:35:06.705083+00:00,GET,/iisstart.asp,0.002995806901833758,0.44,LIBERADA,200
2026-09-16T17:35:06.752229+00:00,GET,/tienda1/miembros/imagenes/ogono.jpg,0.002995806901833758,0.44,LIBERADA,200
2026-09-16T17:35:06.798995+00:00,GET,/tienda1/publico/pagar.jsp,0.9839070079772168,0.44,BLOQUEADA,403
2026-09-16T17:35:06.845937+00:00,GET,/tienda1/imagenes/logo.gif,0.002995806901833758,0.44,LIBERADA,200
2026-09-16T17:35:06.892852+00:00,POST,/tienda1/miembros/editar.jsp,0.0031783021921331766,0.44,LIBERADA,200
2026-09-16T17:35:06.939828+00:00,POST,/tienda1/publico/vaciar.jsp,0.006724594943216415,0.44,LIBERADA,200
2026-09-16T17:35:06.985917+00:00,GET,/tienda1/publico/vaciar.jsp,0.003529083307958318,0.44,LIBERADA,200
2026-09-16T17:35:07.034899+00:00,GET,/tienda1/imagenes/nuestratierra.jpg.BAK,0.002995806901833758,0.44,LIBERADA,200
2026-09-16T17:35:07.081265+00:00,GET,/tienda1/imagenes/3.gif,0.002995806901833758,0.44,LIBERADA,200
2026-09-16T17:35:07.127710+00:00,GET,/tienda1/publico/carrito.jsp,0.002995806901833758,0.44,LIBERADA,200
2026-09-16T17:35:07.174276+00:00,GET,/tienda1/miembros/editar.jsp,0.07672521270126122,0.44,LIBERADA,200
2026-09-16T17:35:07.223455+00:00,GET,/tienda1/miembros/editar.jsp,0.07672521270126122,0.44,LIBERADA,200
2026-09-16T17:35:07.277715+00:00,GET,/tienda1/publico/autenticar.jsp,0.007861801531695904,0.44,LIBERADA,200
2026-09-16T17:35:07.327399+00:00,GET,/tienda1/imagenes/logo.gif,0.002995806901833758,0.44,LIBERADA,200
2026-09-16T17:35:07.374279+00:00,POST,/tienda1/publico/pagar.jsp,0.9843230323425757,0.44,BLOQUEADA,403
2026-09-16T17:35:07.421055+00:00,GET,/tienda1/miembros/editar.jsp,0.07672521270126122,0.44,LIBERADA,200
2026-09-16T17:35:07.470084+00:00,GET,/tienda1/publico/productos.jsp,0.002995806901833758,0.44,LIBERADA,200
2026-09-16T17:35:07.516409+00:00,GET,/tienda1/imagenes/2.gif,0.002995806901833758,0.44,LIBERADA,200
2026-09-16T17:35:07.563083+00:00,GET,/servlet/ErrorReporter,0.002995806901833758,0.44,LIBERADA,200
2026-09-16T17:35:07.609945+00:00,POST,/tienda1/publico/pagar.jsp,0.9811030372178485,0.44,BLOQUEADA,403
2026-09-16T17:35:07.657472+00:00,GET,/tienda1/imagenes/nuestratierra.jpg,0.002995806901833758,0.44,LIBERADA,200
2026-09-16T17:35:07.705509+00:00,GET,/tienda1/miembros/editar.jsp/asf-logo-wide.gif.OLD,0.002995806901833758,0.44,LIBERADA,200
2026-09-16T17:35:07.753205+00:00,GET,/tienda1/publico/entrar.jsp,0.0035392967428477884,0.44,LIBERADA,200
2026-09-16T17:35:07.800569+00:00,GET,/tienda1/imagenes/nuestratierra.jpg,0.002995806901833758,0.44,LIBERADA,200
2026-09-16T17:35:07.846929+00:00,GET,/tienda1/miembros/index.jsp,0.002995806901833758,0.44,LIBERADA,200
2026-09-16T17:35:07.893875+00:00,GET,/tienda1/publico/caracteristicas.jsp,0.0035312735115211624,0.44,LIBERADA,200
2026-09-16T17:35:07.941119+00:00,GET,/tienda1/global/titulo.jsp,0.002995806901833758,0.44,LIBERADA,200
2026-09-16T17:35:07.989451+00:00,POST,/tienda1/publico/vaciar.jsp,0.9873632071340862,0.44,BLOQUEADA,403
2026-09-16T17:35:08.037336+00:00,POST,/tienda1/publico/anadir.jsp,0.982368160348858,0.44,BLOQUEADA,403
2026-09-16T17:35:08.084851+00:00,POST,/tienda1/publico/caracteristicas.jsp,0.007227387711643784,0.44,LIBERADA,200
2026-09-16T17:35:08.132495+00:00,GET,/tienda1/publico/pagar.jsp,0.9874368549322665,0.44,BLOQUEADA,403
2026-09-16T17:35:08.180446+00:00,POST,/tienda1/publico/caracteristicas.jsp,0.007515270582657509,0.44,LIBERADA,200
2026-09-16T17:35:08.228209+00:00,GET,/tienda1/publico/miembros.jsp,0.002995806901833758,0.44,LIBERADA,200
2026-09-16T17:35:08.275370+00:00,GET,/tienda1/publico/entrar.jsp,0.003538285836161991,0.44,LIBERADA,200
2026-09-16T17:35:08.325404+00:00,GET,/tienda1/global/menum.jsp,0.002995806901833758,0.44,LIBERADA,200
2026-09-16T17:35:08.375116+00:00,GET,/tienda1/publico/entrar.jsp,0.0035392967428477884,0.44,LIBERADA,200
2026-09-16T17:35:08.422085+00:00,POST,/tienda1/publico/anadir.jsp,0.005473478071529672,0.44,LIBERADA,200
2026-09-16T17:35:08.469134+00:00,GET,/tienda1/publico/pagar.jsp,0.9874957975878723,0.44,BLOQUEADA,403
2026-09-16T17:35:08.516404+00:00,GET,/tienda1/publico/autenticar.jsp,0.008302386690841074,0.44,LIBERADA,200
2026-09-16T17:35:08.563880+00:00,POST,/tienda1/miembros/editar.jsp,0.0029505288057164705,0.44,LIBERADA,200
2026-09-16T17:35:08.611690+00:00,POST,/tienda1/publico/vaciar.jsp,0.006687879734524398,0.44,LIBERADA,200
2026-09-16T17:35:08.658810+00:00,GET,/tienda1/publico/registro.jsp,0.07672521270126122,0.44,LIBERADA,200
2026-09-16T17:35:08.708821+00:00,GET,/tienda1/miembros/imagenes/castro.jpg,0.002995806901833758,0.44,LIBERADA,200
2026-09-16T17:35:08.756571+00:00,GET,/tienda1/publico/registro.jsp,0.07672521270126122,0.44,LIBERADA,200
2026-09-16T17:35:08.805850+00:00,GET,/asf-logo-wide.gif/~,0.002995806901833758,0.44,LIBERADA,200
2026-09-16T17:35:08.851601+00:00,GET,/iissamples/ExAir/HowToReachUs.asp,0.002995806901833758,0.44,LIBERADA,200
2026-09-16T17:35:08.898273+00:00,GET,/tienda1/miembros/imagenes/zarauz.jpg,0.002995806901833758,0.44,LIBERADA,200
2026-09-16T17:35:08.945468+00:00,GET,/ws-client/loanCalculation.jsp,0.002995806901833758,0.44,LIBERADA,200
2026-09-16T17:35:08.993013+00:00,GET,/tienda1/publico/autenticar.jsp,0.007846050673946224,0.44,LIBERADA,200
2026-09-16T17:35:09.040207+00:00,GET,/tienda1/publico/caracteristicas.jsp,0.0035307964448419936,0.44,LIBERADA,200
2026-09-16T17:35:09.087096+00:00,GET,/tienda1/global/creditos.jsp,0.002995806901833758,0.44,LIBERADA,200
2026-09-16T17:35:09.134373+00:00,GET,/tienda1/publico/anadir.jsp,0.009935847392619898,0.44,LIBERADA,200
2026-09-16T17:35:09.181671+00:00,POST,/tienda1/publico/caracteristicas.jsp,0.9874705326040082,0.44,BLOQUEADA,403
2026-09-16T17:35:09.229846+00:00,POST,/tienda1/publico/autenticar.jsp,0.0057852496999312875,0.44,LIBERADA,200
2026-09-16T17:35:09.277269+00:00,GET,/tienda1/publico/entrar.jsp,0.0035392967428477884,0.44,LIBERADA,200
2026-09-16T17:35:09.324447+00:00,GET,/tienda1/publico/vaciar.jsp,0.009879358980610575,0.44,LIBERADA,200
2026-09-16T17:35:09.371949+00:00,GET,/tienda1/imagenes/1.gif,0.002995806901833758,0.44,LIBERADA,200
2026-09-16T17:35:09.417792+00:00,GET,/tienda1.INC,0.002995806901833758,0.44,LIBERADA,200
2026-09-16T17:35:09.464997+00:00,GET,/tienda1/miembros/imagenes/ogono.jpg,0.002995806901833758,0.44,LIBERADA,200
2026-09-16T17:35:09.512555+00:00,GET,/tienda1/miembros/imagenes/zarauz.jpg,0.002995806901833758,0.44,LIBERADA,200
2026-09-16T17:35:09.559967+00:00,GET,/tienda1/publico/entrar.jsp,0.003538285836161991,0.44,LIBERADA,200
2026-09-16T17:35:09.607396+00:00,POST,/tienda1/publico/registro.jsp,0.002916526374019141,0.44,LIBERADA,200
2026-09-16T17:35:09.655028+00:00,GET,/tienda1/publico/carrito.jsp/asf-logo-wide.gif/,0.002995806901833758,0.44,LIBERADA,200
2026-09-16T17:35:09.705125+00:00,GET,/tienda1/imagenes/1.gif/asf-logo-wide.gif/,0.002995806901833758,0.44,LIBERADA,200
2026-09-16T17:35:09.752552+00:00,POST,/tienda1/publico/entrar.jsp,0.006168154743882266,0.44,LIBERADA,200
2026-09-16T17:35:09.798960+00:00,GET,/tienda1/imagenes/logo.gif,0.002995806901833758,0.44,LIBERADA,200
2026-09-16T17:35:09.845072+00:00,GET,/tienda1/miembros/index.jsp,0.002995806901833758,0.44,LIBERADA,200
2026-09-16T17:35:09.893468+00:00,GET,/tienda1/publico/caracteristicas.jsp,0.003601667926938888,0.44,LIBERADA,200
2026-09-16T17:35:09.941578+00:00,POST,/tienda1/miembros/editar.jsp,0.9639192763525324,0.44,BLOQUEADA,403
2026-09-16T17:35:09.988061+00:00,GET,/tienda1/publico/caracteristicas.jsp,0.9976701633907284,0.44,BLOQUEADA,403
2026-09-16T17:35:10.034770+00:00,GET,/tienda1/publico/carrito.jsp,0.002995806901833758,0.44,LIBERADA,200
2026-09-16T17:35:10.082033+00:00,POST,/tienda1/publico/vaciar.jsp,0.006687879734524398,0.44,LIBERADA,200
2026-09-16T17:35:10.129248+00:00,GET,/tienda1/publico/pagar.jsp,0.9837861356850112,0.44,BLOQUEADA,403
2026-09-16T17:35:10.176512+00:00,GET,/tienda1/4861362529278789730,0.002995806901833758,0.44,LIBERADA,200
2026-09-16T17:35:10.223178+00:00,GET,/tienda1/imagenes/3.gif,0.002995806901833758,0.44,LIBERADA,200
2026-09-16T17:35:10.270612+00:00,POST,/tienda1/publico/registro.jsp,0.0030058250390873637,0.44,LIBERADA,200
2026-09-16T17:35:10.317208+00:00,GET,/tienda1/miembros/index.jsp/.OLD,0.002995806901833758,0.44,LIBERADA,200
2026-09-16T17:35:10.364720+00:00,GET,/tienda1/miembros/editar.jsp,0.07672521270126122,0.44,LIBERADA,200
2026-09-16T17:35:10.415414+00:00,GET,/tienda1/publico/caracteristicas.jsp,0.0035307964448419936,0.44,LIBERADA,200
2026-09-16T17:35:10.462488+00:00,GET,/tienda1/global/estilos.css,0.002995806901833758,0.44,LIBERADA,200
2026-09-16T17:35:10.509388+00:00,GET,/tienda1/asf-logo-wide,0.002995806901833758,0.44,LIBERADA,200
2026-09-16T17:35:10.556549+00:00,GET,/tienda1/miembros/salir.jsp,0.002995806901833758,0.44,LIBERADA,200
2026-09-16T17:35:10.604052+00:00,GET,/tienda1/index.jsp,0.002995806901833758,0.44,LIBERADA,200
2026-09-16T17:35:10.651284+00:00,POST,/tienda1/publico/pagar.jsp,0.9857738900332975,0.44,BLOQUEADA,403
2026-09-16T17:35:10.698456+00:00,GET,/tienda1/publico/pagar.jsp,0.9874763515524119,0.44,BLOQUEADA,403
2026-09-16T17:35:10.744523+00:00,POST,/tienda1/publico/caracteristicas.jsp,0.007186967857808438,0.44,LIBERADA,200
2026-09-16T17:35:10.790653+00:00,GET,/tienda1/miembros/imagenes/ogono.jpg,0.002995806901833758,0.44,LIBERADA,200
2026-09-16T17:35:10.837874+00:00,GET,/tienda1/miembros/index.jsp,0.002995806901833758,0.44,LIBERADA,200
2026-09-16T17:35:10.884407+00:00,POST,/tienda1/publico/pagar.jsp,0.9857209832512547,0.44,BLOQUEADA,403
2026-09-16T17:35:10.931508+00:00,GET,/tienda1/miembros/editar.jsp,0.10227675956655405,0.44,LIBERADA,200
2026-09-16T17:35:10.980510+00:00,POST,/tienda1/publico/entrar.jsp,0.006168154743882266,0.44,LIBERADA,200
2026-09-16T17:35:11.026488+00:00,GET,/admin/login.do,0.002995806901833758,0.44,LIBERADA,200
2026-09-16T17:35:11.073145+00:00,GET,/tienda1/publico/anadir.jsp,0.009935847392619898,0.44,LIBERADA,200
2026-09-16T17:35:11.119994+00:00,GET,/tienda1/miembros/editar.jsp,0.30215610728469844,0.44,LIBERADA,200
2026-09-16T17:35:11.168571+00:00,GET,/tienda1/imagenes/2.gif,0.002995806901833758,0.44,LIBERADA,200
2026-09-16T17:35:11.216138+00:00,GET,/tienda1/global/4861362529278789730,0.002995806901833758,0.44,LIBERADA,200
2026-09-16T17:35:11.263567+00:00,GET,/tienda1/miembros/salir.jsp,0.002995806901833758,0.44,LIBERADA,200
2026-09-16T17:35:11.311304+00:00,GET,/msadc/msadcs.dll,0.002995806901833758,0.44,LIBERADA,200
2026-09-16T17:35:11.359392+00:00,GET,/6909030637832563290.jsp,0.002995806901833758,0.44,LIBERADA,200
2026-09-16T17:35:11.407708+00:00,POST,/tienda1/publico/anadir.jsp,0.9800515875361313,0.44,BLOQUEADA,403
2026-09-16T17:35:11.455219+00:00,GET,/tienda1.Bak,0.002995806901833758,0.44,LIBERADA,200
2026-09-16T17:35:11.503158+00:00,GET,/tienda1/miembros/fotos.jsp,0.002995806901833758,0.44,LIBERADA,200
2026-09-16T17:35:11.549424+00:00,POST,/tienda1/publico/anadir.jsp,0.005643733448067035,0.44,LIBERADA,200
2026-09-16T17:35:11.595856+00:00,POST,/tienda1/publico/entrar.jsp,0.004696785860543372,0.44,LIBERADA,200
2026-09-16T17:35:11.642177+00:00,GET,/tienda1/miembros/editar.jsp,0.9984122959272833,0.44,BLOQUEADA,403
2026-09-16T17:35:11.690404+00:00,GET,/tienda1/publico/anadir.jsp,0.00787961159217433,0.44,LIBERADA,200
2026-09-16T17:35:11.735616+00:00,GET,/tienda1/publico/vaciar.jsp,0.00357033491519382,0.44,LIBERADA,200
2026-09-16T17:35:11.782309+00:00,GET,/tienda1/imagenes/logo.gif,0.002995806901833758,0.44,LIBERADA,200
2026-09-16T17:35:11.828590+00:00,POST,/tienda1/publico/pagar.jsp,0.9858566307510291,0.44,BLOQUEADA,403
2026-09-16T17:35:11.874845+00:00,POST,/tienda1/publico/pagar.jsp,0.9854367952825449,0.44,BLOQUEADA,403
2026-09-16T17:35:11.921430+00:00,GET,/tienda1/miembros/editar.jsp,0.07672521270126122,0.44,LIBERADA,200
2026-09-16T17:35:11.970744+00:00,POST,/tienda1/publico/registro.jsp,0.002916526374019141,0.44,LIBERADA,200
2026-09-16T17:35:12.016704+00:00,GET,/tienda1/publico/pagar.jsp,0.9837861356850112,0.44,BLOQUEADA,403
2026-09-16T17:35:12.063313+00:00,GET,/tienda1/publico/pagar.jsp,0.9994407013719416,0.44,BLOQUEADA,403
2026-09-16T17:35:12.111693+00:00,GET,/tienda1/publico/anadir.jsp,0.00787961159217433,0.44,LIBERADA,200
2026-09-16T17:35:12.158719+00:00,GET,/tienda1/miembros/editar.jsp,0.07672521270126122,0.44,LIBERADA,200
2026-09-16T17:35:12.207852+00:00,GET,/tienda1/imagenes/3.gif,0.002995806901833758,0.44,LIBERADA,200
2026-09-16T17:35:12.254666+00:00,GET,/tienda1/publico/4861362529278789730.bak,0.002995806901833758,0.44,LIBERADA,200
2026-09-16T17:35:12.301766+00:00,POST,/tienda1/publico/anadir.jsp,0.005891886606174207,0.44,LIBERADA,200
2026-09-16T17:35:12.349267+00:00,GET,/tienda1/publico/anadir.jsp,0.009935847392619898,0.44,LIBERADA,200
2026-09-16T17:35:12.395609+00:00,GET,/tienda1/publico/anadir.jsp~,0.002995806901833758,0.44,LIBERADA,200
2026-09-16T17:35:12.442778+00:00,GET,/tienda1/miembros/imagenes/castro.jpg,0.002995806901833758,0.44,LIBERADA,200
2026-09-16T17:35:12.490298+00:00,GET,/tienda1/publico/anadir.jsp,0.007884386468827265,0.44,LIBERADA,200
2026-09-16T17:35:12.537835+00:00,GET,/tienda1/publico/vaciar.jsp,0.003529083307958318,0.44,LIBERADA,200
2026-09-16T17:35:12.584787+00:00,POST,/tienda1/publico/autenticar.jsp,0.004105247490910339,0.44,LIBERADA,200
2026-09-16T17:35:12.632273+00:00,GET,/tienda1/publico/entrar.jsp,0.003538285836161991,0.44,LIBERADA,200
2026-09-16T17:35:12.679977+00:00,GET,/tienda1/imagenes/logo.gif,0.002995806901833758,0.44,LIBERADA,200
2026-09-16T17:35:12.726826+00:00,POST,/tienda1/miembros/editar.jsp,0.002853331492626801,0.44,LIBERADA,200
2026-09-16T17:35:12.774302+00:00,POST,/tienda1/publico/pagar.jsp,0.9862113082823055,0.44,BLOQUEADA,403
2026-09-16T17:35:12.821085+00:00,GET,/tienda1/publico/productos.jsp,0.002995806901833758,0.44,LIBERADA,200
2026-09-16T17:35:12.867120+00:00,POST,/tienda1/publico/entrar.jsp,0.006168154743882266,0.44,LIBERADA,200
2026-09-16T17:35:12.913370+00:00,GET,/tienda1/publico/entrar.jsp,0.0035392967428477884,0.44,LIBERADA,200
2026-09-16T17:35:12.960051+00:00,GET,/tienda1/publico/anadir.jsp,0.007866060803136864,0.44,LIBERADA,200
2026-09-16T17:35:13.009732+00:00,GET,/tienda1/publico/registro.jsp.bak,0.002995806901833758,0.44,LIBERADA,200
2026-09-16T17:35:13.058501+00:00,GET,/tienda1/miembros/imagenes/ogono.jpg,0.002995806901833758,0.44,LIBERADA,200
2026-09-16T17:35:13.106849+00:00,GET,/tienda1/miembros/salir.jsp,0.002995806901833758,0.44,LIBERADA,200
2026-09-16T17:35:13.154256+00:00,POST,/tienda1/publico/anadir.jsp,0.005614854015983623,0.44,LIBERADA,200
2026-09-16T17:35:13.201814+00:00,GET,/tienda1/publico/vaciar.jsp,0.0035292741610592673,0.44,LIBERADA,200
2026-09-16T17:35:13.249541+00:00,GET,/tienda1/global/titulo.jsp,0.002995806901833758,0.44,LIBERADA,200
2026-09-16T17:35:13.298630+00:00,POST,/tienda1/publico/registro.jsp,0.0030577267014226116,0.44,LIBERADA,200
2026-09-16T17:35:13.349181+00:00,GET,/tienda1/publico/caracteristicas.jsp,0.9962147082394636,0.44,BLOQUEADA,403
2026-09-16T17:35:13.397542+00:00,GET,/tienda1/miembros/imagenes/ogono.jpg,0.002995806901833758,0.44,LIBERADA,200
2026-09-16T17:35:13.446354+00:00,GET,/tienda1/publico/productos.jsp,0.002995806901833758,0.44,LIBERADA,200
2026-09-16T17:35:13.495794+00:00,GET,/tienda1/publico/caracteristicas.jsp,0.9934676522268461,0.44,BLOQUEADA,403
2026-09-16T17:35:13.542443+00:00,GET,/tienda1/publico/anadir.jsp,0.007889290473561957,0.44,LIBERADA,200
2026-09-16T17:35:13.587541+00:00,POST,/tienda1/publico/caracteristicas.jsp,0.9785001284327876,0.44,BLOQUEADA,403
2026-09-16T17:35:13.636146+00:00,POST,/tienda1/publico/vaciar.jsp,0.006687879734524398,0.44,LIBERADA,200
2026-09-16T17:35:13.685247+00:00,GET,/tienda1/publico/pagar.jsp,0.9873965500222921,0.44,BLOQUEADA,403
2026-09-16T17:35:13.732017+00:00,GET,/_cti_pvt/writeto.cnf,0.002995806901833758,0.44,LIBERADA,200
2026-09-16T17:35:13.778246+00:00,GET,/tienda1/publico/carrito.jsp/4861362529278789730.Inc,0.002995806901833758,0.44,LIBERADA,200
2026-09-16T17:35:13.826693+00:00,POST,/tienda1/publico/autenticar.jsp,0.006052659082627749,0.44,LIBERADA,200
2026-09-16T17:35:13.872879+00:00,POST,/tienda1/publico/vaciar.jsp,0.006687879734524398,0.44,LIBERADA,200
2026-09-16T17:35:13.919781+00:00,GET,/tienda1/global/creditos.jsp,0.002995806901833758,0.44,LIBERADA,200
2026-09-16T17:35:13.966948+00:00,POST,/tienda1/publico/registro.jsp,0.9560193344593957,0.44,BLOQUEADA,403
2026-09-16T17:35:14.015833+00:00,GET,/tienda1/publico/registro.jsp,0.07672521270126122,0.44,LIBERADA,200
2026-09-16T17:35:14.065325+00:00,GET,/tienda1/imagenes/1.gif,0.002995806901833758,0.44,LIBERADA,200
2026-09-16T17:35:14.112643+00:00,GET,/tienda1/publico/productos.jsp,0.002995806901833758,0.44,LIBERADA,200
2026-09-16T17:35:14.160132+00:00,POST,/tienda1/publico/registro.jsp,0.002894857932930184,0.44,LIBERADA,200
2026-09-16T17:35:14.207274+00:00,GET,/tienda1/publico/anadir.jsp,0.007884386468827265,0.44,LIBERADA,200
2026-09-16T17:35:14.254228+00:00,GET,/tienda1/imagenes/logo.gif/6909030637832563290.jsp,0.002995806901833758,0.44,LIBERADA,200
2026-09-16T17:35:14.301582+00:00,POST,/tienda1/publico/registro.jsp,0.003006816469763917,0.44,LIBERADA,200
2026-09-16T17:35:14.348730+00:00,GET,/tienda1/miembros/editar.jsp,0.10227675956655405,0.44,LIBERADA,200
2026-09-16T17:35:14.398192+00:00,GET,/asf-logo-wide,0.002995806901833758,0.44,LIBERADA,200
2026-09-16T17:35:14.445083+00:00,POST,/tienda1/publico/entrar.jsp,0.006168154743882266,0.44,LIBERADA,200
2026-09-16T17:35:14.491787+00:00,GET,/tienda1/publico/pagar.jsp,0.983930422713562,0.44,BLOQUEADA,403
2026-09-16T17:35:14.538946+00:00,GET,/tienda1/imagenes/logo.gif,0.002995806901833758,0.44,LIBERADA,200
2026-09-16T17:35:14.585645+00:00,GET,/tienda1/miembros/editar.jsp,0.9989311943542538,0.44,BLOQUEADA,403
2026-09-16T17:35:14.635848+00:00,GET,/tienda1/imagenes/nuestratierra.jpg,0.002995806901833758,0.44,LIBERADA,200
2026-09-16T17:35:14.681876+00:00,GET,/tienda1/miembros/editar.jsp,0.10227675956655405,0.44,LIBERADA,200
2026-09-16T17:35:14.731123+00:00,GET,/tienda1/publico/caracteristicas.jsp,0.0035312735115211624,0.44,LIBERADA,200
2026-09-16T17:35:14.777259+00:00,GET,/tienda1/publico/carrito.jsp,0.002995806901833758,0.44,LIBERADA,200
2026-09-16T17:35:14.823190+00:00,POST,/tienda1/publico/entrar.jsp,0.006395275078244383,0.44,LIBERADA,200
2026-09-16T17:35:14.870051+00:00,POST,/tienda1/publico/anadir.jsp,0.005586178192861755,0.44,LIBERADA,200
2026-09-16T17:35:14.916346+00:00,GET,/samples/dbsamp/dbsamp1.htm,0.002995806901833758,0.44,LIBERADA,200
2026-09-16T17:35:14.962726+00:00,GET,/tienda1/global/titulo.jsp,0.002995806901833758,0.44,LIBERADA,200
2026-09-16T17:35:15.009256+00:00,POST,/tienda1/miembros/editar.jsp,0.0025046009693261264,0.44,LIBERADA,200
2026-09-16T17:35:15.055641+00:00,GET,/tienda1/publico/registro.jsp,0.07672521270126122,0.44,LIBERADA,200
2026-09-16T17:35:15.107496+00:00,GET,/tienda1/publico/pagar.jsp,0.005263606070963339,0.44,LIBERADA,200
2026-09-16T17:35:15.157073+00:00,GET,/tienda1/publico/caracteristicas.jsp,0.0035312735115211624,0.44,LIBERADA,200
2026-09-16T17:35:15.204146+00:00,POST,/tienda1/miembros/editar.jsp,0.0028734445949984014,0.44,LIBERADA,200
2026-09-16T17:35:15.252103+00:00,GET,/tienda1/imagenes/cmenbul.gif,0.002995806901833758,0.44,LIBERADA,200
2026-09-16T17:35:15.298048+00:00,GET,/tienda1/publico/vaciar.jsp,0.003529083307958318,0.44,LIBERADA,200
2026-09-16T17:35:15.345423+00:00,GET,/tienda1/publico/autenticar.jsp,0.007842434176161046,0.44,LIBERADA,200
2026-09-16T17:35:15.392415+00:00,GET,/.INC,0.002995806901833758,0.44,LIBERADA,200
2026-09-16T17:35:15.438846+00:00,GET,/tienda1/miembros/imagenes/castro.jpg,0.002995806901833758,0.44,LIBERADA,200
2026-09-16T17:35:15.485216+00:00,GET,/tienda1/imagenes/cmenbul.gif,0.002995806901833758,0.44,LIBERADA,200
2026-09-16T17:35:15.530975+00:00,GET,/tienda1/publico/entrar.jsp,0.003538285836161991,0.44,LIBERADA,200
2026-09-16T17:35:15.577643+00:00,GET,/tienda1/miembros/salir.jsp,0.002995806901833758,0.44,LIBERADA,200
2026-09-16T17:35:15.623747+00:00,GET,/tienda1/miembros/imagenes/zarauz.jpg,0.002995806901833758,0.44,LIBERADA,200
2026-09-16T17:35:15.672045+00:00,GET,/tienda1/publico/autenticar.jsp,0.007853668999576997,0.44,LIBERADA,200
2026-09-16T17:35:15.718618+00:00,POST,/tienda1/miembros/editar.jsp,0.9628350251708839,0.44,BLOQUEADA,403
2026-09-16T17:35:15.765136+00:00,GET,/tienda1/publico/registro.jsp,0.07672521270126122,0.44,LIBERADA,200
2026-09-16T17:35:15.813934+00:00,GET,/tienda1/miembros/editar.jsp,0.07672521270126122,0.44,LIBERADA,200
2026-09-16T17:35:15.863742+00:00,GET,/tienda1/publico/anadir.jsp,0.007889290473561957,0.44,LIBERADA,200
2026-09-16T17:35:15.911022+00:00,POST,/tienda1/publico/pagar.jsp,0.9853509632152873,0.44,BLOQUEADA,403
2026-09-16T17:35:15.957663+00:00,GET,/tienda1/publico/autenticar.jsp,0.009888665962796002,0.44,LIBERADA,200
2026-09-16T17:35:16.004191+00:00,GET,/tienda1/publico/registro.jsp,0.07672521270126122,0.44,LIBERADA,200
2026-09-16T17:35:16.056337+00:00,POST,/tienda1/publico/pagar.jsp,0.9857209832512547,0.44,BLOQUEADA,403
2026-09-16T17:35:16.105122+00:00,GET,/asf-logo-wide.gif,0.002995806901833758,0.44,LIBERADA,200
2026-09-16T17:35:16.152394+00:00,GET,/tienda1/imagenes/cmenbul.gif,0.002995806901833758,0.44,LIBERADA,200
2026-09-16T17:35:16.198705+00:00,POST,/tienda1/publico/anadir.jsp,0.005557704321704898,0.44,LIBERADA,200
2026-09-16T17:35:16.245579+00:00,GET,/tienda1/publico/autenticar.jsp,0.007866060803136864,0.44,LIBERADA,200
2026-09-16T17:35:16.292378+00:00,GET,/tienda1/global/titulo.jsp,0.002995806901833758,0.44,LIBERADA,200
2026-09-16T17:35:16.339047+00:00,POST,/tienda1/publico/caracteristicas.jsp,0.007186967857808438,0.44,LIBERADA,200
2026-09-16T17:35:16.385964+00:00,POST,/tienda1/publico/anadir.jsp,0.005557704321704898,0.44,LIBERADA,200
2026-09-16T17:35:16.432309+00:00,GET,/tienda1/publico/caracteristicas.jsp,0.0035307964448419936,0.44,LIBERADA,200
2026-09-16T17:35:16.479145+00:00,GET,/tienda1/publico/registro.jsp,0.10227675956655405,0.44,LIBERADA,200
2026-09-16T17:35:16.527729+00:00,GET,/tienda1/publico/entrar.jsp,0.0035392967428477884,0.44,LIBERADA,200
2026-09-16T17:35:16.574705+00:00,GET,/tienda1/imagenes/2.gif/6909030637832563290.jsp.OLD,0.002995806901833758,0.44,LIBERADA,200
2026-09-16T17:35:16.623202+00:00,GET,/tienda1/publico/entrar.jsp,0.0035392967428477884,0.44,LIBERADA,200
2026-09-16T17:35:16.670791+00:00,GET,/tienda1/asf-logo-wide.BAK,0.002995806901833758,0.44,LIBERADA,200
2026-09-16T17:35:16.716638+00:00,POST,/tienda1/publico/vaciar.jsp,0.9873632071340862,0.44,BLOQUEADA,403
2026-09-16T17:35:16.763304+00:00,GET,/tienda1/miembros/imagenes/castro.jpg,0.002995806901833758,0.44,LIBERADA,200
2026-09-16T17:35:16.809382+00:00,GET,/tienda1/publico/registro.jsp,0.07672521270126122,0.44,LIBERADA,200
2026-09-16T17:35:16.858654+00:00,GET,/tienda1/publico/vaciar.jsp,0.9982254775107582,0.44,BLOQUEADA,403
2026-09-16T17:35:16.904685+00:00,GET,/tienda1/imagenes/1.gif,0.002995806901833758,0.44,LIBERADA,200
2026-09-16T17:35:16.951595+00:00,POST,/tienda1/publico/caracteristicas.jsp,0.007186967857808438,0.44,LIBERADA,200
2026-09-16T17:35:16.997806+00:00,GET,/tienda1/publico/vaciar.jsp,0.003529083307958318,0.44,LIBERADA,200
2026-09-16T17:35:17.044241+00:00,GET,/tienda1/publico/vaciar.jsp,0.0035292741610592673,0.44,LIBERADA,200
2026-09-16T17:35:17.091673+00:00,GET,/tienda1/imagenes/1.gif/,0.002995806901833758,0.44,LIBERADA,200
2026-09-16T17:35:17.138835+00:00,GET,/tienda1/miembros/imagenes/zarauz.jpg,0.002995806901833758,0.44,LIBERADA,200
2026-09-16T17:35:17.186926+00:00,GET,/tienda1/miembros/index.jsp,0.002995806901833758,0.44,LIBERADA,200
2026-09-16T17:35:17.233702+00:00,GET,/tienda1/publico/miembros.jsp,0.002995806901833758,0.44,LIBERADA,200
2026-09-16T17:35:17.280388+00:00,GET,/tienda1/imagenes/cmenbul.gif,0.002995806901833758,0.44,LIBERADA,200
2026-09-16T17:35:17.327942+00:00,GET,/tienda1/publico/caracteristicas.jsp,0.0035312735115211624,0.44,LIBERADA,200
2026-09-16T17:35:17.375689+00:00,GET,/tienda1/imagenes/cmenbul.gif,0.002995806901833758,0.44,LIBERADA,200
2026-09-16T17:35:17.423087+00:00,GET,/tienda1/publico/caracteristicas.jsp,0.0035312735115211624,0.44,LIBERADA,200
2026-09-16T17:35:17.469620+00:00,GET,/tienda1/global/estilos.css,0.002995806901833758,0.44,LIBERADA,200
2026-09-16T17:35:17.517246+00:00,GET,/tienda1/miembros/salir.jsp,0.002995806901833758,0.44,LIBERADA,200
2026-09-16T17:35:17.564105+00:00,POST,/tienda1/publico/entrar.jsp,0.006395275078244383,0.44,LIBERADA,200
2026-09-16T17:35:17.612221+00:00,GET,/tienda1/publico/anadir.jsp,0.007870448847999397,0.44,LIBERADA,200
2026-09-16T17:35:17.659642+00:00,GET,/tienda1/publico/vaciar.jsp,0.003529083307958318,0.44,LIBERADA,200
2026-09-16T17:35:17.707705+00:00,GET,/tienda1/publico/miembros.jsp,0.002995806901833758,0.44,LIBERADA,200
2026-09-16T17:35:17.754376+00:00,GET,/tienda1/global/titulo.jsp,0.002995806901833758,0.44,LIBERADA,200
2026-09-16T17:35:17.800683+00:00,GET,/tienda1/publico/anadir.jsp,0.007884386468827265,0.44,LIBERADA,200
2026-09-16T17:35:17.846894+00:00,GET,/tienda1/miembros/editar.jsp,0.998718988375769,0.44,BLOQUEADA,403
2026-09-16T17:35:17.896610+00:00,GET,/iissamples/ExAir/dfault.asp,0.002995806901833758,0.44,LIBERADA,200
2026-09-16T17:35:17.943092+00:00,GET,/tienda1/imagenes/2.gif,0.002995806901833758,0.44,LIBERADA,200
2026-09-16T17:35:17.989364+00:00,GET,/tienda1/publico/entrar.jsp,0.004385351411791762,0.44,LIBERADA,200
2026-09-16T17:35:18.036461+00:00,GET,/tienda1/miembros/imagenes/ogono.jpg,0.002995806901833758,0.44,LIBERADA,200
2026-09-16T17:35:18.083398+00:00,POST,/tienda1/publico/pagar.jsp,0.9857738900332975,0.44,BLOQUEADA,403
2026-09-16T17:35:18.131503+00:00,POST,/tienda1/publico/autenticar.jsp,0.005643733448067035,0.44,LIBERADA,200
2026-09-16T17:35:18.178435+00:00,GET,/tienda1/global/estilos.css,0.002995806901833758,0.44,LIBERADA,200
2026-09-16T17:35:18.225782+00:00,GET,/tienda1/imagenes/logo.gif,0.002995806901833758,0.44,LIBERADA,200
2026-09-16T17:35:18.272435+00:00,GET,/tienda1/global/titulo.jsp,0.002995806901833758,0.44,LIBERADA,200
2026-09-16T17:35:18.321568+00:00,GET,/tienda1/global/titulo.jsp,0.002995806901833758,0.44,LIBERADA,200
2026-09-16T17:35:18.368985+00:00,GET,/tienda1/miembros/fotos.jsp,0.002995806901833758,0.44,LIBERADA,200
2026-09-16T17:35:18.415826+00:00,GET,/asf-logo-wide.gif,0.002995806901833758,0.44,LIBERADA,200
2026-09-16T17:35:18.463124+00:00,GET,/tienda1/publico/vaciar.jsp,0.003529083307958318,0.44,LIBERADA,200
2026-09-16T17:35:18.510606+00:00,POST,/tienda1/miembros/editar.jsp,0.0028851571681724666,0.44,LIBERADA,200
2026-09-16T17:35:18.558496+00:00,POST,/tienda1/publico/autenticar.jsp,0.984085665057807,0.44,BLOQUEADA,403
2026-09-16T17:35:18.605389+00:00,POST,/tienda1/publico/autenticar.jsp,0.005882302671427373,0.44,LIBERADA,200
2026-09-16T17:35:18.652007+00:00,POST,/tienda1/publico/entrar.jsp,0.006168154743882266,0.44,LIBERADA,200
2026-09-16T17:35:18.699468+00:00,GET,/tienda1/publico/registro.jsp,0.13606855781388077,0.44,LIBERADA,200
2026-09-16T17:35:18.747636+00:00,POST,/tienda1/publico/anadir.jsp,0.9824626824298716,0.44,BLOQUEADA,403
2026-09-16T17:35:18.793527+00:00,GET,/tienda1/publico/registro.jsp,0.07672521270126122,0.44,LIBERADA,200
2026-09-16T17:35:18.842233+00:00,POST,/tienda1/publico/registro.jsp,0.0012134538273627358,0.44,LIBERADA,200
2026-09-16T17:35:18.889123+00:00,POST,/tienda1/publico/pagar.jsp,0.9858566307510291,0.44,BLOQUEADA,403
2026-09-16T17:35:18.935357+00:00,POST,/tienda1/miembros/editar.jsp,0.0027023348516274693,0.44,LIBERADA,200
2026-09-16T17:35:18.981041+00:00,GET,/tienda1/asf-logo-wide.bak,0.002995806901833758,0.44,LIBERADA,200
2026-09-16T17:35:19.028771+00:00,GET,/tienda1/publico/entrar.jsp,0.003538285836161991,0.44,LIBERADA,200
2026-09-16T17:35:19.075248+00:00,GET,/msadc/adcvbs.inc,0.002995806901833758,0.44,LIBERADA,200
2026-09-16T17:35:19.122592+00:00,GET,/tienda1/publico/caracteristicas.jsp,0.9981938155058068,0.44,BLOQUEADA,403
2026-09-16T17:35:19.169890+00:00,GET,/_cti_pvt/dectodep.btr,0.002995806901833758,0.44,LIBERADA,200
2026-09-16T17:35:19.217267+00:00,GET,/tienda1/publico/registro.jsp,0.10227675956655405,0.44,LIBERADA,200
2026-09-16T17:35:19.267374+00:00,GET,/tienda1/imagenes/1.gif,0.002995806901833758,0.44,LIBERADA,200
2026-09-16T17:35:19.313114+00:00,POST,/tienda1/miembros/editar.jsp,0.9551732692381771,0.44,BLOQUEADA,403
2026-09-16T17:35:19.359789+00:00,GET,/tienda1/miembros/editar.jsp,0.9989311943542538,0.44,BLOQUEADA,403
2026-09-16T17:35:19.409932+00:00,GET,/tienda1/publico/miembros.jsp,0.002995806901833758,0.44,LIBERADA,200
2026-09-16T17:35:19.457369+00:00,GET,/tienda1/miembros/imagenes/ogono.jpg,0.002995806901833758,0.44,LIBERADA,200
2026-09-16T17:35:19.506619+00:00,POST,/tienda1/publico/entrar.jsp,0.006168154743882266,0.44,LIBERADA,200
2026-09-16T17:35:19.555242+00:00,GET,/tienda1/imagenes/logo.gif,0.002995806901833758,0.44,LIBERADA,200
2026-09-16T17:35:19.602500+00:00,GET,/asf-logo-wide.gif/.Old,0.002995806901833758,0.44,LIBERADA,200
2026-09-16T17:35:19.649260+00:00,GET,/tienda1/publico/caracteristicas.jsp,0.006447803192992984,0.44,LIBERADA,200
2026-09-16T17:35:19.697713+00:00,POST,/tienda1/publico/vaciar.jsp,0.006724594943216415,0.44,LIBERADA,200
2026-09-16T17:35:19.743167+00:00,GET,/tienda1/miembros/imagenes/castro.jpg/asf-logo-wide,0.002995806901833758,0.44,LIBERADA,200
2026-09-16T17:35:19.789177+00:00,GET,/tienda1/imagenes/1.gif,0.002995806901833758,0.44,LIBERADA,200
2026-09-16T17:35:19.835170+00:00,GET,/tienda1/miembros/fotos.jsp,0.002995806901833758,0.44,LIBERADA,200
2026-09-16T17:35:19.881358+00:00,GET,/tienda1/miembros/imagenes/zarauz.jpg,0.002995806901833758,0.44,LIBERADA,200
2026-09-16T17:35:19.928536+00:00,GET,/tienda1/publico/anadir.jsp,0.007866060803136864,0.44,LIBERADA,200
2026-09-16T17:35:19.974537+00:00,GET,/tienda1/imagenes/1.gif,0.002995806901833758,0.44,LIBERADA,200
2026-09-16T17:35:20.021824+00:00,GET,/tienda1/publico/anadir.jsp,0.007894323705249662,0.44,LIBERADA,200
2026-09-16T17:35:20.068879+00:00,GET,/tienda1/imagenes/nuestratierra.jpg,0.002995806901833758,0.44,LIBERADA,200
2026-09-16T17:35:20.116045+00:00,GET,/tienda1/imagenes/logo.gif,0.002995806901833758,0.44,LIBERADA,200
2026-09-16T17:35:20.162888+00:00,GET,/tienda1/publico/autenticar.jsp,0.007846050673946224,0.44,LIBERADA,200
2026-09-16T17:35:20.211261+00:00,GET,/tienda1/imagenes/1.gif,0.002995806901833758,0.44,LIBERADA,200
2026-09-16T17:35:20.258118+00:00,GET,/tienda1/imagenes/nuestratierra.jpg,0.002995806901833758,0.44,LIBERADA,200
2026-09-16T17:35:20.307849+00:00,GET,/tienda1/publico/vaciar.jsp,0.00357033491519382,0.44,LIBERADA,200
2026-09-16T17:35:20.355575+00:00,POST,/tienda1/miembros/editar.jsp,0.003018277300805383,0.44,LIBERADA,200
2026-09-16T17:35:20.401691+00:00,GET,/tienda1/imagenes/logo.gif,0.002995806901833758,0.44,LIBERADA,200
2026-09-16T17:35:20.448704+00:00,GET,/tienda1/global/estilos.css/,0.002995806901833758,0.44,LIBERADA,200
2026-09-16T17:35:20.494094+00:00,GET,/tienda1/publico/pagar.jsp,0.9838833404286565,0.44,BLOQUEADA,403
2026-09-16T17:35:20.541292+00:00,POST,/tienda1/publico/vaciar.jsp,0.005126941085600518,0.44,LIBERADA,200
2026-09-16T17:35:20.587756+00:00,POST,/tienda1/publico/entrar.jsp,0.9876351732805849,0.44,BLOQUEADA,403
2026-09-16T17:35:20.635273+00:00,GET,/tienda1/publico/anadir.jsp,0.007870448847999397,0.44,LIBERADA,200
2026-09-16T17:35:20.682880+00:00,GET,/tienda1/miembros/salir.jsp,0.002995806901833758,0.44,LIBERADA,200
2026-09-16T17:35:20.730122+00:00,POST,/tienda1/publico/caracteristicas.jsp,0.007186967857808438,0.44,LIBERADA,200
2026-09-16T17:35:20.777782+00:00,GET,/tienda1/imagenes/1.gif,0.002995806901833758,0.44,LIBERADA,200
2026-09-16T17:35:20.824421+00:00,GET,/tienda1/global/estilos.css,0.002995806901833758,0.44,LIBERADA,200
2026-09-16T17:35:20.871175+00:00,POST,/tienda1/miembros/editar.jsp,0.0031358222367481895,0.44,LIBERADA,200
2026-09-16T17:35:20.917862+00:00,GET,/tienda1/imagenes/cmenbul.gif,0.002995806901833758,0.44,LIBERADA,200
2026-09-16T17:35:20.964776+00:00,GET,/tienda1/publico/anadir.jsp,0.009930390928243524,0.44,LIBERADA,200
2026-09-16T17:35:21.011946+00:00,GET,/tienda1/publico/carrito.jsp/6909030637832563290.jsp.BAK,0.002995806901833758,0.44,LIBERADA,200
2026-09-16T17:35:21.058475+00:00,GET,/tienda1/global/estilos.css,0.002995806901833758,0.44,LIBERADA,200
2026-09-16T17:35:21.105570+00:00,GET,/tienda1/publico/anadir.jsp,0.009930390928243524,0.44,LIBERADA,200
2026-09-16T17:35:21.152556+00:00,GET,/tienda1/publico/autenticar.jsp,0.9925186579104971,0.44,BLOQUEADA,403
2026-09-16T17:35:21.201085+00:00,GET,/tienda1/imagenes/logo.gif/,0.002995806901833758,0.44,LIBERADA,200
2026-09-16T17:35:21.248020+00:00,GET,/tienda1/imagenes/cmenbul.gif,0.002995806901833758,0.44,LIBERADA,200
2026-09-16T17:35:21.295285+00:00,POST,/tienda1/publico/vaciar.jsp,0.006687879734524398,0.44,LIBERADA,200
2026-09-16T17:35:21.342403+00:00,GET,/tienda1/miembros/index.jsp,0.002995806901833758,0.44,LIBERADA,200
2026-09-16T17:35:21.389058+00:00,GET,/tienda1/publico/anadir.jsp,0.007889290473561957,0.44,LIBERADA,200
2026-09-16T17:35:21.436566+00:00,GET,/tienda1/miembros/editar.jsp,0.07672521270126122,0.44,LIBERADA,200
2026-09-16T17:35:21.487676+00:00,GET,/tienda1/imagenes/nuestratierra.jpg/.Inc,0.002995806901833758,0.44,LIBERADA,200
2026-09-16T17:35:21.534720+00:00,GET,/tienda1/global/menum.jsp,0.002995806901833758,0.44,LIBERADA,200
2026-09-16T17:35:21.580979+00:00,GET,/tienda1/publico/caracteristicas.jsp,0.0035312735115211624,0.44,LIBERADA,200
2026-09-16T17:35:21.627731+00:00,GET,/tienda1/publico/registro.jsp,0.10227675956655405,0.44,LIBERADA,200
2026-09-16T17:35:21.675880+00:00,POST,/tienda1/publico/autenticar.jsp,0.0057021098420611226,0.44,LIBERADA,200
2026-09-16T17:35:21.722311+00:00,POST,/tienda1/publico/entrar.jsp,0.006168154743882266,0.44,LIBERADA,200
2026-09-16T17:35:21.772166+00:00,GET,/tienda1/publico/anadir.jsp,0.007889290473561957,0.44,LIBERADA,200
2026-09-16T17:35:21.819668+00:00,GET,/tienda1/global/creditos.jsp/,0.002995806901833758,0.44,LIBERADA,200
2026-09-16T17:35:21.866227+00:00,GET,/tienda1/imagenes/2.gif,0.002995806901833758,0.44,LIBERADA,200
2026-09-16T17:35:21.912758+00:00,GET,/tienda1/miembros/editar.jsp,0.07672521270126122,0.44,LIBERADA,200
2026-09-16T17:35:21.961803+00:00,GET,/tienda1/miembros/fotos.jsp,0.002995806901833758,0.44,LIBERADA,200
2026-09-16T17:35:22.007911+00:00,GET,/tienda1/imagenes/nuestratierra.jpg,0.002995806901833758,0.44,LIBERADA,200
2026-09-16T17:35:22.053922+00:00,POST,/tienda1/publico/vaciar.jsp,0.006687879734524398,0.44,LIBERADA,200
2026-09-16T17:35:22.100417+00:00,GET,/tienda1/asf-logo-wide.gif,0.002995806901833758,0.44,LIBERADA,200
2026-09-16T17:35:22.146302+00:00,GET,/tienda1/publico/anadir.jsp,0.007866060803136864,0.44,LIBERADA,200
2026-09-16T17:35:22.193926+00:00,GET,/tienda1/miembros/salir.jsp,0.002995806901833758,0.44,LIBERADA,200
2026-09-16T17:35:22.240267+00:00,GET,/tienda1/global/menum.jsp,0.002995806901833758,0.44,LIBERADA,200
2026-09-16T17:35:22.286458+00:00,GET,/tienda1/imagenes/1.gif/.bak,0.002995806901833758,0.44,LIBERADA,200
2026-09-16T17:35:22.333537+00:00,POST,/tienda1/publico/caracteristicas.jsp,0.007227387711643784,0.44,LIBERADA,200
2026-09-16T17:37:39.250269+00:00,GET,/diagnostico-local/request-rate,0.002995806901833758,0.44,LIBERADA,200
2026-09-16T17:37:39.408154+00:00,GET,/diagnostico-local/request-rate,0.0030527582216806014,0.44,LIBERADA,200
2026-09-16T17:37:39.564908+00:00,GET,/diagnostico-local/request-rate,0.0031113778454189707,0.44,LIBERADA,200
2026-09-16T17:37:39.721469+00:00,GET,/diagnostico-local/request-rate,0.0031717242270211696,0.44,LIBERADA,200
2026-09-16T17:37:39.878595+00:00,GET,/diagnostico-local/request-rate,0.0032338581398821445,0.44,LIBERADA,200
2026-09-16T17:37:40.034401+00:00,GET,/diagnostico-local/request-rate,0.003297842777179281,0.44,LIBERADA,200
2026-09-16T17:37:40.190451+00:00,GET,/diagnostico-local/request-rate,0.0033637438568276516,0.44,LIBERADA,200
2026-09-16T17:37:40.346472+00:00,GET,/diagnostico-local/request-rate,0.0034316297312468043,0.44,LIBERADA,200
2026-09-16T17:38:09.374657+00:00,GET,/diagnostico-local/request-rate,0.002995806901833758,0.44,LIBERADA,200
2026-09-16T17:38:09.532650+00:00,GET,/diagnostico-local/request-rate,0.0030527582216806014,0.44,LIBERADA,200
2026-09-16T17:38:09.689674+00:00,GET,/diagnostico-local/request-rate,0.0031113778454189707,0.44,LIBERADA,200
2026-09-16T17:38:09.847873+00:00,GET,/diagnostico-local/request-rate,0.0031717242270211696,0.44,LIBERADA,200
2026-09-16T17:38:10.005706+00:00,GET,/diagnostico-local/request-rate,0.0032338581398821445,0.44,LIBERADA,200
2026-09-16T17:38:10.163731+00:00,GET,/diagnostico-local/request-rate,0.003297842777179281,0.44,LIBERADA,200
2026-09-16T17:38:10.321229+00:00,GET,/diagnostico-local/request-rate,0.0033637438568276516,0.44,LIBERADA,200
2026-09-16T17:38:10.479744+00:00,GET,/diagnostico-local/request-rate,0.0034316297312468043,0.44,LIBERADA,200
2026-09-16T17:38:10.637889+00:00,GET,/diagnostico-local/request-rate,0.0035015715021655194,0.44,LIBERADA,200
2026-09-16T17:38:10.795759+00:00,GET,/diagnostico-local/request-rate,0.003573643140701206,0.44,LIBERADA,200
2026-09-16T17:38:10.954459+00:00,GET,/diagnostico-local/request-rate,0.0036479216129616937,0.44,LIBERADA,200
2026-09-16T17:38:11.112760+00:00,GET,/diagnostico-local/request-rate,0.0037244870114284865,0.44,LIBERADA,200
2026-09-16T17:38:11.271192+00:00,GET,/diagnostico-local/request-rate,0.0038034226923925898,0.44,LIBERADA,200
2026-09-16T17:38:11.429611+00:00,GET,/diagnostico-local/request-rate,0.0038848154197260796,0.44,LIBERADA,200
2026-09-16T17:38:11.587054+00:00,GET,/diagnostico-local/request-rate,0.003968755515285784,0.44,LIBERADA,200
2026-09-16T17:38:11.743550+00:00,GET,/diagnostico-local/request-rate,0.004055337016258585,0.44,LIBERADA,200
2026-09-16T17:38:11.900975+00:00,GET,/diagnostico-local/request-rate,0.0041446578397717525,0.44,LIBERADA,200
2026-09-16T17:38:12.058087+00:00,GET,/diagnostico-local/request-rate,0.004236819955106402,0.44,LIBERADA,200
2026-09-16T17:38:12.214951+00:00,GET,/diagnostico-local/request-rate,0.004331929563866735,0.44,LIBERADA,200
2026-09-16T17:38:12.373193+00:00,GET,/diagnostico-local/request-rate,0.004430097288473597,0.44,LIBERADA,200
2026-09-16T17:38:12.530503+00:00,GET,/diagnostico-local/request-rate,0.00453143836936683,0.44,LIBERADA,200
2026-09-16T17:38:12.690156+00:00,GET,/diagnostico-local/request-rate,0.004636072871317463,0.44,LIBERADA,200
2026-09-16T17:38:12.849948+00:00,GET,/diagnostico-local/request-rate,0.0047441258992682225,0.44,LIBERADA,200
2026-09-16T17:38:13.007207+00:00,GET,/diagnostico-local/request-rate,0.004855727824138375,0.44,LIBERADA,200
2026-09-16T17:38:13.165249+00:00,GET,/diagnostico-local/request-rate,0.004971014519047503,0.44,LIBERADA,200
2026-09-16T17:38:13.323172+00:00,GET,/diagnostico-local/request-rate,0.005090127606431494,0.44,LIBERADA,200
2026-09-16T17:38:13.482055+00:00,GET,/diagnostico-local/request-rate,0.005213214716543757,0.44,LIBERADA,200
2026-09-16T17:38:13.639047+00:00,GET,/diagnostico-local/request-rate,0.005340429757854437,0.44,LIBERADA,200
2026-09-16T17:38:13.796541+00:00,GET,/diagnostico-local/request-rate,0.0054719331998811715,0.44,LIBERADA,200
2026-09-16T17:38:13.952917+00:00,GET,/diagnostico-local/request-rate,0.005607892369005753,0.44,LIBERADA,200
2026-09-16T17:38:14.110141+00:00,GET,/diagnostico-local/request-rate,0.00574848175785278,0.44,LIBERADA,200
2026-09-16T17:38:14.268665+00:00,GET,/diagnostico-local/request-rate,0.0058938833488282865,0.44,LIBERADA,200
2026-09-16T17:38:14.425639+00:00,GET,/diagnostico-local/request-rate,0.006044286952438617,0.44,LIBERADA,200
2026-09-16T17:38:14.584200+00:00,GET,/diagnostico-local/request-rate,0.006199890561032723,0.44,LIBERADA,200
2026-09-16T17:38:14.741889+00:00,GET,/diagnostico-local/request-rate,0.006360900718633968,0.44,LIBERADA,200
2026-09-16T17:38:14.899781+00:00,GET,/diagnostico-local/request-rate,0.006527532907550786,0.44,LIBERADA,200
2026-09-16T17:38:15.056187+00:00,GET,/diagnostico-local/request-rate,0.006700011952479204,0.44,LIBERADA,200
2026-09-16T17:38:15.213712+00:00,GET,/diagnostico-local/request-rate,0.006878572442833127,0.44,LIBERADA,200
2026-09-16T17:38:15.371851+00:00,GET,/diagnostico-local/request-rate,0.007063459174062855,0.44,LIBERADA,200
2026-09-16T17:38:15.529829+00:00,GET,/diagnostico-local/request-rate,0.00725492760874407,0.44,LIBERADA,200
2026-09-16T17:38:37.236043+00:00,GET,/diagnostico-local/request-rate,0.002995806901833758,0.44,LIBERADA,200
2026-09-16T17:38:37.393497+00:00,GET,/diagnostico-local/request-rate,0.0030527582216806014,0.44,LIBERADA,200
2026-09-16T17:38:37.550428+00:00,GET,/diagnostico-local/request-rate,0.0031113778454189707,0.44,LIBERADA,200
2026-09-16T17:38:37.707448+00:00,GET,/diagnostico-local/request-rate,0.0031717242270211696,0.44,LIBERADA,200
2026-09-16T17:38:37.865614+00:00,GET,/diagnostico-local/request-rate,0.0032338581398821445,0.44,LIBERADA,200
2026-09-16T17:38:38.024141+00:00,GET,/diagnostico-local/request-rate,0.003297842777179281,0.44,LIBERADA,200
2026-09-16T17:38:38.181834+00:00,GET,/diagnostico-local/request-rate,0.0033637438568276516,0.44,LIBERADA,200
2026-09-16T17:38:38.340341+00:00,GET,/diagnostico-local/request-rate,0.0034316297312468043,0.44,LIBERADA,200
2026-09-16T17:38:38.498763+00:00,GET,/diagnostico-local/request-rate,0.0035015715021655194,0.44,LIBERADA,200
2026-09-16T17:38:38.655531+00:00,GET,/diagnostico-local/request-rate,0.003573643140701206,0.44,LIBERADA,200
2026-09-16T17:38:38.813400+00:00,GET,/diagnostico-local/request-rate,0.0036479216129616937,0.44,LIBERADA,200
2026-09-16T17:38:38.970540+00:00,GET,/diagnostico-local/request-rate,0.0037244870114284865,0.44,LIBERADA,200
2026-09-16T17:38:39.128238+00:00,GET,/diagnostico-local/request-rate,0.0038034226923925898,0.44,LIBERADA,200
2026-09-16T17:38:39.286449+00:00,GET,/diagnostico-local/request-rate,0.0038848154197260796,0.44,LIBERADA,200
2026-09-16T17:38:39.444762+00:00,GET,/diagnostico-local/request-rate,0.003968755515285784,0.44,LIBERADA,200
2026-09-16T17:38:39.600924+00:00,GET,/diagnostico-local/request-rate,0.004055337016258585,0.44,LIBERADA,200
2026-09-16T17:38:39.757494+00:00,GET,/diagnostico-local/request-rate,0.0041446578397717525,0.44,LIBERADA,200
2026-09-16T17:38:39.915927+00:00,GET,/diagnostico-local/request-rate,0.004236819955106402,0.44,LIBERADA,200
2026-09-16T17:38:40.073410+00:00,GET,/diagnostico-local/request-rate,0.004331929563866735,0.44,LIBERADA,200
2026-09-16T17:38:40.231435+00:00,GET,/diagnostico-local/request-rate,0.004430097288473597,0.44,LIBERADA,200
2026-09-16T17:38:40.390616+00:00,GET,/diagnostico-local/request-rate,0.00453143836936683,0.44,LIBERADA,200
2026-09-16T17:38:40.547756+00:00,GET,/diagnostico-local/request-rate,0.004636072871317463,0.44,LIBERADA,200
2026-09-16T17:38:40.704783+00:00,GET,/diagnostico-local/request-rate,0.0047441258992682225,0.44,LIBERADA,200
2026-09-16T17:38:40.862256+00:00,GET,/diagnostico-local/request-rate,0.004855727824138375,0.44,LIBERADA,200
2026-09-16T17:38:41.019491+00:00,GET,/diagnostico-local/request-rate,0.004971014519047503,0.44,LIBERADA,200
2026-09-16T17:38:41.177354+00:00,GET,/diagnostico-local/request-rate,0.005090127606431494,0.44,LIBERADA,200
2026-09-16T17:38:41.335251+00:00,GET,/diagnostico-local/request-rate,0.005213214716543757,0.44,LIBERADA,200
2026-09-16T17:38:41.492235+00:00,GET,/diagnostico-local/request-rate,0.005340429757854437,0.44,LIBERADA,200
2026-09-16T17:38:41.649772+00:00,GET,/diagnostico-local/request-rate,0.0054719331998811715,0.44,LIBERADA,200
2026-09-16T17:38:41.807056+00:00,GET,/diagnostico-local/request-rate,0.005607892369005753,0.44,LIBERADA,200
2026-09-16T17:38:41.963935+00:00,GET,/diagnostico-local/request-rate,0.00574848175785278,0.44,LIBERADA,200
2026-09-16T17:38:42.121305+00:00,GET,/diagnostico-local/request-rate,0.0058938833488282865,0.44,LIBERADA,200
2026-09-16T17:38:42.280694+00:00,GET,/diagnostico-local/request-rate,0.006044286952438617,0.44,LIBERADA,200
2026-09-16T17:38:42.437682+00:00,GET,/diagnostico-local/request-rate,0.006199890561032723,0.44,LIBERADA,200
2026-09-16T17:38:42.596766+00:00,GET,/diagnostico-local/request-rate,0.006360900718633968,0.44,LIBERADA,200
2026-09-16T17:38:42.755852+00:00,GET,/diagnostico-local/request-rate,0.006527532907550786,0.44,LIBERADA,200
2026-09-16T17:38:42.913073+00:00,GET,/diagnostico-local/request-rate,0.006700011952479204,0.44,LIBERADA,200
2026-09-16T17:38:43.070147+00:00,GET,/diagnostico-local/request-rate,0.006878572442833127,0.44,LIBERADA,200
2026-09-16T17:38:43.227565+00:00,GET,/diagnostico-local/request-rate,0.007063459174062855,0.44,LIBERADA,200
2026-09-16T17:38:43.385172+00:00,GET,/diagnostico-local/request-rate,0.00725492760874407,0.44,LIBERADA,200
2026-09-16T17:38:43.542799+00:00,GET,/diagnostico-local/request-rate,0.007453244358244244,0.44,LIBERADA,200
2026-09-16T17:38:43.699250+00:00,GET,/diagnostico-local/request-rate,0.0076586876857945956,0.44,LIBERADA,200
2026-09-16T17:38:43.856939+00:00,GET,/diagnostico-local/request-rate,0.007871548031818602,0.44,LIBERADA,200
2026-09-16T17:38:44.013780+00:00,GET,/diagnostico-local/request-rate,0.008092128562388976,0.44,LIBERADA,200
2026-09-16T17:38:44.171148+00:00,GET,/diagnostico-local/request-rate,0.008320745741705105,0.44,LIBERADA,200
2026-09-16T17:38:44.329005+00:00,GET,/diagnostico-local/request-rate,0.00855772992950207,0.44,LIBERADA,200
2026-09-16T17:38:44.486142+00:00,GET,/diagnostico-local/request-rate,0.008803426004319997,0.44,LIBERADA,200
2026-09-16T17:38:44.643560+00:00,GET,/diagnostico-local/request-rate,0.009058194013577365,0.44,LIBERADA,200
2026-09-16T17:38:44.802699+00:00,GET,/diagnostico-local/request-rate,0.00932240985140636,0.44,LIBERADA,200
2026-09-16T17:38:44.961365+00:00,GET,/diagnostico-local/request-rate,0.009596465965218686,0.44,LIBERADA,200
2026-09-16T17:38:45.119452+00:00,GET,/diagnostico-local/request-rate,0.009880772091978466,0.44,LIBERADA,200
2026-09-16T17:38:45.277024+00:00,GET,/diagnostico-local/request-rate,0.010175756025163617,0.44,LIBERADA,200
2026-09-16T17:38:45.434524+00:00,GET,/diagnostico-local/request-rate,0.010481864413398047,0.44,LIBERADA,200
2026-09-16T17:38:45.591860+00:00,GET,/diagnostico-local/request-rate,0.010799563591733128,0.44,LIBERADA,200
2026-09-16T17:38:45.751550+00:00,GET,/diagnostico-local/request-rate,0.011129340446548945,0.44,LIBERADA,200
2026-09-16T17:38:45.908948+00:00,GET,/diagnostico-local/request-rate,0.011471703315030972,0.44,LIBERADA,200
2026-09-16T17:38:46.066381+00:00,GET,/diagnostico-local/request-rate,0.011827182920157957,0.44,LIBERADA,200
2026-09-16T17:38:46.224933+00:00,GET,/diagnostico-local/request-rate,0.012196333342108814,0.44,LIBERADA,200
2026-09-16T17:38:46.382727+00:00,GET,/diagnostico-local/request-rate,0.012579733026960844,0.44,LIBERADA,200
2026-09-16T17:38:46.539698+00:00,GET,/diagnostico-local/request-rate,0.012977985833506818,0.44,LIBERADA,200
2026-09-16T17:38:46.702975+00:00,GET,/diagnostico-local/request-rate,0.013391722118964937,0.44,LIBERADA,200
2026-09-16T17:38:46.859516+00:00,GET,/diagnostico-local/request-rate,0.013821599864289043,0.44,LIBERADA,200
2026-09-16T17:38:47.016897+00:00,GET,/diagnostico-local/request-rate,0.014268305839710227,0.44,LIBERADA,200
2026-09-16T17:38:47.174469+00:00,GET,/diagnostico-local/request-rate,0.014732556811049211,0.44,LIBERADA,200
2026-09-16T17:38:47.330683+00:00,GET,/diagnostico-local/request-rate,0.015215100787233912,0.44,LIBERADA,200
2026-09-16T17:38:47.487220+00:00,GET,/diagnostico-local/request-rate,0.015716718309333876,0.44,LIBERADA,200
2026-09-16T17:38:47.644772+00:00,GET,/diagnostico-local/request-rate,0.016238223781284943,0.44,LIBERADA,200
2026-09-16T17:38:47.801887+00:00,GET,/diagnostico-local/request-rate,0.016780466842316887,0.44,LIBERADA,200
2026-09-16T17:38:47.960256+00:00,GET,/diagnostico-local/request-rate,0.017344333780917844,0.44,LIBERADA,200
2026-09-16T17:38:48.119196+00:00,GET,/diagnostico-local/request-rate,0.017930748989965117,0.44,LIBERADA,200
2026-09-16T17:38:48.276661+00:00,GET,/diagnostico-local/request-rate,0.01854067646242349,0.44,LIBERADA,200
2026-09-16T17:38:48.435293+00:00,GET,/diagnostico-local/request-rate,0.01917512132675687,0.44,LIBERADA,200
2026-09-16T17:38:48.592494+00:00,GET,/diagnostico-local/request-rate,0.019835131420913327,0.44,LIBERADA,200
2026-09-16T17:38:48.750820+00:00,GET,/diagnostico-local/request-rate,0.020521798903426734,0.44,LIBERADA,200
2026-09-16T17:38:48.909059+00:00,GET,/diagnostico-local/request-rate,0.021236261899827108,0.44,LIBERADA,200
2026-09-16T17:38:49.067358+00:00,GET,/diagnostico-local/request-rate,0.0219797061821635,0.44,LIBERADA,200
2026-09-16T17:38:49.224765+00:00,GET,/diagnostico-local/request-rate,0.022753366879015847,0.44,LIBERADA,200
2026-09-16T17:38:49.382901+00:00,GET,/diagnostico-local/request-rate,0.023558530212902856,0.44,LIBERADA,200
2026-09-16T17:38:49.540312+00:00,GET,/diagnostico-local/request-rate,0.024396535261478895,0.44,LIBERADA,200
2026-09-16T17:38:49.697455+00:00,GET,/diagnostico-local/request-rate,0.025268775738350416,0.44,LIBERADA,200
2026-09-16T17:38:49.853760+00:00,GET,/diagnostico-local/request-rate,0.02617670178873083,0.44,LIBERADA,200
2026-09-16T17:38:50.010624+00:00,GET,/diagnostico-local/request-rate,0.027121821794487518,0.44,LIBERADA,200
2026-09-16T17:38:50.167693+00:00,GET,/diagnostico-local/request-rate,0.028105704182413368,0.44,LIBERADA,200
2026-09-16T17:38:50.324249+00:00,GET,/diagnostico-local/request-rate,0.02912997922877584,0.44,LIBERADA,200
2026-09-16T17:38:50.482941+00:00,GET,/diagnostico-local/request-rate,0.030196340852357784,0.44,LIBERADA,200
2026-09-16T17:38:50.641521+00:00,GET,/diagnostico-local/request-rate,0.031306548387299175,0.44,LIBERADA,200
2026-09-16T17:38:50.798841+00:00,GET,/diagnostico-local/request-rate,0.032462428326084126,0.44,LIBERADA,200
2026-09-16T17:38:50.955258+00:00,GET,/diagnostico-local/request-rate,0.0336658760219811,0.44,LIBERADA,200
2026-09-16T17:38:51.113747+00:00,GET,/diagnostico-local/request-rate,0.03491885733914502,0.44,LIBERADA,200
2026-09-16T17:38:51.271198+00:00,GET,/diagnostico-local/request-rate,0.0362234102374198,0.44,LIBERADA,200
2026-09-16T17:38:51.429468+00:00,GET,/diagnostico-local/request-rate,0.037581646277644695,0.44,LIBERADA,200
2026-09-16T17:38:51.586551+00:00,GET,/diagnostico-local/request-rate,0.038995752031962955,0.44,LIBERADA,200
2026-09-16T17:38:51.744173+00:00,GET,/diagnostico-local/request-rate,0.04046799038226578,0.44,LIBERADA,200
2026-09-16T17:38:51.901478+00:00,GET,/diagnostico-local/request-rate,0.042000701688473335,0.44,LIBERADA,200
2026-09-16T17:38:52.058069+00:00,GET,/diagnostico-local/request-rate,0.04359630480687008,0.44,LIBERADA,200
2026-09-16T17:38:52.215779+00:00,GET,/diagnostico-local/request-rate,0.04525729793717098,0.44,LIBERADA,200
2026-09-16T17:38:52.373595+00:00,GET,/diagnostico-local/request-rate,0.046986259275416185,0.44,LIBERADA,200
2026-09-16T17:38:52.530356+00:00,GET,/diagnostico-local/request-rate,0.04878584744817122,0.44,LIBERADA,200
2026-09-16T17:38:52.686650+00:00,GET,/diagnostico-local/request-rate,0.0506588017018712,0.44,LIBERADA,200
2026-09-16T17:38:52.845302+00:00,GET,/diagnostico-local/request-rate,0.05260794181949497,0.44,LIBERADA,200
2026-09-16T17:56:58.549641+00:00,GET,/tienda1/imagenes/cmenbul.gif,0.002995806901833758,0.44,LIBERADA,200
2026-09-16T17:56:58.597346+00:00,GET,/tienda1/index.jsp,0.0030527582216806014,0.44,LIBERADA,200
2026-09-16T17:56:58.645684+00:00,POST,/tienda1/miembros/editar.jsp,0.00300900634165317,0.44,LIBERADA,200
2026-09-16T17:56:58.694243+00:00,GET,/tienda1/publico/vaciar.jsp,0.0037501715176609203,0.44,LIBERADA,200
2026-09-16T17:56:58.741865+00:00,GET,/tienda1/publico/productos.jsp,0.0032338581398821445,0.44,LIBERADA,200
2026-09-16T17:56:58.789014+00:00,POST,/tienda1/publico/vaciar.jsp,0.007608942449950987,0.44,LIBERADA,200
2026-09-16T17:56:58.837390+00:00,GET,/tienda1/publico/caracteristicas.jsp,0.004000455164679532,0.44,LIBERADA,200
2026-09-16T17:56:58.886236+00:00,GET,/tienda1/publico/pagar.jsp,0.989536031258749,0.44,BLOQUEADA,403
2026-09-16T17:56:58.933867+00:00,GET,/tienda1/miembros/editar.jsp,0.9990099422127632,0.44,BLOQUEADA,403
2026-09-16T17:56:58.984454+00:00,POST,/tienda1/publico/vaciar.jsp,0.008519957216299459,0.44,LIBERADA,200
2026-09-16T17:56:59.032160+00:00,GET,/tienda1/publico/registro.jsp,0.18747059241944253,0.44,LIBERADA,200
2026-09-16T17:56:59.082438+00:00,GET,/tienda1/miembros/fotos.jsp,0.0037244870114284865,0.44,LIBERADA,200
2026-09-16T17:56:59.131413+00:00,GET,/tienda1/publico/anadir.jsp,0.013985101620875727,0.44,LIBERADA,200
2026-09-16T17:56:59.180669+00:00,GET,/tienda1/publico/vaciar.jsp,0.004651162219540021,0.44,LIBERADA,200
2026-09-16T17:56:59.228604+00:00,POST,/tienda1/publico/autenticar.jsp,0.008321449240142657,0.44,LIBERADA,200
2026-09-16T17:56:59.276997+00:00,GET,/tienda1/publico/autenticar.jsp,0.011832835755075797,0.44,LIBERADA,200
2026-09-16T17:56:59.325428+00:00,POST,/tienda1/miembros/editar.jsp,0.0040266853435355085,0.44,LIBERADA,200
2026-09-16T17:56:59.372740+00:00,POST,/tienda1/publico/pagar.jsp,0.9907299618600126,0.44,BLOQUEADA,403
2026-09-16T17:56:59.420248+00:00,POST,/tienda1/publico/entrar.jsp,0.009882732358525628,0.44,LIBERADA,200
2026-09-16T17:56:59.467026+00:00,GET,/tienda1/miembros/fotos.jsp,0.004430097288473597,0.44,LIBERADA,200
2026-09-16T17:59:34.971061+00:00,GET,/favicon.ico,0.002995806901833758,0.44,LIBERADA,200
2026-09-16T18:00:10.134840+00:00,POST,/tienda1/publico/autenticar.jsp,0.005906855210458945,0.44,LIBERADA,200
2026-09-16T18:00:10.181421+00:00,GET,/tienda1/publico/anadir.jsp,0.008089234576819291,0.44,LIBERADA,200
2026-09-16T18:00:10.227718+00:00,POST,/tienda1/publico/registro.jsp,0.00305534536894328,0.44,LIBERADA,200
2026-09-16T18:00:10.274215+00:00,GET,/tienda1/miembros/index.jsp,0.0031717242270211696,0.44,LIBERADA,200
2026-09-16T18:00:10.320584+00:00,GET,/tienda1/global/creditos.jsp,0.0032338581398821445,0.44,LIBERADA,200
2026-09-16T18:00:10.366938+00:00,POST,/tienda1/miembros/editar.jsp,0.9484214244120944,0.44,BLOQUEADA,403
2026-09-16T18:00:10.413119+00:00,POST,/tienda1/publico/registro.jsp,0.9676171520401978,0.44,BLOQUEADA,403
2026-09-16T18:00:10.459120+00:00,GET,/tienda1/miembros/salir.jsp,0.0034316297312468043,0.44,LIBERADA,200
2026-09-16T18:00:10.505307+00:00,GET,/asf-logo-wide.gif,0.0035015715021655194,0.44,LIBERADA,200
2026-09-16T18:00:10.551366+00:00,GET,/tienda1/publico/caracteristicas.jsp,0.004282913896664194,0.44,LIBERADA,200
2026-09-16T18:00:10.598426+00:00,POST,/tienda1/publico/registro.jsp,0.003414713877090105,0.44,LIBERADA,200
2026-09-16T18:00:10.644276+00:00,GET,/tienda1/imagenes/cmenbul.gif,0.0037244870114284865,0.44,LIBERADA,200
2026-09-16T18:00:10.690702+00:00,GET,/tienda1/miembros/editar.jsp,0.11353219837377476,0.44,LIBERADA,200
2026-09-16T18:00:10.740085+00:00,GET,/tienda1/imagenes/1.gif,0.0038848154197260796,0.44,LIBERADA,200
2026-09-16T18:00:10.786516+00:00,GET,/tienda1/publico/entrar.jsp,0.004751788528715089,0.44,LIBERADA,200
2026-09-16T18:00:10.833093+00:00,POST,/tienda1/publico/anadir.jsp,0.008018364630784584,0.44,LIBERADA,200
2026-09-16T18:00:10.879662+00:00,POST,/tienda1/publico/pagar.jsp,0.9905814599642319,0.44,BLOQUEADA,403
2026-09-16T18:00:10.926582+00:00,GET,/asf-logo-wide.gif,0.004236819955106402,0.44,LIBERADA,200
2026-09-16T18:00:10.972820+00:00,POST,/tienda1/miembros/editar.jsp,0.004234909644747191,0.44,LIBERADA,200
2026-09-16T18:00:11.019284+00:00,GET,/tienda1/publico/pagar.jsp,0.992300662846974,0.44,BLOQUEADA,403
2026-09-16T18:00:11.065224+00:00,POST,/tienda1/publico/caracteristicas.jsp,0.012684722056583896,0.44,LIBERADA,200
2026-09-16T18:00:11.112415+00:00,GET,/tienda1/publico/entrar.jsp,0.005588611618456756,0.44,LIBERADA,200
2026-09-16T18:00:11.158546+00:00,GET,/tienda1/publico/vaciar.jsp/4861362529278789730.bak,0.0047441258992682225,0.44,LIBERADA,200
2026-09-16T18:00:11.204833+00:00,GET,/tienda1/publico/pagar.jsp,0.9929167552164436,0.44,BLOQUEADA,403
2026-09-16T18:00:11.251344+00:00,GET,/tienda1/imagenes/3.gif,0.004971014519047503,0.44,LIBERADA,200
2026-09-16T18:00:11.299266+00:00,GET,/tienda1/miembros/imagenes/ogono.jpg,0.005090127606431494,0.44,LIBERADA,200
2026-09-16T18:00:11.346196+00:00,GET,/tienda1/miembros/index.jsp,0.005213214716543757,0.44,LIBERADA,200
2026-09-16T18:00:11.393068+00:00,POST,/tienda1/miembros/editar.jsp,0.005007725433350662,0.44,LIBERADA,200
2026-09-16T18:00:11.441078+00:00,POST,/tienda1/publico/vaciar.jsp,0.011583400139154423,0.44,LIBERADA,200
2026-09-16T18:00:11.487333+00:00,GET,/tienda1/global/titulo.jsp,0.005607892369005753,0.44,LIBERADA,200
2026-09-16T18:00:11.533363+00:00,GET,/tienda1/publico/autenticar.jsp,0.018672319703798613,0.44,LIBERADA,200
2026-09-16T18:00:11.579765+00:00,GET,/tienda1/publico/autenticar.jsp,0.01929591729636523,0.44,LIBERADA,200
2026-09-16T18:00:11.626637+00:00,GET,/tienda1/publico/miembros.jsp,0.006044286952438617,0.44,LIBERADA,200
2026-09-16T18:00:11.673182+00:00,GET,/tienda1/publico/registro.jsp,0.3695646664989336,0.44,LIBERADA,200
2026-09-16T18:00:11.721428+00:00,POST,/tienda1/publico/anadir.jsp,0.014225722076139301,0.44,LIBERADA,200
2026-09-16T18:00:11.766753+00:00,GET,/tienda1/publico/entrar.jsp,0.007977127327469023,0.44,LIBERADA,200
2026-09-16T18:00:11.812556+00:00,GET,/tienda1/publico/registro.jsp,0.24631827310776985,0.44,LIBERADA,200
2026-09-16T18:00:11.861373+00:00,GET,/tienda1/publico/carrito.jsp,0.006878572442833127,0.44,LIBERADA,200
2026-09-16T18:00:11.908231+00:00,GET,/tienda1/imagenes/1.gif,0.007063459174062855,0.44,LIBERADA,200
2026-09-16T18:00:11.954314+00:00,GET,/tienda1/publico/anadir.jsp,0.02510392791911388,0.44,LIBERADA,200
2026-09-16T18:00:12.000060+00:00,GET,/tienda1/publico/entrar.jsp,0.9972124580186428,0.44,BLOQUEADA,403
2026-09-16T18:00:12.047086+00:00,POST,/tienda1/publico/anadir.jsp,0.017441760700999915,0.44,LIBERADA,200
2026-09-16T18:00:12.094149+00:00,GET,/tienda1/publico/vaciar.jsp,0.009801165419305832,0.44,LIBERADA,200
2026-09-16T18:00:12.140916+00:00,GET,/tienda1/global/creditos.jsp,0.008092128562388976,0.44,LIBERADA,200
2026-09-16T18:00:12.187064+00:00,POST,/tienda1/miembros/editar.jsp,0.00787711665242174,0.44,LIBERADA,200
2026-09-16T18:00:12.233537+00:00,GET,/tienda1/publico/carrito.jsp,0.00855772992950207,0.44,LIBERADA,200
2026-09-16T18:00:12.280713+00:00,GET,/tienda1/publico/caracteristicas.jsp,0.011172166079152411,0.44,LIBERADA,200
2026-09-16T18:00:12.327970+00:00,GET,/tienda1/global/asf-logo-wide,0.009058194013577365,0.44,LIBERADA,200
2026-09-16T18:00:12.375830+00:00,GET,/tienda1/publico/miembros.jsp,0.00932240985140636,0.44,LIBERADA,200
2026-09-16T18:00:12.423308+00:00,POST,/tienda1/publico/entrar.jsp,0.026674042987296268,0.44,LIBERADA,200
2026-09-16T18:00:12.470239+00:00,GET,/tienda1/publico/carrito.jsp,0.009880772091978466,0.44,LIBERADA,200
2026-09-16T18:00:12.517477+00:00,GET,/tienda1/miembros/imagenes/castro.jpg,0.010175756025163617,0.44,LIBERADA,200
2026-09-16T18:00:12.564867+00:00,GET,/tienda1/miembros/editar.jsp/~,0.010481864413398047,0.44,LIBERADA,200
2026-09-16T18:00:12.611288+00:00,POST,/tienda1/publico/registro.jsp,0.00894537167894075,0.44,LIBERADA,200
2026-09-16T18:00:12.657898+00:00,POST,/tienda1/miembros/editar.jsp,0.011272715689908518,0.44,LIBERADA,200
2026-09-16T18:00:12.704986+00:00,GET,/tienda1/publico/miembros.jsp,0.011471703315030972,0.44,LIBERADA,200
2026-09-16T18:00:12.753601+00:00,POST,/tienda1/publico/entrar.jsp,0.03393152987276176,0.44,LIBERADA,200
2026-09-16T18:00:12.800730+00:00,GET,/tienda1/index.jsp,0.012196333342108814,0.44,LIBERADA,200
2026-09-16T18:00:12.847669+00:00,GET,/tienda1/miembros/imagenes/zarauz.jpg,0.012579733026960844,0.44,LIBERADA,200
2026-09-16T18:00:12.893669+00:00,POST,/tienda1/publico/autenticar.jsp,0.034082520975398635,0.44,LIBERADA,200
2026-09-16T18:00:12.940775+00:00,GET,/tienda1/global/estilos.css,0.013391722118964937,0.44,LIBERADA,200
2026-09-16T18:00:12.987165+00:00,GET,/tienda1/global/creditos.jsp,0.013821599864289043,0.44,LIBERADA,200
2026-09-16T18:00:13.033146+00:00,POST,/tienda1/miembros/editar.jsp,0.012501034579117458,0.44,LIBERADA,200
2026-09-16T18:00:13.078995+00:00,GET,/tienda1/publico/vaciar.jsp,0.018790094059699936,0.44,LIBERADA,200
2026-09-16T18:00:13.125615+00:00,POST,/tienda1/publico/vaciar.jsp,0.05212227216474425,0.44,LIBERADA,200
2026-09-16T18:00:13.173341+00:00,GET,/tienda1/imagenes/nuestratierra.jpg,0.015716718309333876,0.44,LIBERADA,200
2026-09-16T18:00:13.219823+00:00,GET,/_vti_bin/,0.016238223781284943,0.44,LIBERADA,200
2026-09-16T18:00:13.266548+00:00,GET,/tienda1/publico/carrito.jsp,0.016780466842316887,0.44,LIBERADA,200
2026-09-16T18:00:13.313710+00:00,GET,/tienda1/publico/pagar.jsp,0.9965435811535865,0.44,BLOQUEADA,403
2026-09-16T18:00:13.361097+00:00,GET,/webapp/examples/HelloPervasive,0.017930748989965117,0.44,LIBERADA,200
2026-09-16T18:00:13.407514+00:00,GET,/tienda1/index.jsp,0.01854067646242349,0.44,LIBERADA,200
2026-09-16T18:00:13.453878+00:00,POST,/tienda1/publico/pagar.jsp,0.9967293275410204,0.44,BLOQUEADA,403
2026-09-16T18:00:13.500456+00:00,POST,/tienda1/publico/vaciar.jsp,0.07840346417322765,0.44,LIBERADA,200
2026-09-16T18:00:13.546495+00:00,GET,/tienda1/publico/caracteristicas.jsp,0.9984354145732447,0.44,BLOQUEADA,403
2026-09-16T18:00:13.592982+00:00,GET,/tienda1/miembros/fotos.jsp,0.021236261899827108,0.44,LIBERADA,200
2026-09-16T18:00:13.638349+00:00,GET,/tienda1/publico/caracteristicas.jsp,0.029115781971055094,0.44,LIBERADA,200
2026-09-16T18:00:13.685552+00:00,GET,/tienda1/publico/registro.jsp,0.7892122088287036,0.44,BLOQUEADA,403
2026-09-16T18:00:13.733402+00:00,GET,/tienda1/publico/registro.jsp,0.7313594744397532,0.44,BLOQUEADA,403
2026-09-16T18:00:13.783404+00:00,GET,/IISSamples/sdk/asp/database/Update_VBScript.asp,0.024396535261478895,0.44,LIBERADA,200
2026-09-16T18:00:13.829762+00:00,GET,/tienda1/publico/productos.jsp,0.025268775738350416,0.44,LIBERADA,200
2026-09-16T18:00:13.876922+00:00,POST,/tienda1/publico/autenticar.jsp,0.07634209044758138,0.44,LIBERADA,200
2026-09-16T18:00:13.923708+00:00,POST,/tienda1/publico/anadir.jsp,0.07365753847140032,0.44,LIBERADA,200
2026-09-16T18:00:13.969795+00:00,GET,/tienda1/publico/entrar.jsp,0.03581657198258719,0.44,LIBERADA,200
2026-09-16T18:00:14.016467+00:00,GET,/tienda1/publico/registro.jsp,0.7106381458145021,0.44,BLOQUEADA,403
2026-09-16T18:00:14.065011+00:00,GET,/tienda1/miembros/imagenes/zarauz.jpg,0.030196340852357784,0.44,LIBERADA,200
2026-09-16T18:00:14.111493+00:00,POST,/tienda1/publico/autenticar.jsp,0.08575131648849225,0.44,LIBERADA,200
2026-09-16T18:00:14.157822+00:00,POST,/tienda1/publico/caracteristicas.jsp,0.14040181714161828,0.44,LIBERADA,200
2026-09-16T18:00:14.204618+00:00,GET,/tienda1/global/creditos.jsp,0.0336658760219811,0.44,LIBERADA,200
2026-09-16T18:00:14.250980+00:00,POST,/tienda1/publico/anadir.jsp,0.09848870526001752,0.44,LIBERADA,200
2026-09-16T18:00:14.297161+00:00,POST,/tienda1/publico/pagar.jsp,0.9974996212309961,0.44,BLOQUEADA,403
2026-09-16T18:00:14.344259+00:00,POST,/tienda1/publico/entrar.jsp,0.12222299449179652,0.44,LIBERADA,200
2026-09-16T18:00:14.390806+00:00,POST,/tienda1/publico/anadir.jsp,0.10591836750643042,0.44,LIBERADA,200
2026-09-16T18:00:14.440252+00:00,GET,/tienda1/publico/caracteristicas.jsp,0.05457142368492861,0.44,LIBERADA,200
2026-09-16T18:00:14.488067+00:00,GET,/tienda1/publico/registro.jsp,0.7916123797675163,0.44,BLOQUEADA,403
2026-09-16T18:00:14.542566+00:00,GET,/tienda1/publico/miembros.jsp,0.04359630480687008,0.44,LIBERADA,200
2026-09-16T18:00:14.590059+00:00,POST,/tienda1/publico/autenticar.jsp,0.13239707943772835,0.44,LIBERADA,200
2026-09-16T18:00:14.636827+00:00,GET,/tienda1/asf-logo-wide.gif,0.046986259275416185,0.44,LIBERADA,200
2026-09-16T18:00:14.685532+00:00,GET,/tienda1/publico/productos.jsp,0.04878584744817122,0.44,LIBERADA,200
2026-09-16T18:00:14.732320+00:00,GET,/tienda1/index.jsp,0.0506588017018712,0.44,LIBERADA,200
2026-09-16T18:00:14.780619+00:00,POST,/tienda1/publico/vaciar.jsp,0.19106145924865098,0.44,LIBERADA,200
2026-09-16T18:00:14.829194+00:00,GET,/tienda1/imagenes/1.gif,0.054636167735109376,0.44,LIBERADA,200
2026-09-16T18:00:14.875867+00:00,GET,/tienda1/imagenes/3.gif,0.05674645881520304,0.44,LIBERADA,200
2026-09-16T18:00:14.923940+00:00,GET,/tienda1/publico/autenticar.jsp,0.5079169608671631,0.44,BLOQUEADA,403
2026-09-16T18:00:14.970662+00:00,GET,/tienda1/miembros/editar.jsp,0.94199838309045,0.44,BLOQUEADA,403
2026-09-16T18:00:15.020793+00:00,GET,/tienda1/publico/registro.jsp,0.8590558098437133,0.44,BLOQUEADA,403
2026-09-16T18:00:15.070486+00:00,GET,/tienda1/publico/caracteristicas.jsp,0.08975569731906104,0.44,LIBERADA,200
2026-09-16T18:00:15.117376+00:00,GET,/tienda1/publico/registro.jsp,0.9037733312940929,0.44,BLOQUEADA,403
2026-09-16T18:00:15.166323+00:00,POST,/tienda1/publico/autenticar.jsp,0.2101723686974375,0.44,LIBERADA,200
2026-09-16T18:00:15.213287+00:00,GET,/tienda1/publico/caracteristicas.jsp,0.10042979979104485,0.44,LIBERADA,200
2026-09-16T18:00:15.259647+00:00,GET,/tienda1/publico/vaciar.jsp,0.9986061307243973,0.44,BLOQUEADA,403
2026-09-16T18:00:15.305839+00:00,GET,/tienda1/publico/registro.jsp,0.91712311149499,0.44,BLOQUEADA,403
2026-09-16T18:00:15.354531+00:00,POST,/tienda1/publico/anadir.jsp,0.22103121619130556,0.44,LIBERADA,200
2026-09-16T18:00:15.400286+00:00,POST,/tienda1/publico/registro.jsp,0.07656055753693969,0.44,LIBERADA,200
2026-09-16T18:00:15.447337+00:00,GET,/tienda1/publico/vaciar.jsp,0.11187820324630826,0.44,LIBERADA,200
2026-09-16T18:00:15.493798+00:00,GET,/tienda1/publico/caracteristicas.jsp,0.12598176786675305,0.44,LIBERADA,200
2026-09-16T18:00:15.539972+00:00,GET,/tienda1/global/creditos.jsp,0.0967469742382732,0.44,LIBERADA,200
2026-09-16T18:00:15.586800+00:00,GET,/asf-logo-wide.gif/,0.10049234303622212,0.44,LIBERADA,200
2026-09-16T18:00:15.632808+00:00,GET,/tienda1/publico/anadir.jsp,0.3928869551996935,0.44,LIBERADA,200
2026-09-16T18:00:15.679761+00:00,GET,/tienda1/publico/registro.jsp,0.9993740549641785,0.44,BLOQUEADA,403
2026-09-16T18:00:15.728337+00:00,POST,/tienda1/publico/registro.jsp,0.10555557366917273,0.44,LIBERADA,200
2026-09-16T18:00:15.775215+00:00,GET,/tienda1/global/menum.jsp,0.11689193914848656,0.44,LIBERADA,200
2026-09-16T18:00:15.822411+00:00,GET,/tienda1/global/titulo.jsp,0.1213646753198496,0.44,LIBERADA,200
2026-09-16T18:00:15.868782+00:00,GET,/tienda1/miembros/editar.jsp,0.9469148546985494,0.44,BLOQUEADA,403
2026-09-16T18:00:15.920533+00:00,POST,/tienda1/publico/registro.jsp,0.11045589358026307,0.44,LIBERADA,200
2026-09-16T18:00:15.969834+00:00,GET,/tienda1/publico/entrar.jsp/4861362529278789730.inc,0.13573395441237812,0.44,LIBERADA,200
2026-09-16T18:00:16.017519+00:00,GET,/tienda1/index.jsp,0.1408517295727413,0.44,LIBERADA,200
2026-09-16T18:00:16.064326+00:00,POST,/tienda1/publico/vaciar.jsp,0.4376957611361261,0.44,LIBERADA,200
2026-09-16T18:00:16.111537+00:00,GET,/tienda1/publico/registro.jsp,0.9557637966063535,0.44,BLOQUEADA,403
2026-09-16T18:00:16.160688+00:00,GET,/tienda1/publico/pagar.jsp,0.9985957848716638,0.44,BLOQUEADA,403
2026-09-16T18:00:16.207064+00:00,GET,/tienda1/miembros/salir.jsp,0.1630421343281451,0.44,LIBERADA,200
2026-09-16T18:00:16.253406+00:00,POST,/tienda1/publico/anadir.jsp,0.39325261486674595,0.44,LIBERADA,200
2026-09-16T18:00:16.300164+00:00,GET,/tienda1/imagenes/logo.gif/,0.1752038682652889,0.44,LIBERADA,200
2026-09-16T18:00:16.346535+00:00,GET,/tienda1/miembros/imagenes/zarauz.jpg,0.1815584458341589,0.44,LIBERADA,200
2026-09-16T18:00:16.393040+00:00,POST,/tienda1/publico/registro.jsp,0.15895565962208552,0.44,LIBERADA,200
2026-09-16T18:00:16.439024+00:00,POST,/tienda1/publico/anadir.jsp,0.44500068646898155,0.44,BLOQUEADA,403
2026-09-16T18:00:16.485729+00:00,GET,/tienda1/publico/carrito.jsp,0.20173270875674043,0.44,LIBERADA,200
2026-09-16T18:00:16.532359+00:00,GET,/tienda1/publico/carrito.jsp,0.2088300441896368,0.44,LIBERADA,200
2026-09-16T18:00:16.579305+00:00,POST,/tienda1/publico/registro.jsp,0.1825313629442972,0.44,LIBERADA,200
2026-09-16T18:00:16.625319+00:00,GET,/tienda1/index.jsp,0.2235839927607742,0.44,LIBERADA,200
2026-09-16T18:00:16.672026+00:00,GET,/tienda1/publico/productos.jsp,0.23123932070282704,0.44,LIBERADA,200
2026-09-16T18:00:16.718466+00:00,GET,/tienda1/publico/caracteristicas.jsp,0.3095257770633417,0.44,LIBERADA,200
2026-09-16T18:00:16.764482+00:00,POST,/tienda1/publico/anadir.jsp,0.5230174691960311,0.44,BLOQUEADA,403
2026-09-16T18:00:16.811345+00:00,GET,/tienda1/publico/pagar.jsp,0.9986247199329251,0.44,BLOQUEADA,403
2026-09-16T18:00:16.858802+00:00,POST,/tienda1/publico/registro.jsp,0.2747981276324064,0.44,LIBERADA,200
2026-09-16T18:00:16.905795+00:00,GET,/tienda1/global/estilos.css,0.2722334728993565,0.44,LIBERADA,200
2026-09-16T18:00:16.952447+00:00,GET,/tienda1/publico/registro.jsp,0.9994876529822047,0.44,BLOQUEADA,403
2026-09-16T18:00:17.001512+00:00,GET,/tienda1/index.jsp,0.28984619927312877,0.44,LIBERADA,200
2026-09-16T18:00:17.049464+00:00,GET,/tienda1/miembros/imagenes/castro.jpg,0.298897073315152,0.44,LIBERADA,200
2026-09-16T18:00:17.097281+00:00,GET,/IISSamples/sdk/asp/applications/Session_VBScript.asp,0.30810415090231746,0.44,LIBERADA,200
2026-09-16T18:00:17.145972+00:00,GET,/tienda1/publico/vaciar.jsp,0.39831123078290526,0.44,LIBERADA,200
2026-09-16T18:00:17.193914+00:00,GET,/tienda1/index.jsp,0.32696349793924717,0.44,LIBERADA,200
2026-09-16T18:00:17.241235+00:00,POST,/tienda1/publico/registro.jsp,0.2726792610520723,0.44,LIBERADA,200
2026-09-16T18:00:17.287650+00:00,GET,/tienda1/global/titulo.jsp,0.3463725327883008,0.44,LIBERADA,200
2026-09-16T18:00:17.334283+00:00,POST,/tienda1/publico/autenticar.jsp,0.9987413753860523,0.44,BLOQUEADA,403
2026-09-16T18:00:17.381306+00:00,GET,/tienda1/publico/autenticar.jsp,0.9462800318547153,0.44,BLOQUEADA,403
2026-09-16T18:00:17.429215+00:00,GET,/tienda1/miembros/imagenes/ogono.jpg,0.3763854121907333,0.44,LIBERADA,200
2026-09-16T18:00:17.477117+00:00,POST,/tienda1/publico/registro.jsp,0.9983262168708921,0.44,BLOQUEADA,403
2026-09-16T18:00:17.524306+00:00,POST,/tienda1/publico/autenticar.jsp,0.998784249112279,0.44,BLOQUEADA,403
2026-09-16T18:00:17.571126+00:00,POST,/tienda1/publico/pagar.jsp,0.9988001523258708,0.44,BLOQUEADA,403
2026-09-16T18:00:17.619075+00:00,GET,/tienda1/miembros/editar.jsp,0.9803626847903616,0.44,BLOQUEADA,403
2026-09-16T18:00:17.667459+00:00,GET,/tienda1/miembros/imagenes/castro.jpg,0.4282245604134332,0.44,LIBERADA,200
2026-09-16T18:00:17.714802+00:00,GET,/tienda1/miembros/editar.jsp,0.9858189312672433,0.44,BLOQUEADA,403
2026-09-16T18:00:17.763831+00:00,GET,/tienda1/publico/vaciar.jsp,0.5189000996374472,0.44,BLOQUEADA,403
2026-09-16T18:00:17.810345+00:00,POST,/tienda1/publico/anadir.jsp,0.7338030327162944,0.44,BLOQUEADA,403
2026-09-16T18:00:17.856457+00:00,POST,/tienda1/publico/vaciar.jsp,0.7914760132540491,0.44,BLOQUEADA,403
2026-09-16T18:00:17.902308+00:00,POST,/tienda1/publico/entrar.jsp,0.7749730816851621,0.44,BLOQUEADA,403
2026-09-16T18:00:17.948560+00:00,GET,/tienda1/publico/anadir.jsp,0.8840911483627003,0.44,BLOQUEADA,403
2026-09-16T18:00:17.994583+00:00,GET,/tienda1/global/titulo.jsp,0.5025387366459317,0.44,BLOQUEADA,403
2026-09-16T18:00:18.040583+00:00,GET,/tienda1/miembros/imagenes/ogono.jpg,0.5131395784214435,0.44,BLOQUEADA,403
2026-09-16T18:00:18.086661+00:00,GET,/iisstart.asp,0.5237052630888374,0.44,BLOQUEADA,403
2026-09-16T18:00:18.132540+00:00,GET,/tienda1/miembros/imagenes/ogono.jpg,0.5342256943789143,0.44,BLOQUEADA,403
2026-09-16T18:00:18.179744+00:00,GET,/tienda1/publico/pagar.jsp,0.9989290026363842,0.44,BLOQUEADA,403
2026-09-16T18:00:18.225752+00:00,GET,/tienda1/imagenes/logo.gif,0.5550915565508863,0.44,BLOQUEADA,403
2026-09-16T18:00:18.272087+00:00,POST,/tienda1/miembros/editar.jsp,0.5671229617049819,0.44,BLOQUEADA,403
2026-09-16T18:00:18.319026+00:00,POST,/tienda1/publico/vaciar.jsp,0.8477574159344634,0.44,BLOQUEADA,403
2026-09-16T18:00:18.365549+00:00,GET,/tienda1/publico/vaciar.jsp,0.6647055137691595,0.44,BLOQUEADA,403
2026-09-16T18:00:18.412238+00:00,GET,/tienda1/imagenes/nuestratierra.jpg.BAK,0.5958648946025242,0.44,BLOQUEADA,403
2026-09-16T18:00:18.459635+00:00,GET,/tienda1/imagenes/3.gif,0.6058087632307178,0.44,BLOQUEADA,403
2026-09-16T18:00:18.507435+00:00,GET,/tienda1/publico/carrito.jsp,0.6156373339351634,0.44,BLOQUEADA,403
2026-09-16T18:00:18.554560+00:00,GET,/tienda1/miembros/editar.jsp,0.9892608151179815,0.44,BLOQUEADA,403
2026-09-16T18:00:18.603063+00:00,GET,/tienda1/miembros/editar.jsp,0.9895571720871094,0.44,BLOQUEADA,403
2026-09-16T18:00:18.653780+00:00,GET,/tienda1/publico/autenticar.jsp,0.9067755031798747,0.44,BLOQUEADA,403
2026-09-16T18:00:18.699868+00:00,GET,/tienda1/imagenes/logo.gif,0.6536653017296757,0.44,BLOQUEADA,403
2026-09-16T18:00:18.746471+00:00,POST,/tienda1/publico/pagar.jsp,0.9989792320752394,0.44,BLOQUEADA,403
2026-09-16T18:00:18.792559+00:00,GET,/tienda1/miembros/editar.jsp,0.9906433010805297,0.44,BLOQUEADA,403
2026-09-16T18:00:18.842201+00:00,GET,/tienda1/publico/productos.jsp,0.6806781878296925,0.44,BLOQUEADA,403
2026-09-16T18:00:18.889965+00:00,GET,/tienda1/imagenes/2.gif,0.6893708896228306,0.44,BLOQUEADA,403
2026-09-16T18:00:18.937032+00:00,GET,/servlet/ErrorReporter,0.6979019454743761,0.44,BLOQUEADA,403
2026-09-16T18:00:18.983957+00:00,POST,/tienda1/publico/pagar.jsp,0.9989665749832656,0.44,BLOQUEADA,403
2026-09-16T18:00:19.030630+00:00,GET,/tienda1/imagenes/nuestratierra.jpg,0.7144682627421499,0.44,BLOQUEADA,403
2026-09-16T18:00:19.077927+00:00,GET,/tienda1/miembros/editar.jsp/asf-logo-wide.gif.OLD,0.7224991895707564,0.44,BLOQUEADA,403
2026-09-16T18:00:19.125334+00:00,GET,/tienda1/publico/entrar.jsp,0.7904456281584321,0.44,BLOQUEADA,403
2026-09-16T18:00:19.172554+00:00,GET,/tienda1/imagenes/nuestratierra.jpg,0.7380488824399991,0.44,BLOQUEADA,403
2026-09-16T18:00:19.220035+00:00,GET,/tienda1/miembros/index.jsp,0.7455657607197417,0.44,BLOQUEADA,403
2026-09-16T18:00:19.267052+00:00,GET,/tienda1/publico/caracteristicas.jsp,0.8092275756372547,0.44,BLOQUEADA,403
2026-09-16T18:00:19.313882+00:00,GET,/tienda1/global/titulo.jsp,0.7600816347970554,0.44,BLOQUEADA,403
2026-09-16T18:00:19.360916+00:00,POST,/tienda1/publico/vaciar.jsp,0.9991029505459185,0.44,BLOQUEADA,403
2026-09-16T18:00:19.407458+00:00,POST,/tienda1/publico/anadir.jsp,0.9988360892607302,0.44,BLOQUEADA,403
2026-09-16T18:00:19.453567+00:00,POST,/tienda1/publico/caracteristicas.jsp,0.9343655817673185,0.44,BLOQUEADA,403
2026-09-16T18:00:19.500039+00:00,GET,/tienda1/publico/pagar.jsp,0.9991541950673511,0.44,BLOQUEADA,403
2026-09-16T18:00:19.545941+00:00,POST,/tienda1/publico/caracteristicas.jsp,0.9415846499460929,0.44,BLOQUEADA,403
2026-09-16T18:00:19.593497+00:00,GET,/tienda1/publico/miembros.jsp,0.7995225157591899,0.44,BLOQUEADA,403
2026-09-16T18:00:19.639645+00:00,GET,/tienda1/publico/entrar.jsp,0.8524933427191346,0.44,BLOQUEADA,403
2026-09-16T18:00:19.686045+00:00,GET,/tienda1/global/menum.jsp,0.8113341522579897,0.44,BLOQUEADA,403
2026-09-16T18:00:19.733034+00:00,GET,/tienda1/publico/entrar.jsp,0.8617481954523736,0.44,BLOQUEADA,403
2026-09-16T18:00:19.779697+00:00,POST,/tienda1/publico/anadir.jsp,0.9258085397374122,0.44,BLOQUEADA,403
2026-09-16T18:00:19.825236+00:00,GET,/tienda1/publico/pagar.jsp,0.9991892076327689,0.44,BLOQUEADA,403
2026-09-16T18:00:19.871698+00:00,GET,/tienda1/publico/autenticar.jsp,0.9618852285000062,0.44,BLOQUEADA,403
2026-09-16T18:00:19.919160+00:00,POST,/tienda1/miembros/editar.jsp,0.8231999756797872,0.44,BLOQUEADA,403
2026-09-16T18:00:19.965748+00:00,POST,/tienda1/publico/vaciar.jsp,0.9482159789334469,0.44,BLOQUEADA,403
2026-09-16T18:00:20.012345+00:00,GET,/tienda1/publico/registro.jsp,0.9950320242775423,0.44,BLOQUEADA,403
2026-09-16T18:00:20.061220+00:00,GET,/tienda1/miembros/imagenes/castro.jpg,0.8523674219380132,0.44,BLOQUEADA,403
2026-09-16T18:00:20.107486+00:00,GET,/tienda1/publico/registro.jsp,0.9952416510047444,0.44,BLOQUEADA,403
2026-09-16T18:00:20.158218+00:00,GET,/asf-logo-wide.gif/~,0.8611833040369938,0.44,BLOQUEADA,403
2026-09-16T18:00:20.205237+00:00,GET,/iissamples/ExAir/HowToReachUs.asp,0.8653914862312821,0.44,BLOQUEADA,403
2026-09-16T18:00:20.252182+00:00,GET,/tienda1/miembros/imagenes/zarauz.jpg,0.8694706850889202,0.44,BLOQUEADA,403
2026-09-16T18:00:20.298221+00:00,GET,/ws-client/loanCalculation.jsp,0.8734240590172095,0.44,BLOQUEADA,403
2026-09-16T18:00:20.345658+00:00,GET,/tienda1/publico/autenticar.jsp,0.970134983082949,0.44,BLOQUEADA,403
2026-09-16T18:00:20.392010+00:00,GET,/tienda1/publico/caracteristicas.jsp,0.9094682201134471,0.44,BLOQUEADA,403
2026-09-16T18:00:20.439085+00:00,GET,/tienda1/global/creditos.jsp,0.8845608055629289,0.44,BLOQUEADA,403
2026-09-16T18:00:20.485840+00:00,GET,/tienda1/publico/anadir.jsp,0.9789976680300174,0.44,BLOQUEADA,403
2026-09-16T18:00:20.532048+00:00,POST,/tienda1/publico/caracteristicas.jsp,0.9992131593376388,0.44,BLOQUEADA,403
2026-09-16T18:00:20.578020+00:00,POST,/tienda1/publico/autenticar.jsp,0.9583159102196892,0.44,BLOQUEADA,403
2026-09-16T18:00:20.624289+00:00,GET,/tienda1/publico/entrar.jsp,0.9246667066292085,0.44,BLOQUEADA,403
2026-09-16T18:00:20.671197+00:00,GET,/tienda1/publico/vaciar.jsp,0.97888941565484,0.44,BLOQUEADA,403
2026-09-16T18:00:20.717445+00:00,GET,/tienda1/imagenes/1.gif,0.9038589252388292,0.44,BLOQUEADA,403
2026-09-16T18:00:20.763658+00:00,GET,/tienda1.INC,0.9067248497948939,0.44,BLOQUEADA,403
2026-09-16T18:00:20.810541+00:00,GET,/tienda1/miembros/imagenes/ogono.jpg,0.9094984042293514,0.44,BLOQUEADA,403
2026-09-16T18:00:20.856680+00:00,GET,/tienda1/miembros/imagenes/zarauz.jpg,0.9121823824392906,0.44,BLOQUEADA,403
2026-09-16T18:00:20.903406+00:00,GET,/tienda1/publico/entrar.jsp,0.9373503696251307,0.44,BLOQUEADA,403
2026-09-16T18:00:20.949515+00:00,POST,/tienda1/publico/registro.jsp,0.910508863632677,0.44,BLOQUEADA,403
2026-09-16T18:00:20.996416+00:00,GET,/tienda1/publico/carrito.jsp/asf-logo-wide.gif/,0.919723959176934,0.44,BLOQUEADA,403
2026-09-16T18:00:21.042763+00:00,GET,/tienda1/imagenes/1.gif/asf-logo-wide.gif/,0.922076441170033,0.44,BLOQUEADA,403
2026-09-16T18:00:21.090178+00:00,POST,/tienda1/publico/entrar.jsp,0.9708929438184288,0.44,BLOQUEADA,403
2026-09-16T18:00:21.136855+00:00,GET,/tienda1/imagenes/logo.gif,0.9265544468905784,0.44,BLOQUEADA,403
2026-09-16T18:00:21.183916+00:00,GET,/tienda1/miembros/index.jsp,0.9286847926908343,0.44,BLOQUEADA,403
2026-09-16T18:00:21.230303+00:00,GET,/tienda1/publico/caracteristicas.jsp,0.9515251655433791,0.44,BLOQUEADA,403
2026-09-16T18:00:21.278023+00:00,POST,/tienda1/miembros/editar.jsp,0.9991449477333482,0.44,BLOQUEADA,403
2026-09-16T18:00:21.324221+00:00,GET,/tienda1/publico/caracteristicas.jsp,0.9994685490353945,0.44,BLOQUEADA,403
2026-09-16T18:00:21.370813+00:00,GET,/tienda1/publico/carrito.jsp,0.9365351798154926,0.44,BLOQUEADA,403
2026-09-16T18:00:21.417205+00:00,POST,/tienda1/publico/vaciar.jsp,0.9775891730178756,0.44,BLOQUEADA,403
2026-09-16T18:00:21.464171+00:00,GET,/tienda1/publico/pagar.jsp,0.9992689528753896,0.44,BLOQUEADA,403
2026-09-16T18:00:21.510885+00:00,GET,/tienda1/4861362529278789730,0.9417782050660217,0.44,BLOQUEADA,403
2026-09-16T18:00:21.557513+00:00,GET,/tienda1/imagenes/3.gif,0.9434137335846562,0.44,BLOQUEADA,403
2026-09-16T18:00:21.604165+00:00,POST,/tienda1/publico/registro.jsp,0.9448001463522961,0.44,BLOQUEADA,403
2026-09-16T18:00:21.651696+00:00,GET,/tienda1/miembros/index.jsp/.OLD,0.9465276929182881,0.44,BLOQUEADA,403
2026-09-16T18:00:21.699862+00:00,GET,/tienda1/miembros/editar.jsp,0.997451784317922,0.44,BLOQUEADA,403
2026-09-16T18:00:21.750832+00:00,GET,/tienda1/publico/caracteristicas.jsp,0.960967613714477,0.44,BLOQUEADA,403
2026-09-16T18:00:21.798276+00:00,GET,/tienda1/global/estilos.css,0.9508318022203233,0.44,BLOQUEADA,403
2026-09-16T18:00:21.844236+00:00,GET,/tienda1/asf-logo-wide,0.9521752176117986,0.44,BLOQUEADA,403
2026-09-16T18:00:21.890502+00:00,GET,/tienda1/miembros/salir.jsp,0.9534755597868481,0.44,BLOQUEADA,403
2026-09-16T18:00:21.936732+00:00,GET,/tienda1/index.jsp,0.9547342960137442,0.44,BLOQUEADA,403
2026-09-16T18:00:21.983348+00:00,POST,/tienda1/publico/pagar.jsp,0.9992996557300815,0.44,BLOQUEADA,403
2026-09-16T18:00:22.029960+00:00,GET,/tienda1/publico/pagar.jsp,0.9993366700642582,0.44,BLOQUEADA,403
2026-09-16T18:00:22.076695+00:00,POST,/tienda1/publico/caracteristicas.jsp,0.9848762205245073,0.44,BLOQUEADA,403
2026-09-16T18:00:22.122921+00:00,GET,/tienda1/miembros/imagenes/ogono.jpg,0.9593808607134516,0.44,BLOQUEADA,403
2026-09-16T18:00:22.169910+00:00,GET,/tienda1/miembros/index.jsp,0.9604519276219368,0.44,BLOQUEADA,403
2026-09-16T18:00:22.216524+00:00,POST,/tienda1/publico/pagar.jsp,0.9993135965740818,0.44,BLOQUEADA,403
2026-09-16T18:00:22.263141+00:00,GET,/tienda1/miembros/editar.jsp,0.998112810170613,0.44,BLOQUEADA,403
2026-09-16T18:00:22.312787+00:00,POST,/tienda1/publico/entrar.jsp,0.9844898965057107,0.44,BLOQUEADA,403
2026-09-16T18:00:22.360436+00:00,GET,/admin/login.do,0.9644098079432604,0.44,BLOQUEADA,403
2026-09-16T18:00:22.408204+00:00,GET,/tienda1/publico/anadir.jsp,0.9920422113746155,0.44,BLOQUEADA,403
2026-09-16T18:00:22.455625+00:00,GET,/tienda1/miembros/editar.jsp,0.9987943500985474,0.44,BLOQUEADA,403
2026-09-16T18:00:22.506849+00:00,GET,/tienda1/imagenes/2.gif,0.9670656934190794,0.44,BLOQUEADA,403
2026-09-16T18:00:22.554359+00:00,GET,/tienda1/global/4861362529278789730,0.9678967697517268,0.44,BLOQUEADA,403
2026-09-16T18:00:22.601841+00:00,GET,/tienda1/miembros/salir.jsp,0.9687022672562735,0.44,BLOQUEADA,403
2026-09-16T18:00:22.648567+00:00,GET,/msadc/msadcs.dll,0.9694830561080694,0.44,BLOQUEADA,403
2026-09-16T18:00:22.696651+00:00,GET,/6909030637832563290.jsp,0.9702399758452992,0.44,BLOQUEADA,403
2026-09-16T18:00:22.744697+00:00,POST,/tienda1/publico/anadir.jsp,0.9991731521443017,0.44,BLOQUEADA,403
2026-09-16T18:00:22.791828+00:00,GET,/tienda1.Bak,0.971685419058535,0.44,BLOQUEADA,403
2026-09-16T18:00:22.838629+00:00,GET,/tienda1/miembros/fotos.jsp,0.9723754775082792,0.44,BLOQUEADA,403
2026-09-16T18:00:22.885692+00:00,POST,/tienda1/publico/anadir.jsp,0.9871820270848909,0.44,BLOQUEADA,403
2026-09-16T18:00:22.933292+00:00,POST,/tienda1/publico/entrar.jsp,0.9848835727948019,0.44,BLOQUEADA,403
2026-09-16T18:00:22.979892+00:00,GET,/tienda1/miembros/editar.jsp,0.9995546388470506,0.44,BLOQUEADA,403
2026-09-16T18:00:23.028802+00:00,GET,/tienda1/publico/anadir.jsp,0.9925448523916797,0.44,BLOQUEADA,403
2026-09-16T18:00:23.075376+00:00,GET,/tienda1/publico/vaciar.jsp,0.9829457030823295,0.44,BLOQUEADA,403
2026-09-16T18:00:23.122421+00:00,GET,/tienda1/imagenes/logo.gif,0.9761027746498543,0.44,BLOQUEADA,403
2026-09-16T18:00:23.170458+00:00,POST,/tienda1/publico/pagar.jsp,0.9993625892775111,0.44,BLOQUEADA,403
2026-09-16T18:00:23.217460+00:00,POST,/tienda1/publico/pagar.jsp,0.999362747892649,0.44,BLOQUEADA,403
2026-09-16T18:00:23.264273+00:00,GET,/tienda1/miembros/editar.jsp,0.9983629742086105,0.44,BLOQUEADA,403
2026-09-16T18:00:23.312609+00:00,POST,/tienda1/publico/registro.jsp,0.9782671074539798,0.44,BLOQUEADA,403
2026-09-16T18:00:23.361078+00:00,GET,/tienda1/publico/pagar.jsp,0.9993700887728609,0.44,BLOQUEADA,403
2026-09-16T18:00:23.408570+00:00,GET,/tienda1/publico/pagar.jsp,0.9995437690497792,0.44,BLOQUEADA,403
2026-09-16T18:00:23.455306+00:00,GET,/tienda1/publico/anadir.jsp,0.9937039071860482,0.44,BLOQUEADA,403
2026-09-16T18:00:23.500844+00:00,GET,/tienda1/miembros/editar.jsp,0.9984518050789887,0.44,BLOQUEADA,403
2026-09-16T18:00:23.550455+00:00,GET,/tienda1/imagenes/3.gif,0.980581647436261,0.44,BLOQUEADA,403
2026-09-16T18:00:23.597174+00:00,GET,/tienda1/publico/4861362529278789730.bak,0.9810106265283517,0.44,BLOQUEADA,403
2026-09-16T18:00:23.643561+00:00,POST,/tienda1/publico/anadir.jsp,0.9910703076726392,0.44,BLOQUEADA,403
2026-09-16T18:00:23.690314+00:00,GET,/tienda1/publico/anadir.jsp,0.9951387413718199,0.44,BLOQUEADA,403
2026-09-16T18:00:23.736816+00:00,GET,/tienda1/publico/anadir.jsp~,0.9822263806633476,0.44,BLOQUEADA,403
2026-09-16T18:00:23.783078+00:00,GET,/tienda1/miembros/imagenes/castro.jpg,0.9826091699638672,0.44,BLOQUEADA,403
2026-09-16T18:00:23.829429+00:00,GET,/tienda1/publico/anadir.jsp,0.9945460523689554,0.44,BLOQUEADA,403
2026-09-16T18:00:23.875216+00:00,GET,/tienda1/publico/vaciar.jsp,0.9870591672550134,0.44,BLOQUEADA,403
2026-09-16T18:00:23.921374+00:00,POST,/tienda1/publico/autenticar.jsp,0.9890227517132242,0.44,BLOQUEADA,403
2026-09-16T18:00:23.967951+00:00,GET,/tienda1/publico/entrar.jsp,0.9881667871902376,0.44,BLOQUEADA,403
2026-09-16T18:00:24.014233+00:00,GET,/tienda1/imagenes/logo.gif,0.9843702869012653,0.44,BLOQUEADA,403
2026-09-16T18:00:24.062195+00:00,POST,/tienda1/miembros/editar.jsp,0.9845997791057195,0.44,BLOQUEADA,403
2026-09-16T18:00:24.111157+00:00,POST,/tienda1/publico/pagar.jsp,0.9994043113232801,0.44,BLOQUEADA,403
2026-09-16T18:00:24.157444+00:00,GET,/tienda1/publico/productos.jsp,0.9853159380057742,0.44,BLOQUEADA,403
2026-09-16T18:00:24.203512+00:00,POST,/tienda1/publico/entrar.jsp,0.9928766640871455,0.44,BLOQUEADA,403
2026-09-16T18:00:24.249838+00:00,GET,/tienda1/publico/entrar.jsp,0.9895492046227633,0.44,BLOQUEADA,403
2026-09-16T18:00:24.295976+00:00,GET,/tienda1/publico/anadir.jsp,0.995316718420326,0.44,BLOQUEADA,403
2026-09-16T18:00:24.342039+00:00,GET,/tienda1/publico/registro.jsp.bak,0.9864628840151872,0.44,BLOQUEADA,403
2026-09-16T18:00:24.388476+00:00,GET,/tienda1/miembros/imagenes/ogono.jpg,0.986730931644794,0.44,BLOQUEADA,403
2026-09-16T18:00:24.434468+00:00,GET,/tienda1/miembros/salir.jsp,0.9869919621461306,0.44,BLOQUEADA,403
2026-09-16T18:00:24.481677+00:00,POST,/tienda1/publico/anadir.jsp,0.9931905968807647,0.44,BLOQUEADA,403
2026-09-16T18:00:24.530475+00:00,GET,/tienda1/publico/vaciar.jsp,0.9902079962628938,0.44,BLOQUEADA,403
2026-09-16T18:00:24.577219+00:00,GET,/tienda1/global/titulo.jsp,0.9877350698054175,0.44,BLOQUEADA,403
2026-09-16T18:00:24.623482+00:00,POST,/tienda1/publico/registro.jsp,0.9890347131543276,0.44,BLOQUEADA,403
2026-09-16T18:00:24.672270+00:00,GET,/tienda1/publico/caracteristicas.jsp,0.9994146754189502,0.44,BLOQUEADA,403
2026-09-16T18:00:24.720961+00:00,GET,/tienda1/miembros/imagenes/ogono.jpg,0.9884223557663713,0.44,BLOQUEADA,403
2026-09-16T18:00:24.768481+00:00,GET,/tienda1/publico/productos.jsp,0.988639907918135,0.44,BLOQUEADA,403
2026-09-16T18:00:24.814843+00:00,GET,/tienda1/publico/caracteristicas.jsp,0.999474561788197,0.44,BLOQUEADA,403
2026-09-16T18:00:24.861400+00:00,GET,/tienda1/publico/anadir.jsp,0.9961507066710145,0.44,BLOQUEADA,403
2026-09-16T18:00:24.907243+00:00,POST,/tienda1/publico/caracteristicas.jsp,0.9992985217018164,0.44,BLOQUEADA,403
2026-09-16T18:00:24.954044+00:00,POST,/tienda1/publico/vaciar.jsp,0.9947502475951117,0.44,BLOQUEADA,403
2026-09-16T18:00:25.000297+00:00,GET,/tienda1/publico/pagar.jsp,0.9994460249425606,0.44,BLOQUEADA,403
2026-09-16T18:00:25.046549+00:00,GET,/_cti_pvt/writeto.cnf,0.9898355899112486,0.44,BLOQUEADA,403
2026-09-16T18:00:25.093021+00:00,GET,/tienda1/publico/carrito.jsp/4861362529278789730.Inc,0.9900180037857661,0.44,BLOQUEADA,403
2026-09-16T18:00:25.140188+00:00,POST,/tienda1/publico/autenticar.jsp,0.9948310658016177,0.44,BLOQUEADA,403
2026-09-16T18:00:25.189389+00:00,POST,/tienda1/publico/vaciar.jsp,0.9951183300180427,0.44,BLOQUEADA,403
2026-09-16T18:00:25.237321+00:00,GET,/tienda1/global/creditos.jsp,0.990539076836721,0.44,BLOQUEADA,403
2026-09-16T18:00:25.284257+00:00,POST,/tienda1/publico/registro.jsp,0.9993943841342947,0.44,BLOQUEADA,403
2026-09-16T18:00:25.331105+00:00,GET,/tienda1/publico/registro.jsp,0.9989161418016665,0.44,BLOQUEADA,403
2026-09-16T18:00:25.379533+00:00,GET,/tienda1/imagenes/1.gif,0.991023481416651,0.44,BLOQUEADA,403
2026-09-16T18:00:25.425311+00:00,GET,/tienda1/publico/productos.jsp,0.9911773385617778,0.44,BLOQUEADA,403
2026-09-16T18:00:25.472892+00:00,POST,/tienda1/publico/registro.jsp,0.9917031036018191,0.44,BLOQUEADA,403
2026-09-16T18:00:25.520102+00:00,GET,/tienda1/publico/anadir.jsp,0.9968123571338283,0.44,BLOQUEADA,403
2026-09-16T18:00:25.567999+00:00,GET,/tienda1/imagenes/logo.gif/6909030637832563290.jsp,0.991617561832433,0.44,BLOQUEADA,403
2026-09-16T18:00:25.614731+00:00,POST,/tienda1/publico/registro.jsp,0.9924407555537181,0.44,BLOQUEADA,403
2026-09-16T18:00:25.661283+00:00,GET,/tienda1/miembros/editar.jsp,0.9990391731796625,0.44,BLOQUEADA,403
2026-09-16T18:00:25.709868+00:00,GET,/asf-logo-wide,0.9920278160823796,0.44,BLOQUEADA,403
2026-09-16T18:00:25.756573+00:00,POST,/tienda1/publico/entrar.jsp,0.9956736717593193,0.44,BLOQUEADA,403
2026-09-16T18:00:25.803307+00:00,GET,/tienda1/publico/pagar.jsp,0.9994569731316209,0.44,BLOQUEADA,403
2026-09-16T18:00:25.849686+00:00,GET,/tienda1/imagenes/logo.gif,0.9924105369433636,0.44,BLOQUEADA,403
2026-09-16T18:00:25.895484+00:00,GET,/tienda1/miembros/editar.jsp,0.9995842784036397,0.44,BLOQUEADA,403
2026-09-16T18:00:25.944529+00:00,GET,/tienda1/imagenes/nuestratierra.jpg,0.9926514887261595,0.44,BLOQUEADA,403
2026-09-16T18:00:25.990342+00:00,GET,/tienda1/miembros/editar.jsp,0.999081396698102,0.44,BLOQUEADA,403
2026-09-16T18:00:26.038661+00:00,GET,/tienda1/publico/caracteristicas.jsp,0.9939968187744834,0.44,BLOQUEADA,403
2026-09-16T18:00:26.084984+00:00,GET,/tienda1/publico/carrito.jsp,0.9929931360289258,0.44,BLOQUEADA,403
2026-09-16T18:00:26.131763+00:00,POST,/tienda1/publico/entrar.jsp,0.9962221062690245,0.44,BLOQUEADA,403
2026-09-16T18:00:26.178776+00:00,POST,/tienda1/publico/anadir.jsp,0.9959801372775822,0.44,BLOQUEADA,403
2026-09-16T18:00:26.225700+00:00,GET,/samples/dbsamp/dbsamp1.htm,0.9933127115858192,0.44,BLOQUEADA,403
2026-09-16T18:00:26.272416+00:00,GET,/tienda1/global/titulo.jsp,0.9934146335838429,0.44,BLOQUEADA,403
2026-09-16T18:00:26.319120+00:00,POST,/tienda1/miembros/editar.jsp,0.992916159377388,0.44,BLOQUEADA,403
2026-09-16T18:00:26.365559+00:00,GET,/tienda1/publico/registro.jsp,0.9990690672296253,0.44,BLOQUEADA,403
2026-09-16T18:00:26.416759+00:00,GET,/tienda1/publico/pagar.jsp,0.996921414114841,0.44,BLOQUEADA,403
2026-09-16T18:00:26.475553+00:00,GET,/tienda1/publico/caracteristicas.jsp,0.9947344986096525,0.44,BLOQUEADA,403
2026-09-16T18:00:26.523916+00:00,POST,/tienda1/miembros/editar.jsp,0.9942139246696183,0.44,BLOQUEADA,403
2026-09-16T18:00:26.572829+00:00,GET,/tienda1/imagenes/cmenbul.gif,0.993981925731838,0.44,BLOQUEADA,403
2026-09-16T18:00:26.621631+00:00,GET,/tienda1/publico/vaciar.jsp,0.9951820759058918,0.44,BLOQUEADA,403
2026-09-16T18:00:26.671102+00:00,GET,/tienda1/publico/autenticar.jsp,0.9975293815406042,0.44,BLOQUEADA,403
2026-09-16T18:00:26.720475+00:00,GET,/.INC,0.994239515060477,0.44,BLOQUEADA,403
2026-09-16T18:00:26.769061+00:00,GET,/tienda1/miembros/imagenes/castro.jpg,0.9943218426524708,0.44,BLOQUEADA,403
2026-09-16T18:00:26.816819+00:00,GET,/tienda1/imagenes/cmenbul.gif,0.9944024771440261,0.44,BLOQUEADA,403
2026-09-16T18:00:26.864670+00:00,GET,/tienda1/publico/entrar.jsp,0.9957473758210982,0.44,BLOQUEADA,403
2026-09-16T18:00:26.911124+00:00,GET,/tienda1/miembros/salir.jsp,0.994558836876979,0.44,BLOQUEADA,403
2026-09-16T18:00:26.961040+00:00,GET,/tienda1/miembros/imagenes/zarauz.jpg,0.9946346440530031,0.44,BLOQUEADA,403
2026-09-16T18:00:27.009852+00:00,GET,/tienda1/publico/autenticar.jsp,0.9977280791847214,0.44,BLOQUEADA,403
2026-09-16T18:00:27.059004+00:00,POST,/tienda1/miembros/editar.jsp,0.9994631330933768,0.44,BLOQUEADA,403
2026-09-16T18:00:27.108596+00:00,GET,/tienda1/publico/registro.jsp,0.9991476948699557,0.44,BLOQUEADA,403
2026-09-16T18:00:27.160367+00:00,GET,/tienda1/miembros/editar.jsp,0.9991523639687768,0.44,BLOQUEADA,403
2026-09-16T18:00:27.209943+00:00,GET,/tienda1/publico/anadir.jsp,0.9978716029172693,0.44,BLOQUEADA,403
2026-09-16T18:00:27.256661+00:00,POST,/tienda1/publico/pagar.jsp,0.9994926314320729,0.44,BLOQUEADA,403
2026-09-16T18:00:27.303865+00:00,GET,/tienda1/publico/autenticar.jsp,0.9980602441247962,0.44,BLOQUEADA,403
2026-09-16T18:00:27.350867+00:00,GET,/tienda1/publico/registro.jsp,0.9991704092371758,0.44,BLOQUEADA,403
2026-09-16T18:00:27.399496+00:00,POST,/tienda1/publico/pagar.jsp,0.9994967865343242,0.44,BLOQUEADA,403
2026-09-16T18:00:27.445769+00:00,GET,/asf-logo-wide.gif,0.9953145449515184,0.44,BLOQUEADA,403
2026-09-16T18:00:27.492942+00:00,GET,/tienda1/imagenes/cmenbul.gif,0.995375454421526,0.44,BLOQUEADA,403
2026-09-16T18:00:27.539393+00:00,POST,/tienda1/publico/anadir.jsp,0.997111734128354,0.44,BLOQUEADA,403
2026-09-16T18:00:27.586153+00:00,GET,/tienda1/publico/autenticar.jsp,0.9980023800367568,0.44,BLOQUEADA,403
2026-09-16T18:00:27.633619+00:00,GET,/tienda1/global/titulo.jsp,0.9955513000460899,0.44,BLOQUEADA,403
2026-09-16T18:00:27.682758+00:00,POST,/tienda1/publico/caracteristicas.jsp,0.9974696317438146,0.44,BLOQUEADA,403
2026-09-16T18:00:27.731461+00:00,POST,/tienda1/publico/anadir.jsp,0.9972330810985901,0.44,BLOQUEADA,403
2026-09-16T18:00:27.779189+00:00,GET,/tienda1/publico/caracteristicas.jsp,0.996305010889573,0.44,BLOQUEADA,403
2026-09-16T18:00:27.826340+00:00,GET,/tienda1/publico/registro.jsp,0.9992494353289935,0.44,BLOQUEADA,403
2026-09-16T18:00:27.875845+00:00,GET,/tienda1/publico/entrar.jsp,0.9967453389491633,0.44,BLOQUEADA,403
2026-09-16T18:00:27.922676+00:00,GET,/tienda1/imagenes/2.gif/6909030637832563290.jsp.OLD,0.9958743646273434,0.44,BLOQUEADA,403
2026-09-16T18:00:27.970093+00:00,GET,/tienda1/publico/entrar.jsp,0.9968202253302326,0.44,BLOQUEADA,403
2026-09-16T18:00:28.016188+00:00,GET,/tienda1/asf-logo-wide.BAK,0.9959742744388257,0.44,BLOQUEADA,403
2026-09-16T18:00:28.062524+00:00,POST,/tienda1/publico/vaciar.jsp,0.9995151974208408,0.44,BLOQUEADA,403
2026-09-16T18:00:28.108760+00:00,GET,/tienda1/miembros/imagenes/castro.jpg,0.996070587356592,0.44,BLOQUEADA,403
2026-09-16T18:00:28.156113+00:00,GET,/tienda1/publico/registro.jsp,0.9992371915125337,0.44,BLOQUEADA,403
2026-09-16T18:00:28.206898+00:00,GET,/tienda1/publico/vaciar.jsp,0.9995111742105379,0.44,BLOQUEADA,403
2026-09-16T18:00:28.256421+00:00,GET,/tienda1/imagenes/1.gif,0.9962086635023061,0.44,BLOQUEADA,403
2026-09-16T18:00:28.303829+00:00,POST,/tienda1/publico/caracteristicas.jsp,0.997766499194217,0.44,BLOQUEADA,403
2026-09-16T18:00:28.351017+00:00,GET,/tienda1/publico/vaciar.jsp,0.9969160546194056,0.44,BLOQUEADA,403
2026-09-16T18:00:28.398364+00:00,GET,/tienda1/publico/vaciar.jsp,0.996960572387746,0.44,BLOQUEADA,403
2026-09-16T18:00:28.445591+00:00,GET,/tienda1/imagenes/1.gif/,0.9963816134605374,0.44,BLOQUEADA,403
2026-09-16T18:00:28.492146+00:00,GET,/tienda1/miembros/imagenes/zarauz.jpg,0.996422975775147,0.44,BLOQUEADA,403
2026-09-16T18:00:28.538240+00:00,GET,/tienda1/miembros/index.jsp,0.9964636208460254,0.44,BLOQUEADA,403
2026-09-16T18:00:28.584165+00:00,GET,/tienda1/publico/miembros.jsp,0.9965035643442663,0.44,BLOQUEADA,403
2026-09-16T18:00:28.630530+00:00,GET,/tienda1/imagenes/cmenbul.gif,0.9965428215367977,0.44,BLOQUEADA,403
2026-09-16T18:00:28.677457+00:00,GET,/tienda1/publico/caracteristicas.jsp,0.9970044487596665,0.44,BLOQUEADA,403
2026-09-16T18:00:28.724267+00:00,GET,/tienda1/imagenes/cmenbul.gif,0.9966193361220731,0.44,BLOQUEADA,403
2026-09-16T18:00:28.770463+00:00,GET,/tienda1/publico/caracteristicas.jsp,0.9970669243987992,0.44,BLOQUEADA,403
2026-09-16T18:00:28.816660+00:00,GET,/tienda1/global/estilos.css,0.9966932790931914,0.44,BLOQUEADA,403
2026-09-16T18:00:28.863225+00:00,GET,/tienda1/miembros/salir.jsp,0.9967293204207929,0.44,BLOQUEADA,403
2026-09-16T18:00:28.909432+00:00,POST,/tienda1/publico/entrar.jsp,0.9979494364237929,0.44,BLOQUEADA,403
2026-09-16T18:00:28.956558+00:00,GET,/tienda1/publico/anadir.jsp,0.9984511090502053,0.44,BLOQUEADA,403
2026-09-16T18:00:29.002462+00:00,GET,/tienda1/publico/vaciar.jsp,0.9973399871684159,0.44,BLOQUEADA,403
2026-09-16T18:00:29.049489+00:00,GET,/tienda1/publico/miembros.jsp,0.9968675860576095,0.44,BLOQUEADA,403
2026-09-16T18:00:29.096935+00:00,GET,/tienda1/global/titulo.jsp,0.9969007389313516,0.44,BLOQUEADA,403
2026-09-16T18:00:29.143718+00:00,GET,/tienda1/publico/anadir.jsp,0.9985111136481912,0.44,BLOQUEADA,403
2026-09-16T18:00:29.190285+00:00,GET,/tienda1/miembros/editar.jsp,0.9995938895543092,0.44,BLOQUEADA,403
2026-09-16T18:00:29.238976+00:00,GET,/iissamples/ExAir/dfault.asp,0.9969969906854298,0.44,BLOQUEADA,403
2026-09-16T18:00:29.285719+00:00,GET,/tienda1/imagenes/2.gif,0.9970280421921658,0.44,BLOQUEADA,403
2026-09-16T18:00:29.331744+00:00,GET,/tienda1/publico/entrar.jsp,0.9982281482209862,0.44,BLOQUEADA,403
2026-09-16T18:00:29.378681+00:00,GET,/tienda1/miembros/imagenes/ogono.jpg,0.9970886595737594,0.44,BLOQUEADA,403
2026-09-16T18:00:29.425210+00:00,POST,/tienda1/publico/pagar.jsp,0.9995340504338863,0.44,BLOQUEADA,403
2026-09-16T18:00:29.470876+00:00,POST,/tienda1/publico/autenticar.jsp,0.9980625098930908,0.44,BLOQUEADA,403
2026-09-16T18:00:29.517777+00:00,GET,/tienda1/global/estilos.css,0.9971760205380172,0.44,BLOQUEADA,403
2026-09-16T18:00:29.563988+00:00,GET,/tienda1/imagenes/logo.gif,0.9972042282250286,0.44,BLOQUEADA,403
2026-09-16T18:00:29.610391+00:00,GET,/tienda1/global/titulo.jsp,0.9972319947903769,0.44,BLOQUEADA,403
2026-09-16T18:00:29.657534+00:00,GET,/tienda1/global/titulo.jsp,0.9972593290251885,0.44,BLOQUEADA,403
2026-09-16T18:00:29.703709+00:00,GET,/tienda1/miembros/fotos.jsp,0.9972862395114215,0.44,BLOQUEADA,403
2026-09-16T18:00:29.751335+00:00,GET,/asf-logo-wide.gif,0.9973127346275515,0.44,BLOQUEADA,403
2026-09-16T18:00:29.797557+00:00,GET,/tienda1/publico/vaciar.jsp,0.9977413042641438,0.44,BLOQUEADA,403
2026-09-16T18:00:29.844502+00:00,POST,/tienda1/miembros/editar.jsp,0.9975822605539081,0.44,BLOQUEADA,403
2026-09-16T18:00:29.891459+00:00,POST,/tienda1/publico/autenticar.jsp,0.9995411885951526,0.44,BLOQUEADA,403
2026-09-16T18:00:29.938404+00:00,POST,/tienda1/publico/autenticar.jsp,0.9982395279580433,0.44,BLOQUEADA,403
2026-09-16T18:00:29.986274+00:00,POST,/tienda1/publico/entrar.jsp,0.9982658565552683,0.44,BLOQUEADA,403
2026-09-16T18:00:30.034172+00:00,GET,/tienda1/publico/registro.jsp,0.9993919856847993,0.44,BLOQUEADA,403
2026-09-16T18:00:30.085519+00:00,POST,/tienda1/publico/anadir.jsp,0.9994644372418193,0.44,BLOQUEADA,403
2026-09-16T18:00:30.134834+00:00,GET,/tienda1/publico/registro.jsp,0.9993530410744719,0.44,BLOQUEADA,403
2026-09-16T18:00:30.187817+00:00,POST,/tienda1/publico/registro.jsp,0.9944794282399116,0.44,BLOQUEADA,403
2026-09-16T18:00:30.234674+00:00,POST,/tienda1/publico/pagar.jsp,0.9995460597790902,0.44,BLOQUEADA,403
2026-09-16T18:00:30.281430+00:00,POST,/tienda1/miembros/editar.jsp,0.9976973295894593,0.44,BLOQUEADA,403
2026-09-16T18:00:30.327865+00:00,GET,/tienda1/asf-logo-wide.bak,0.997601071985539,0.44,BLOQUEADA,403
2026-09-16T18:00:30.374283+00:00,GET,/tienda1/publico/entrar.jsp,0.9980731658291052,0.44,BLOQUEADA,403
2026-09-16T18:00:30.421205+00:00,GET,/msadc/adcvbs.inc,0.9976443043876295,0.44,BLOQUEADA,403
2026-09-16T18:00:30.467391+00:00,GET,/tienda1/publico/caracteristicas.jsp,0.9995835203395899,0.44,BLOQUEADA,403
2026-09-16T18:00:30.514801+00:00,GET,/_cti_pvt/dectodep.btr,0.9976862937596592,0.44,BLOQUEADA,403
2026-09-16T18:00:30.562546+00:00,GET,/tienda1/publico/registro.jsp,0.9993920191257917,0.44,BLOQUEADA,403
2026-09-16T18:00:30.611307+00:00,GET,/tienda1/imagenes/1.gif,0.997727085766024,0.44,BLOQUEADA,403
2026-09-16T18:00:30.658542+00:00,POST,/tienda1/miembros/editar.jsp,0.9995370823616891,0.44,BLOQUEADA,403
2026-09-16T18:00:30.706352+00:00,GET,/tienda1/miembros/editar.jsp,0.9995993118602283,0.44,BLOQUEADA,403
2026-09-16T18:00:30.756765+00:00,GET,/tienda1/publico/miembros.jsp,0.9977861236792456,0.44,BLOQUEADA,403
2026-09-16T18:00:30.805421+00:00,GET,/tienda1/miembros/imagenes/ogono.jpg,0.9978052503804015,0.44,BLOQUEADA,403
2026-09-16T18:00:30.852528+00:00,POST,/tienda1/publico/entrar.jsp,0.9984815525670417,0.44,BLOQUEADA,403
2026-09-16T18:00:30.898293+00:00,GET,/tienda1/imagenes/logo.gif,0.9978427046575773,0.44,BLOQUEADA,403
2026-09-16T18:00:30.945302+00:00,GET,/asf-logo-wide.gif/.Old,0.9978610417831184,0.44,BLOQUEADA,403
2026-09-16T18:00:30.991905+00:00,GET,/tienda1/publico/caracteristicas.jsp,0.9990194766229769,0.44,BLOQUEADA,403
2026-09-16T18:00:31.040142+00:00,POST,/tienda1/publico/vaciar.jsp,0.9985572886480681,0.44,BLOQUEADA,403
2026-09-16T18:00:31.087284+00:00,GET,/tienda1/miembros/imagenes/castro.jpg/asf-logo-wide,0.9979145482545807,0.44,BLOQUEADA,403
2026-09-16T18:00:31.133112+00:00,GET,/tienda1/imagenes/1.gif,0.9979318968550581,0.44,BLOQUEADA,403
2026-09-16T18:00:31.180064+00:00,GET,/tienda1/miembros/fotos.jsp,0.9979490091469578,0.44,BLOQUEADA,403
2026-09-16T18:00:31.226532+00:00,GET,/tienda1/miembros/imagenes/zarauz.jpg,0.997965889275373,0.44,BLOQUEADA,403
2026-09-16T18:00:31.272790+00:00,GET,/tienda1/publico/anadir.jsp,0.9988854472184335,0.44,BLOQUEADA,403
2026-09-16T18:00:31.320028+00:00,GET,/tienda1/imagenes/1.gif,0.9979989691841095,0.44,BLOQUEADA,403
2026-09-16T18:00:31.365900+00:00,GET,/tienda1/publico/anadir.jsp,0.9989145407491482,0.44,BLOQUEADA,403
2026-09-16T18:00:31.412125+00:00,GET,/tienda1/imagenes/nuestratierra.jpg,0.9980311680198145,0.44,BLOQUEADA,403
2026-09-16T18:00:31.459352+00:00,GET,/tienda1/imagenes/logo.gif,0.9980469465004089,0.44,BLOQUEADA,403
2026-09-16T18:00:31.505723+00:00,GET,/tienda1/publico/autenticar.jsp,0.9989033140201726,0.44,BLOQUEADA,403
2026-09-16T18:00:31.551791+00:00,GET,/tienda1/imagenes/1.gif,0.9980778798296879,0.44,BLOQUEADA,403
2026-09-16T18:00:31.598239+00:00,GET,/tienda1/imagenes/nuestratierra.jpg,0.998093041748723,0.44,BLOQUEADA,403
2026-09-16T18:00:31.646754+00:00,GET,/tienda1/publico/vaciar.jsp,0.9985346624971057,0.44,BLOQUEADA,403
2026-09-16T18:00:31.694185+00:00,POST,/tienda1/miembros/editar.jsp,0.9983214021081266,0.44,BLOQUEADA,403
2026-09-16T18:00:31.741110+00:00,GET,/tienda1/imagenes/logo.gif,0.9981373494266261,0.44,BLOQUEADA,403
2026-09-16T18:00:31.787359+00:00,GET,/tienda1/global/estilos.css/,0.9981517369156467,0.44,BLOQUEADA,403
2026-09-16T18:00:31.835086+00:00,GET,/tienda1/publico/pagar.jsp,0.9995540681448678,0.44,BLOQUEADA,403
2026-09-16T18:00:31.882304+00:00,POST,/tienda1/publico/vaciar.jsp,0.9986210890272893,0.44,BLOQUEADA,403
2026-09-16T18:00:31.929922+00:00,POST,/tienda1/publico/entrar.jsp,0.9995698006900614,0.44,BLOQUEADA,403
2026-09-16T18:00:31.975806+00:00,GET,/tienda1/publico/anadir.jsp,0.998977154014402,0.44,BLOQUEADA,403
2026-09-16T18:00:32.022770+00:00,GET,/tienda1/miembros/salir.jsp,0.9982209518508525,0.44,BLOQUEADA,403
2026-09-16T18:00:32.068296+00:00,POST,/tienda1/publico/caracteristicas.jsp,0.9987644615747494,0.44,BLOQUEADA,403
2026-09-16T18:00:32.114590+00:00,GET,/tienda1/imagenes/1.gif,0.9982474224241087,0.44,BLOQUEADA,403
2026-09-16T18:00:32.161080+00:00,GET,/tienda1/global/estilos.css,0.9982604085482759,0.44,BLOQUEADA,403
2026-09-16T18:00:32.207938+00:00,POST,/tienda1/miembros/editar.jsp,0.9984778090625402,0.44,BLOQUEADA,403
2026-09-16T18:00:32.254584+00:00,GET,/tienda1/imagenes/cmenbul.gif,0.9982858958770036,0.44,BLOQUEADA,403
2026-09-16T18:00:32.301119+00:00,GET,/tienda1/publico/anadir.jsp,0.999075781184603,0.44,BLOQUEADA,403
2026-09-16T18:00:32.348517+00:00,GET,/tienda1/publico/carrito.jsp/6909030637832563290.jsp.BAK,0.998310753906598,0.44,BLOQUEADA,403
2026-09-16T18:00:32.395933+00:00,GET,/tienda1/global/estilos.css,0.9983229532168906,0.44,BLOQUEADA,403
2026-09-16T18:00:32.442887+00:00,GET,/tienda1/publico/anadir.jsp,0.9990888575911369,0.44,BLOQUEADA,403
2026-09-16T18:00:32.490227+00:00,GET,/tienda1/publico/autenticar.jsp,0.9995781084624817,0.44,BLOQUEADA,403
2026-09-16T18:00:32.538241+00:00,GET,/tienda1/imagenes/logo.gif/,0.9983586613203038,0.44,BLOQUEADA,403
2026-09-16T18:00:32.585468+00:00,GET,/tienda1/imagenes/cmenbul.gif,0.9983702751932642,0.44,BLOQUEADA,403
2026-09-16T18:00:32.633018+00:00,POST,/tienda1/publico/vaciar.jsp,0.9988287334725693,0.44,BLOQUEADA,403
2026-09-16T18:00:32.679482+00:00,GET,/tienda1/miembros/index.jsp,0.9983930832329178,0.44,BLOQUEADA,403
2026-09-16T18:00:32.728248+00:00,GET,/tienda1/publico/anadir.jsp,0.9990654855649413,0.44,BLOQUEADA,403
2026-09-16T18:00:32.776690+00:00,GET,/tienda1/miembros/editar.jsp,0.9994450908809573,0.44,BLOQUEADA,403
2026-09-16T18:00:32.828044+00:00,GET,/tienda1/imagenes/nuestratierra.jpg/.Inc,0.9984262784238058,0.44,BLOQUEADA,403
2026-09-16T18:00:32.874770+00:00,GET,/tienda1/global/menum.jsp,0.9984370806756843,0.44,BLOQUEADA,403
2026-09-16T18:00:32.920763+00:00,GET,/tienda1/publico/caracteristicas.jsp,0.9985816974797924,0.44,BLOQUEADA,403
2026-09-16T18:00:32.967448+00:00,GET,/tienda1/publico/registro.jsp,0.9994629719747294,0.44,BLOQUEADA,403
2026-09-16T18:00:33.015927+00:00,POST,/tienda1/publico/autenticar.jsp,0.9988489474115846,0.44,BLOQUEADA,403
2026-09-16T18:00:33.062416+00:00,POST,/tienda1/publico/entrar.jsp,0.9988661386999294,0.44,BLOQUEADA,403
2026-09-16T18:00:33.108898+00:00,GET,/tienda1/publico/anadir.jsp,0.9991000675560168,0.44,BLOQUEADA,403
2026-09-16T18:00:33.156113+00:00,GET,/tienda1/global/creditos.jsp/,0.9984992727475948,0.44,BLOQUEADA,403
2026-09-16T18:00:33.203046+00:00,GET,/tienda1/imagenes/2.gif,0.9985092186635921,0.44,BLOQUEADA,403
2026-09-16T18:00:33.249581+00:00,GET,/tienda1/miembros/editar.jsp,0.9994570019293862,0.44,BLOQUEADA,403
2026-09-16T18:00:33.299881+00:00,GET,/tienda1/miembros/fotos.jsp,0.9985287670648892,0.44,BLOQUEADA,403
2026-09-16T18:00:33.347311+00:00,GET,/tienda1/imagenes/nuestratierra.jpg,0.9985383729599263,0.44,BLOQUEADA,403
2026-09-16T18:00:33.394979+00:00,POST,/tienda1/publico/vaciar.jsp,0.9989261691023896,0.44,BLOQUEADA,403
2026-09-16T18:00:33.444184+00:00,GET,/tienda1/asf-logo-wide.gif,0.9985572564302757,0.44,BLOQUEADA,403
2026-09-16T18:00:33.494040+00:00,GET,/tienda1/publico/anadir.jsp,0.9991225994354365,0.44,BLOQUEADA,403
2026-09-16T18:00:33.542992+00:00,GET,/tienda1/miembros/salir.jsp,0.9985757128464479,0.44,BLOQUEADA,403
2026-09-16T18:00:33.590133+00:00,GET,/tienda1/global/menum.jsp,0.9985847848151232,0.44,BLOQUEADA,403
2026-09-16T18:00:33.636624+00:00,GET,/tienda1/imagenes/1.gif/.bak,0.9985937546511175,0.44,BLOQUEADA,403
2026-09-16T18:00:33.683770+00:00,POST,/tienda1/publico/caracteristicas.jsp,0.9989739842925233,0.44,BLOQUEADA,403
